"draw","beta0_raw","beta1","beta2","lambda_min","lambda_median","lambda_max","log_lambda_mean","log_lambda_median","prop_at_lower","prop_at_upper","prop_nonfinite","beta0_plus_mean_log_lambda","beta0_plus_median_log_lambda","beta0_ident","lambda_ident_median","lambda_ident_max","lambda_ident_log_colmean_abs_mean"
1,-8.12843470699964,0.526572231342017,-0.430529452658273,1.97754711920912e-10,1.01951882943542,997092.439239947,5.1365547617779e-16,0.0193306663146774,0,0,0,-8.12843470699964,-8.10910404068496,-8.12843470699964,1.01951882943542,997092.439239943,1.81521464526213e-16
2,-7.88073479180756,0.50738907806939,-0.402450916012967,1.4628216487017e-10,1.0371015138366,75885.7396827867,4.6364147089485e-16,0.0364296066086758,0,0,0,-7.88073479180756,-7.84430518519888,-7.88073479180756,1.0371015138366,75885.7396827864,3.9957235051544e-16
3,-7.67823192307193,0.527847539535499,-0.418705140218953,5.26967949006379e-11,1.04488538655551,455443.100638934,3.16105166733552e-18,0.043905489258279,0.0255555555555556,0,0,-7.67823192307193,-7.63432643381365,-7.67823192307193,1.04488538655551,455443.100638933,4.83255410996561e-17
4,-7.55728715480147,0.47640092004664,-0.440654391376551,3.06246803694972e-10,1.02837109744946,87796.434663154,3.74515233640219e-16,0.0279760908506668,0,0,0,-7.55728715480147,-7.52931106395081,-7.55728715480147,1.02837109744946,87796.4346631537,2.88380430646384e-16
5,-7.84589328182965,0.539133807589233,-0.405536802379576,6.2771395350325e-11,1.0652912618738,32237.8145653965,1.70357555223038e-16,0.0632480293384281,0.0177777777777778,0,0,-7.84589328182965,-7.78264525249123,-7.84589328182965,1.0652912618738,32237.8145653965,7.04991620636974e-17
6,-7.7742946848867,0.503736202630318,-0.433257267109448,8.07084768896367e-11,1.04621119059157,935658.736888544,1.467884455961e-16,0.0451747213191585,0.0255555555555556,0,0,-7.7742946848867,-7.72911996356754,-7.7742946848867,1.04621119059157,935658.736888543,1.76299946863523e-16
7,-7.36441156904004,0.525683334502953,-0.410477004820216,1.99923663889352e-09,1.03196524335833,30439.2746378261,7.44466217068091e-17,0.0314649460918161,0,0,0,-7.36441156904004,-7.33294662294823,-7.36441156904004,1.03196524335833,30439.2746378261,1.11839549966754e-16
8,-7.69227969231357,0.508435853238511,-0.388483572496698,2.15222576765091e-11,1.03017021479846,351499.921939352,-1.50065145495167e-16,0.0297236605139624,0.0144444444444444,0,0,-7.69227969231357,-7.66255603179961,-7.69227969231357,1.03017021479846,351499.921939352,6.72571566341497e-17
9,-7.64229191191806,0.508436641232058,-0.386803935488235,2.32471871637649e-10,1.05627220330819,18102.0536422127,-4.31753398465339e-18,0.0547445443581526,0,0,0,-7.64229191191806,-7.58754736755991,-7.64229191191806,1.05627220330819,18102.0536422127,4.93952872431751e-17
10,-7.88531690427524,0.568056037849834,-0.422473939521391,2.12223247717434e-10,1.03412417431626,640847.101138435,4.57303947795948e-16,0.0335540068661276,0,0,0,-7.88531690427524,-7.85176289740911,-7.88531690427524,1.03412417431626,640847.101138433,3.92741394961149e-17
11,-7.34141723180381,0.564507454731372,-0.422125472901386,6.12713747177105e-10,1.04029025249943,12124.8990424619,-7.70988211545248e-17,0.0394995684542693,0,0,0,-7.34141723180381,-7.30191766334954,-7.34141723180381,1.04029025249943,12124.8990424619,5.93352527605223e-17
12,-7.85578509920234,0.547173425155956,-0.387768105736028,1.07255413579519e-10,1.03816039691549,315657.018339235,3.95362754880403e-16,0.0374497554215399,0,0,0,-7.85578509920234,-7.8183353437808,-7.85578509920234,1.03816039691549,315657.018339234,2.76052329143776e-16
13,-7.88825681339133,0.538785012010237,-0.42659812550261,2.03152654498504e-10,1.04146832777274,2516952.87368297,3.11525496756973e-16,0.0406315354715327,0,0,0,-7.88825681339133,-7.8476252779198,-7.88825681339133,1.04146832777274,2516952.87368296,2.24257341092166e-16
14,-7.66422916281638,0.450705376717043,-0.358552674676913,1.72766185879701e-11,1.05049535109974,152591.010426785,4.18939574389457e-16,0.0492616896858747,0.02,0,0,-7.66422916281638,-7.6149674731305,-7.66422916281638,1.05049535109974,152591.010426785,1.29171364962291e-16
15,-7.73339263167518,0.465421551240085,-0.361232661442191,2.0105753626594e-10,1.05994333319859,22223.4557245483,7.21644966006352e-18,0.0582150527408184,0,0,0,-7.73339263167518,-7.67517757893437,-7.73339263167518,1.05994333319859,22223.4557245483,1.25763597067261e-16
16,-7.63602525260531,0.522663813460578,-0.437852229588485,1.8923624361741e-11,1.0242082049912,59086.8750190645,6.3436910045943e-17,0.0239197552642519,0.0122222222222222,0,0,-7.63602525260531,-7.61210549734106,-7.63602525260531,1.0242082049912,59086.8750190645,1.04037149265916e-16
17,-7.93196833599213,0.576639924410562,-0.374703963384394,1.90433578052214e-11,1.04136077956849,210385.038485896,2.62444387210002e-16,0.0405282921214446,0.02,0,0,-7.93196833599213,-7.89144004387068,-7.93196833599213,1.04136077956849,210385.038485895,1.99562588676372e-16
18,-7.99781762219111,0.496602208682097,-0.401681027722325,2.56138251514328e-11,1.02809994188241,347716.580371037,1.99631977615411e-16,0.0277117589583973,0.0177777777777778,0,0,-7.99781762219111,-7.97010586323271,-7.99781762219111,1.02809994188241,347716.580371036,7.41054594232003e-17
19,-8.14487114502935,0.595093755839103,-0.42548300509305,1.64357927673357e-10,1.06396323770069,1566017.89180721,1.0701316376248e-16,0.0620008364046578,0,0,0,-8.14487114502935,-8.08287030862469,-8.14487114502935,1.06396323770069,1566017.89180721,1.61629968668346e-16
20,-7.64758490511752,0.567275806808968,-0.41166577979543,1.61653701863978e-10,1.03042776567076,137577.297617128,3.86666007854173e-16,0.0299725584394693,0,0,0,-7.64758490511752,-7.61761234667805,-7.64758490511752,1.03042776567076,137577.297617128,2.69830454276606e-16
21,-7.64299214732978,0.552253881149792,-0.399061021730859,1.23962069049132e-10,1.05088746821353,19200.1093568775,-2.43508916734451e-16,0.0496350083233597,0,0,0,-7.64299214732978,-7.59335713900642,-7.64299214732978,1.05088746821353,19200.1093568775,1.89632260511669e-16
22,-7.82101499090019,0.596931110214528,-0.389229485748324,3.40887092292559e-10,1.02570342091754,105850.692021451,5.16438743621469e-16,0.0253785317037207,0,0,0,-7.82101499090019,-7.79563645919647,-7.82101499090019,1.02570342091754,105850.69202145,5.50431613868499e-16
23,-8.01902175815083,0.589900823576812,-0.428199982484159,2.59390044909211e-09,1.03609605433004,284666.295236479,1.81082001245632e-16,0.0354598559748898,0,0,0,-8.01902175815083,-7.98356190217594,-8.01902175815083,1.03609605433004,284666.295236478,2.23147118067541e-16
24,-7.49826454538131,0.515361232063692,-0.43422574281541,9.40131714677466e-12,1.02897731017653,41652.3938838825,-3.88886453903423e-17,0.0285653992792296,0.0111111111111111,0,0,-7.49826454538131,-7.46969914610208,-7.49826454538131,1.02897731017653,41652.3938838825,8.5065056850316e-17
25,-8.03494281570834,0.580405259883357,-0.396998290148477,8.75184199132345e-11,1.05795411006768,838782.379769744,2.92297050761034e-16,0.0563369580332141,0.0277777777777778,0,0,-8.03494281570834,-7.97860585767513,-8.03494281570834,1.05795411006768,838782.379769741,3.23306196629384e-16
26,-7.69049933046885,0.604692256080807,-0.368692027883255,3.63921896523044e-10,1.04655935638623,317720.532542711,4.27805938822227e-16,0.0455079111398472,0,0,0,-7.69049933046885,-7.644991419329,-7.69049933046885,1.04655935638623,317720.53254271,8.54717531319061e-17
27,-7.77862478304738,0.556523755206038,-0.320041122351342,1.69079095680397e-10,1.0644056415524,515019.927527882,-1.20613395814139e-16,0.0624165355101984,0,0,0,-7.77862478304738,-7.71620824753719,-7.77862478304738,1.0644056415524,515019.927527883,1.71606556125741e-16
28,-7.96633003400943,0.505983420330621,-0.451546738436649,3.51612073544317e-11,1.04285278642538,62839.6585107754,-6.85562717706034e-17,0.0419598849657806,0.0122222222222222,0,0,-7.96633003400943,-7.92437014904365,-7.96633003400943,1.04285278642538,62839.6585107754,3.81022374145661e-17
29,-7.52637423285913,0.502878345994928,-0.408862140289905,5.64886388101939e-10,1.04012100541689,141431.836374454,-4.4778995326548e-17,0.039336948599083,0,0,0,-7.52637423285913,-7.48703728426005,-7.52637423285913,1.04012100541689,141431.836374454,1.59779596960637e-16
30,-7.79244572535424,0.519323927854484,-0.370982468115633,3.99822909049628e-11,1.04270537077778,222183.863254054,2.68427255731593e-16,0.0418186528572685,0.0244444444444444,0,0,-7.79244572535424,-7.75062707249697,-7.79244572535424,1.04270537077778,222183.863254053,7.1590110383034e-17
31,-8.07650059393181,0.504960627985235,-0.404178264883182,7.69323241399604e-11,1.05552299075081,151180.399118342,2.53439244899154e-16,0.0540363315416763,0.0244444444444444,0,0,-8.07650059393181,-8.02246426239014,-8.07650059393181,1.05552299075081,151180.399118342,1.53673370325199e-16
32,-7.72078588745976,0.526334675561623,-0.393070510707254,8.31503180464533e-11,1.04136059059748,67540.1937453977,1.05363248989774e-16,0.0405280038034918,0.0211111111111111,0,0,-7.72078588745976,-7.68025788365627,-7.72078588745976,1.04136059059748,67540.1937453976,7.54026470891252e-17
33,-7.79874113178984,0.478212878189444,-0.430499032831396,2.40279272371571e-10,1.05343797757037,199324.503267109,2.68866719012174e-16,0.0520580972743113,0,0,0,-7.79874113178984,-7.74668303451553,-7.79874113178984,1.05343797757037,199324.503267109,5.03146906854429e-17
34,-7.66406680050429,0.521415775834581,-0.447446163837858,2.93722874740936e-12,1.04730495008585,78680.3051951643,1.37050864484283e-16,0.0462200355251004,0.0188888888888889,0,0,-7.66406680050429,-7.61784676497919,-7.66406680050429,1.04730495008585,78680.3051951643,1.60404097411989e-16
35,-7.73013509241114,0.495492770598042,-0.431603677774215,1.69262724593575e-09,1.04565650875353,246463.923182599,1.20089123830288e-16,0.0446447814675893,0,0,0,-7.73013509241114,-7.68549031094355,-7.73013509241114,1.04565650875353,246463.923182599,1.70010610527843e-16
36,-7.66029650232667,0.500550092843486,-0.350943979134827,7.15640474758919e-11,1.04092590460647,54196.5111888467,8.37601593022757e-17,0.0401103846528905,0.0233333333333333,0,0,-7.66029650232667,-7.62018611767378,-7.66029650232667,1.04092590460647,54196.5111888466,1.07082552701519e-16
37,-7.93508759665333,0.544160144886587,-0.343585989771317,9.67115164678461e-11,1.0520938243544,183451.651385506,3.01055476844188e-16,0.0507822692514537,0.0244444444444444,0,0,-7.93508759665333,-7.88430532740188,-7.93508759665333,1.0520938243544,183451.651385505,2.0472049981161e-16
38,-8.07575867350752,0.471911344099447,-0.359755177784837,6.29970653432347e-11,1.03094596492479,224962.102353093,2.78388423424758e-16,0.0304767929500194,0.0233333333333333,0,0,-8.07575867350752,-8.0452818805575,-8.07575867350752,1.03094596492479,224962.102353093,9.60959706869997e-17
39,-8.57845533374861,0.511489897315267,-0.385741896154882,6.3623128055237e-10,1.03075984604353,5567279.06500782,2.03294171620251e-16,0.0302962446865168,0,0,0,-8.57845533374861,-8.5481590890621,-8.57845533374861,1.03075984604353,5567279.06500781,1.38731618785452e-16
40,-7.88163255514384,0.568841592680918,-0.450035776040067,3.97287477364129e-12,1.03973937539982,151115.791816574,3.80868176503352e-16,0.0389700409530048,0.0211111111111111,0,0,-7.88163255514384,-7.84266251419083,-7.88163255514384,1.03973937539982,151115.791816573,1.25177646026486e-16
41,-7.79461298191861,0.567434155056182,-0.418843265739304,6.21497519368538e-11,1.03222327224481,214628.295756402,1.06211336022473e-16,0.0317149925445203,0.0255555555555556,0,0,-7.79461298191861,-7.76289798937409,-7.79461298191861,1.03222327224481,214628.295756402,8.2094824765338e-17
42,-7.68511544486869,0.542476741099148,-0.399673912211809,3.28302740484418e-11,1.06058994318723,109669.88897607,1.40196496387388e-16,0.0588248181441563,0.0244444444444444,0,0,-7.68511544486869,-7.62629062672453,-7.68511544486869,1.06058994318723,109669.888976069,6.64900233636622e-17
43,-7.96169212137643,0.563132075275204,-0.437384470402129,1.1780761256579e-10,1.01412208950886,199634.913438898,2.38605431709023e-16,0.0140232585686129,0,0,0,-7.96169212137643,-7.94766886280781,-7.96169212137643,1.01412208950886,199634.913438897,2.63616289291551e-16
44,-7.62849440715473,0.578979877741595,-0.430438851864203,1.24351483033619e-10,1.05376690163979,100945.491113415,1.57158237041383e-16,0.0523712690503678,0,0,0,-7.62849440715473,-7.57612313810436,-7.62849440715473,1.05376690163979,100945.491113414,6.94159236264764e-17
45,-7.90083136359429,0.557212474807761,-0.398075846755272,6.31858967779843e-11,1.03641098629202,179981.151177116,-1.27089696791119e-16,0.0357633357282216,0.0266666666666667,0,0,-7.90083136359429,-7.86506802786607,-7.90083136359429,1.03641098629202,179981.151177116,4.05462700451646e-17
46,-7.80628421224314,0.546234167624275,-0.428019015932512,4.89122579668554e-11,1.00831337795013,106597.545981117,6.59040723228878e-16,0.00827900585333598,0.0244444444444444,0,0,-7.80628421224314,-7.7980052063898,-7.80628421224314,1.00831337795013,106597.545981116,1.12163365015603e-16
47,-7.72722209862388,0.523607897251226,-0.361274877450511,1.23135803445883e-11,1.04626907435752,348140.297780553,1.22617965164156e-16,0.0452300705157817,0.00777777777777778,0,0,-7.72722209862388,-7.68199202810809,-7.72722209862388,1.04626907435752,348140.297780553,7.69754630406775e-17
48,-7.84814779558877,0.503251213000289,-0.411354531647057,4.3814320902528e-10,1.02748832290495,807907.741940709,1.00737319720502e-16,0.0271167433004511,0,0,0,-7.84814779558877,-7.82103105228832,-7.84814779558877,1.02748832290495,807907.741940708,9.41993396865984e-17
49,-7.84473094077359,0.571826026997128,-0.388852498947636,1.34839173847023e-09,1.05459368570634,1318640.32839537,2.76175687257623e-16,0.0531555475069196,0,0,0,-7.84473094077359,-7.79157539326667,-7.84473094077359,1.05459368570634,1318640.32839537,1.13967477430619e-16
50,-7.69326921652297,0.577486143107674,-0.416810587825382,1.3158174052076e-10,1.05514345503183,873765.914436788,-9.77613052239374e-17,0.0536767338937948,0,0,0,-7.69326921652297,-7.63959248262918,-7.69326921652297,1.05514345503183,873765.914436788,7.67441665772139e-17
51,-7.56718398511016,0.528734882220743,-0.383920604287798,1.4507385694384e-11,1.054967687689,32187.6357807973,2.86807614694832e-18,0.053507469910482,0.0211111111111111,0,0,-7.56718398511016,-7.51367651519968,-7.56718398511016,1.054967687689,32187.6357807973,5.73152636462737e-17
52,-7.53209264203974,0.537083480082134,-0.366431436264416,1.12674566995131e-10,1.05027129554496,8641.50626259453,-5.00371349292866e-17,0.0490485068190456,0,0,0,-7.53209264203974,-7.48304413522069,-7.53209264203974,1.05027129554496,8641.50626259453,7.97664403664713e-17
53,-7.72500281208033,0.552553495789408,-0.349103900784605,7.22802016974323e-10,1.0452824382829,60116.9399986372,-3.80559781218734e-17,0.0442871023580576,0,0,0,-7.72500281208033,-7.68071570972227,-7.72500281208033,1.0452824382829,60116.9399986372,1.3495377654888e-16
54,-8.09019692966616,0.537713663356063,-0.355726771394845,8.90645852641723e-11,1.01585463364641,204935.845496603,1.57836706667543e-16,0.0157302590047382,0.0144444444444444,0,0,-8.09019692966616,-8.07446667066142,-8.09019692966616,1.01585463364641,204935.845496602,1.9731130309866e-16
55,-7.57521560196395,0.534493918016784,-0.383420509304036,1.55974299415476e-09,1.0417327204059,103185.448555726,-1.86764184364721e-16,0.0408852258717019,0,0,0,-7.57521560196395,-7.53433037609225,-7.57521560196395,1.0417327204059,103185.448555726,1.0955742486058e-16
56,-7.77884029706316,0.530976796595361,-0.433782330005528,1.73365582373508e-12,1.04717797995545,58035.053352956,4.2785219811492e-16,0.0460968270926456,0.0177777777777778,0,0,-7.77884029706316,-7.73274346997052,-7.77884029706316,1.04717797995545,58035.0533529558,7.7545994317221e-17
57,-7.8501818318828,0.494764755997417,-0.406038102564808,4.31871252924264e-10,1.0277756727043,994488.811175978,-3.21347886572059e-16,0.027396728967838,0,0,0,-7.8501818318828,-7.82278510291496,-7.8501818318828,1.0277756727043,994488.811175981,1.4960255256824e-16
58,-7.84359751329319,0.494558777268465,-0.400449682177057,3.75993465249512e-11,1.03363195878275,321357.060640858,1.96386117244805e-16,0.033077833322815,0.0255555555555556,0,0,-7.84359751329319,-7.81051967997037,-7.84359751329319,1.03363195878275,321357.060640858,1.70619691214963e-16
59,-7.74072940117184,0.538747580614145,-0.400714198503231,5.52663349817992e-11,1.07558313869009,68898.7677187143,-1.94211930488248e-16,0.0728628967526705,0.0255555555555556,0,0,-7.74072940117184,-7.66786650441917,-7.74072940117184,1.07558313869009,68898.7677187144,9.54107549139888e-17
60,-7.59427456510332,0.474799549512439,-0.387041979688297,3.7676468573216e-09,1.02760840413038,144166.471414044,2.74564321895494e-16,0.0272341636753234,0,0,0,-7.59427456510332,-7.567040401428,-7.59427456510332,1.02760840413039,144166.471414044,1.50610619654835e-16
61,-7.82161455101205,0.544864800148047,-0.394182966885126,3.23740184601235e-10,1.04221041080652,271607.057960907,-2.91248506793333e-16,0.0413438442565101,0,0,0,-7.82161455101205,-7.78027070675554,-7.82161455101205,1.04221041080652,271607.057960908,2.13810450825728e-16
62,-7.84161877478131,0.501616073755946,-0.417421953482064,1.79742030168769e-10,1.04184417757295,634424.834597352,2.92358729817958e-17,0.0409922909758896,0,0,0,-7.84161877478131,-7.80062648380542,-7.84161877478131,1.04184417757295,634424.834597352,6.01486453237025e-17
63,-8.02862429931751,0.464322927828033,-0.400723623389082,3.40053492649534e-10,1.0415344814919,1467934.21395843,1.01708764867049e-16,0.0406950767305772,0,0,0,-8.02862429931751,-7.98792922258693,-8.02862429931751,1.0415344814919,1467934.21395843,1.96794740996924e-16
64,-7.68074994553717,0.501908022628544,-0.389594277024696,1.54223511351425e-11,1.03871654742684,65802.4351152225,2.2798121415393e-16,0.0379857896890027,0.0144444444444444,0,0,-7.68074994553717,-7.64276415584817,-7.68074994553717,1.03871654742684,65802.4351152225,1.51684220739412e-16
65,-7.72964926417398,0.472636395120678,-0.358336301702763,1.1716741089664e-10,1.03896017689272,330091.997061835,3.57337616286991e-16,0.0382203672473494,0,0,0,-7.72964926417398,-7.69142889692663,-7.72964926417398,1.03896017689272,330091.997061833,1.19225617033357e-16
66,-7.98777105004486,0.4464752437581,-0.320829003618397,6.97232057176258e-10,1.01374453554204,2592416.12711953,5.23809390923841e-16,0.0136508417040612,0,0,0,-7.98777105004486,-7.9741202083408,-7.98777105004486,1.01374453554204,2592416.12711952,1.04908365944962e-16
67,-7.90858081233948,0.442571869502866,-0.378389414233371,2.09350118413249e-10,1.04194384788272,173572.813931701,-2.43940670132916e-16,0.0410880504949483,0,0,0,-7.90858081233948,-7.86749276184454,-7.90858081233948,1.04194384788272,173572.813931701,1.84204503502391e-16
68,-7.66449104686816,0.505819208409616,-0.404543444627945,7.11476655436419e-11,1.01334240617567,274112.646993498,-1.76340423744629e-16,0.0132541352102761,0.0244444444444444,0,0,-7.66449104686816,-7.65123691165789,-7.66449104686816,1.01334240617567,274112.646993498,8.91262372546306e-17
69,-8.01976331392511,0.513055169839648,-0.403343377943621,1.61202817186576e-09,1.03414304359282,207876.736026335,-1.36249036744276e-16,0.0335729048330134,0,0,0,-8.01976331392511,-7.9861904090921,-8.01976331392511,1.03414304359282,207876.736026335,7.65822590527894e-17
70,-7.74172532680094,0.548953947082948,-0.386327384834928,2.15629103684296e-10,1.0438649520271,162768.745572794,-2.03540887847945e-18,0.0429301113583778,0,0,0,-7.74172532680094,-7.69879521544257,-7.74172532680094,1.0438649520271,162768.745572794,2.91216703529606e-17
71,-7.86139589740343,0.577217684213169,-0.44967548573965,3.71062649790013e-11,1.03467291263957,697017.156444758,6.70513027816671e-16,0.0340853495831039,0.0255555555555556,0,0,-7.86139589740343,-7.82731054782033,-7.86139589740343,1.03467291263957,697017.156444754,2.38111999253634e-16
72,-7.39429321813425,0.533478656552184,-0.33223534098188,9.5639749961364e-12,1.02656671883981,2885.36780021345,-1.06951484705557e-16,0.0262199510298237,0.0144444444444444,0,0,-7.39429321813425,-7.36807326710443,-7.39429321813425,1.02656671883981,2885.36780021346,1.0108040947464e-16
73,-7.9507652425724,0.490318411188746,-0.389558791266865,5.18704123229507e-11,1.06800828908087,916450.708228784,1.94289029309402e-17,0.0657953424650903,0.0255555555555556,0,0,-7.9507652425724,-7.88496990010731,-7.9507652425724,1.06800828908087,916450.708228784,5.9211894646675e-17
74,-7.41161271032435,0.495670920521735,-0.348888500000204,2.83357778534711e-11,1.04354474631719,39558.3037150561,1.31684786531928e-16,0.0426233260277076,0.0144444444444444,0,0,-7.41161271032435,-7.36898938429664,-7.41161271032435,1.04354474631719,39558.303715056,5.39768846902828e-17
75,-7.84684696066125,0.515075603286694,-0.357730878201859,4.335312706096e-10,1.01541647202999,296986.342730466,2.87547763377916e-16,0.0152987994114282,0,0,0,-7.84684696066125,-7.83154816124982,-7.84684696066125,1.01541647202999,296986.342730465,2.15629983004975e-16
76,-7.77009195983844,0.519439433297786,-0.379905946583876,8.24996633080719e-11,1.0380424011559,260546.737548682,3.34053772298325e-16,0.0373361801739727,0.0155555555555556,0,0,-7.77009195983844,-7.73275577966447,-7.77009195983844,1.0380424011559,260546.737548681,1.35218321878967e-16
77,-7.58468323430921,0.535210314510676,-0.376698078463663,1.16006349056676e-10,1.04772129952182,144563.587460348,-3.42164568283781e-17,0.0466176035318592,0,0,0,-7.58468323430921,-7.53806563077736,-7.58468323430921,1.04772129952182,144563.587460348,9.94651891714524e-17
78,-7.61688704598092,0.491546631604895,-0.392319756153278,3.78261030353369e-11,1.0685568151181,103043.754517625,3.41501518421852e-16,0.0663089602574869,0.0255555555555556,0,0,-7.61688704598092,-7.55057808572343,-7.61688704598092,1.0685568151181,103043.754517624,8.15088737245636e-17
79,-7.56036167943963,0.489533790082499,-0.406222455412702,1.20131461774433e-11,1.00511030281519,7659.89921793438,1.61514320436614e-16,0.0050972849924362,0.00888888888888889,0,0,-7.56036167943963,-7.5552643944472,-7.56036167943963,1.00511030281519,7659.89921793437,1.18462338703927e-16
80,-7.73087130936289,0.489881862957642,-0.35316800018471,8.79447583660379e-11,1.03858549128378,466746.526520104,4.03072636995855e-17,0.0378596589112522,0.0277777777777778,0,0,-7.73087130936289,-7.69301165045163,-7.73087130936289,1.03858549128378,466746.526520104,7.06610695881219e-17
81,-7.79927500851176,0.51168105257974,-0.397151087777,3.33666625586546e-10,1.05554080992508,300418.117906608,4.71844785465692e-17,0.0540532129038012,0,0,0,-7.79927500851176,-7.74522179560796,-7.79927500851176,1.05554080992508,300418.117906608,1.05340119343427e-16
82,-7.54271938470682,0.617803093542725,-0.447255053781643,8.46873606263601e-10,1.02789119510594,310068.352885078,-3.45711114056889e-16,0.0275092713076386,0,0,0,-7.54271938470682,-7.51521011339918,-7.54271938470682,1.02789119510594,310068.352885079,6.75586130248639e-16
83,-7.73181742446198,0.55633553330566,-0.415987480028183,1.16805803009987e-10,1.03797273319851,59467.0336582445,6.04701474079169e-16,0.0372694523790144,0,0,0,-7.73181742446198,-7.69454797208297,-7.73181742446198,1.03797273319851,59467.0336582442,2.12638548744179e-16
84,-7.45121156742109,0.535577779078227,-0.389806561181111,2.89721578348357e-12,1.02052017444445,1407.26937415358,3.63505521979353e-16,0.0203123874808553,0.00777777777777778,0,0,-7.45121156742109,-7.43089917994024,-7.45121156742109,1.02052017444445,1407.26937415358,4.49139182635684e-17
85,-7.94307082030879,0.548434397744027,-0.381549708257135,1.1563847291432e-10,1.011574304506,337800.049500466,4.49640324973188e-17,0.011507834609123,0,0,0,-7.94307082030879,-7.93156298569967,-7.94307082030879,1.011574304506,337800.049500466,1.22459912580789e-16
86,-7.770852013848,0.514255359141888,-0.452467334470648,2.00773818011764e-10,1.04921210776817,265499.214630213,4.50133757428577e-16,0.0480393956839465,0,0,0,-7.770852013848,-7.72281261816406,-7.770852013848,1.04921210776817,265499.214630212,4.28484408448387e-16
87,-7.42575552992058,0.453124702261005,-0.341881344812742,4.4347689376893e-11,1.04717515495821,14510.7462294753,1.33034015902132e-16,0.0460961884850752,0.0122222222222222,0,0,-7.42575552992058,-7.3796593414355,-7.42575552992058,1.04717515495821,14510.7462294753,6.58655229123105e-17
88,-7.77081604250759,0.479815091733301,-0.376699932443335,5.59727985466588e-10,1.02250026778524,385560.850544404,-1.98606563294056e-17,0.0222508672971307,0,0,0,-7.77081604250759,-7.74856517521046,-7.77081604250759,1.02250026778524,385560.850544404,6.52564422251898e-17
89,-7.77222101763815,0.441623743995206,-0.372998614608664,2.8462424312486e-11,1.0328784340379,539563.126012052,-1.00018373213236e-16,0.0323494689701265,0.0244444444444444,0,0,-7.77222101763815,-7.73987154866802,-7.77222101763815,1.0328784340379,539563.126012052,7.16498619694287e-17
90,-7.80694233340373,0.493965368998552,-0.414993325006148,1.8485752771165e-11,1.05645410072374,106768.773329595,4.82869916890789e-17,0.0549180915087059,0.0222222222222222,0,0,-7.80694233340373,-7.75202424189502,-7.80694233340373,1.05645410072374,106768.773329595,1.0538637863612e-16
91,-8.03575457980903,0.577986408971366,-0.395251128421983,2.92956424665751e-11,1.06801271566118,40646.1460375869,-6.62433071359677e-17,0.0657995878698139,0.0222222222222222,0,0,-8.03575457980903,-7.96995499193922,-8.03575457980903,1.06801271566118,40646.146037587,8.92226107810738e-17
92,-7.90566583190427,0.48716633680428,-0.403810190926568,3.19696982454694e-10,1.04938289933405,588255.177060472,6.78384817456548e-16,0.0482017058374448,0,0,0,-7.90566583190427,-7.85746412606683,-7.90566583190427,1.04938289933405,588255.177060469,1.69787023946494e-16
93,-7.78565024541304,0.505134183119805,-0.366810931383329,2.02113900818688e-10,1.0375801424865,536504.134418493,-1.04360964314765e-16,0.0368910803648405,0,0,0,-7.78565024541304,-7.7487591650482,-7.78565024541304,1.0375801424865,536504.134418494,9.34900305319767e-17
94,-7.3556976067654,0.480892701415662,-0.442925771949655,2.68471288143569e-13,0.99626963418346,3082.91944088528,2.44464942116767e-16,-0.00373734754262074,0.00222222222222222,0,0,-7.3556976067654,-7.35943495430802,-7.3556976067654,0.99626963418346,3082.91944088527,1.39117112891224e-16
95,-7.83543563634228,0.50783629859644,-0.341755959215031,5.16371214662149e-11,1.07409446946393,66595.7519835653,-1.30805859970767e-16,0.0714779432264782,0.0166666666666667,0,0,-7.83543563634228,-7.7639576931158,-7.83543563634228,1.07409446946393,66595.7519835654,1.44390672258194e-16
96,-7.79414362018972,0.466840995539261,-0.416632256205985,9.45768575554933e-10,1.04652119870345,156419.986245336,-2.3940725944903e-16,0.0454715129400487,0,0,0,-7.79414362018972,-7.74867210724967,-7.79414362018972,1.04652119870345,156419.986245337,1.92114842552845e-16
97,-7.94350297593864,0.553099364351817,-0.423293043813284,2.3200914224119e-10,1.05688153787626,1299450.03218875,7.9232916524082e-16,0.0553184838559058,0,0,0,-7.94350297593864,-7.88818449208273,-7.94350297593864,1.05688153787626,1299450.03218874,2.00318157123686e-16
98,-8.13055767033128,0.51404484491819,-0.425841930944579,6.82575437114129e-11,1.05698574825464,6522977.96638923,2.20811023786559e-16,0.0554212131221179,0.0222222222222222,0,0,-8.13055767033128,-8.07513645720916,-8.13055767033128,1.05698574825464,6522977.96638922,1.37898951516983e-16
99,-7.75292525968751,0.477882132631064,-0.446334222458318,5.48364066657857e-11,1.05799514696802,38735.2042717265,-4.69994413757983e-17,0.0563757356638599,0.0222222222222222,0,0,-7.75292525968751,-7.69654952402365,-7.75292525968751,1.05799514696802,38735.2042717264,8.55796914815225e-17
100,-7.47753521973563,0.51378444754425,-0.395179450619803,7.63339253670626e-12,1.04907008022289,6936.12437969416,3.30661424167526e-16,0.0479041297431861,0.00333333333333333,0,0,-7.47753521973563,-7.42963108999245,-7.47753521973563,1.04907008022289,6936.12437969414,2.79976659140541e-16
101,-7.65611681471793,0.509143670829464,-0.423095068521699,1.67963826711589e-10,1.05395079547198,70883.7003070639,-2.64726512316176e-16,0.0525454802763428,0,0,0,-7.65611681471793,-7.60357133444159,-7.65611681471793,1.05395079547198,70883.700307064,2.00333576887917e-16
102,-7.92806591846847,0.534322180333391,-0.406099626723468,3.08355508804544e-10,1.04879863972307,118824.631702074,1.56109693073682e-16,0.0476453554900445,0,0,0,-7.92806591846847,-7.88042056297842,-7.92806591846847,1.04879863972307,118824.631702074,1.31869823702699e-16
103,-7.64476044859716,0.519524970668746,-0.416006272007888,4.95439175507688e-10,1.04555779446657,47884.1386208641,-1.55847557081756e-16,0.0445499403228256,0,0,0,-7.64476044859716,-7.60021050827433,-7.64476044859716,1.04555779446657,47884.1386208642,7.47704367556581e-17
104,-7.88219251195799,0.517725825933792,-0.402461130400055,2.99832807199695e-10,1.03833265947883,1224569.94136113,-4.50873906111661e-17,0.0376162127579614,0,0,0,-7.88219251195799,-7.84457629920003,-7.88219251195799,1.03833265947883,1224569.94136113,1.07344688693445e-16
105,-7.59330768360348,0.499762894756689,-0.385946412433688,1.4887364621143e-11,1.02548468249862,15844.5323044151,1.43897239802805e-16,0.0251615543961695,0.02,0,0,-7.59330768360348,-7.56814612920731,-7.59330768360348,1.02548468249862,15844.532304415,1.89310372933349e-16
106,-7.52312888885962,0.510161534699449,-0.362421528999805,1.79403583176498e-11,1.05315091543504,20353.9073429958,5.36021844194718e-16,0.0517865382475629,0.0166666666666667,0,0,-7.52312888885962,-7.47134235061205,-7.52312888885962,1.05315091543504,20353.9073429957,4.68182591460852e-16
107,-7.72264720232239,0.561648722938085,-0.339919299055309,6.00727501296426e-12,1.05688959447999,20522.5641388676,2.98742512209553e-16,0.0553302173524346,0.0133333333333333,0,0,-7.72264720232239,-7.66731698496995,-7.72264720232239,1.05688959447999,20522.5641388676,6.8617950827527e-17
108,-7.75609637470232,0.50757946659787,-0.344537951237251,8.72410226502855e-12,1.07695066391034,35526.3472691067,7.11265537208424e-17,0.0741334983515085,0.0166666666666667,0,0,-7.75609637470232,-7.68196287635082,-7.75609637470232,1.07695066391034,35526.3472691067,4.63547024838936e-17
109,-7.97857364679383,0.5944344909628,-0.417223661928279,9.50218616556995e-12,1.06628649879256,51033.5893920272,2.20903542371944e-16,0.0641815975239168,0.0177777777777778,0,0,-7.97857364679383,-7.91439204926991,-7.97857364679383,1.06628649879256,51033.5893920271,1.96894969464425e-16
110,-7.62423735733921,0.602583278167127,-0.40971861941291,1.93500660060113e-11,1.06119858919461,114261.022610054,9.2613031441344e-17,0.0593989431777519,0.0188888888888889,0,0,-7.62423735733921,-7.56483841416146,-7.62423735733921,1.06119858919461,114261.022610054,6.17118239226105e-17
111,-7.38195372829344,0.527465920456121,-0.401280574631408,1.66612678500203e-11,1.03563677798189,66106.1935251738,-2.65219944771565e-17,0.0350164545198983,0.02,0,0,-7.38195372829344,-7.34693727377355,-7.38195372829344,1.03563677798189,66106.1935251738,9.42147594508293e-17
112,-7.77144808199683,0.537865201088988,-0.370788032522842,5.0917735454236e-10,1.03936568906005,570345.843817537,-1.48646527185924e-16,0.0386106119695911,0,0,0,-7.77144808199683,-7.73283747002724,-7.77144808199683,1.03936568906005,570345.843817538,5.80091530366644e-17
113,-7.94794191156304,0.511808244131162,-0.328005361522459,3.52189851427767e-11,1.06385077792718,443638.436212434,7.28676378495644e-16,0.0618951336613805,0.0233333333333333,0,0,-7.94794191156304,-7.88604677790166,-7.94794191156304,1.06385077792718,443638.436212431,5.71888215795803e-16
114,-8.07120593818626,0.516350567171244,-0.379005850067552,2.0671546431162e-10,1.0523127069159,66926.697549289,-1.85314726527016e-16,0.0509901124432142,0,0,0,-8.07120593818626,-8.02021582574304,-8.07120593818626,1.0523127069159,66926.6975492891,1.24437497343403e-16
115,-7.98688814237796,0.44196589959166,-0.430140684378492,2.18704238797491e-10,1.06192547240404,3437861.85631932,5.98911352610464e-16,0.0600836228085786,0,0,0,-7.98688814237796,-7.92680451956938,-7.98688814237796,1.06192547240404,3437861.8563193,1.96008333021148e-16
116,-7.79547738465087,0.469190429408864,-0.337445246354595,2.08854110017198e-10,1.05900345341919,52442.2229944658,-1.10544289771358e-16,0.0573283272734044,0,0,0,-7.79547738465087,-7.73814905737746,-7.79547738465087,1.05900345341919,52442.2229944659,2.1375648165092e-16
117,-7.96780628003758,0.461668893484477,-0.329932031771002,2.90698553882655e-11,1.01238388333244,48072.725950349,3.95836912630503e-16,0.0123077837986657,0.0177777777777778,0,0,-7.96780628003758,-7.95549849623891,-7.96780628003758,1.01238388333244,48072.7259503488,3.30460967232524e-16
118,-7.38003869991705,0.51201252033318,-0.439085431133404,2.13242569246361e-12,1.02277389711817,6600.09993204937,3.5203321739156e-16,0.0225164923637468,0.01,0,0,-7.38003869991705,-7.35752220755331,-7.38003869991705,1.02277389711817,6600.09993204935,1.74353201629371e-16
119,-7.57047171487287,0.518972899969154,-0.451682667687579,1.58242271866155e-10,1.03754594008619,150601.331923509,1.09542005096349e-16,0.0368576045628115,0,0,0,-7.57047171487287,-7.53361411031006,-7.57047171487287,1.03754594008619,150601.331923509,1.42085417505674e-16
120,-7.40308981140515,0.588861699610486,-0.400315413093007,4.5994785015076e-11,1.01711085799807,63291.0818589949,8.67207540346094e-17,0.0169661118050602,0.0211111111111111,0,0,-7.40308981140515,-7.38612369960009,-7.40308981140515,1.01711085799807,63291.0818589949,5.12861358319899e-17
121,-7.82438757890237,0.483228523852408,-0.401922786834629,1.551877272873e-11,1.03509628823943,91167.1708940935,2.87486084320992e-16,0.0344943542276165,0.0222222222222222,0,0,-7.82438757890237,-7.78989322467475,-7.82438757890237,1.03509628823943,91167.1708940931,7.64203515283649e-17
122,-7.80748942916925,0.459659260501715,-0.392162785250592,6.74271105623419e-11,1.050077457829,63175.2298841132,6.0507154842071e-17,0.0488636374293685,0.0211111111111111,0,0,-7.80748942916925,-7.75862579173988,-7.80748942916925,1.050077457829,63175.2298841132,8.42381719934338e-17
123,-7.80943326115616,0.50309432104435,-0.39320269649808,5.79386350908063e-11,1.0363002182295,238734.740715604,-2.40548322002117e-17,0.0356568656021011,0.0244444444444444,0,0,-7.80943326115616,-7.77377639555406,-7.80943326115616,1.0363002182295,238734.740715604,1.38068568923523e-16
124,-7.48149096064003,0.49131734379244,-0.426269335019178,1.64665679761974e-11,1.02425267391109,40482.8603529681,3.08395284618099e-16,0.0239632206097263,0.0177777777777778,0,0,-7.48149096064003,-7.4575277400303,-7.48149096064003,1.02425267391109,40482.860352968,7.6728746812983e-17
125,-7.82836214816521,0.547747117865904,-0.434207733368465,3.25506701219425e-10,1.01110780402189,376907.027294205,-1.82508329436991e-16,0.0110465247917611,0,0,0,-7.82836214816521,-7.81731562337345,-7.82836214816521,1.01110780402189,376907.027294206,8.99203551125222e-17
126,-7.8571117672646,0.499377994731226,-0.431522442618854,2.2280040613396e-10,1.03064590907712,693838.589449777,2.07642545133366e-16,0.030185638592535,0,0,0,-7.8571117672646,-7.82692612867206,-7.8571117672646,1.03064590907712,693838.589449776,2.351514045213e-16
127,-7.66959832989392,0.527951331887484,-0.35592271724783,3.59350896811611e-11,1.02906209685065,186348.685795901,-2.83153130572108e-16,0.0286477732116623,0.0222222222222222,0,0,-7.66959832989392,-7.64095055668226,-7.66959832989392,1.02906209685065,186348.685795902,1.30651662328458e-16
128,-7.62444375604217,0.517357384555091,-0.443473168428175,2.71982817493954e-11,1.05445396232225,63002.6249989624,-3.49658573700001e-16,0.0530218520838235,0.0166666666666667,0,0,-7.62444375604217,-7.57142190395835,-7.62444375604217,1.05445396232225,63002.6249989626,1.33195923426557e-16
129,-7.96881532149187,0.476996667066171,-0.401654680543772,3.48989726137381e-10,1.00548850975473,4701447.9264872,2.28582584958935e-16,0.00547348180157678,0,0,0,-7.96881532149187,-7.96334183969029,-7.96881532149187,1.00548850975473,4701447.9264872,1.31438070304234e-16
130,-7.79679567949073,0.470767431622076,-0.417807250005606,3.14242955749586e-10,1.01302255095904,191477.990040478,-2.51773910362216e-16,0.012938467136291,0,0,0,-7.79679567949073,-7.78385721235444,-7.79679567949073,1.01302255095904,191477.990040478,6.71499892727449e-16
131,-8.05403741536113,0.477913476334004,-0.429288700466865,4.1010077123944e-10,1.05075384422093,400361.629617532,1.36125678630429e-16,0.0495078526368595,0,0,0,-8.05403741536113,-8.00452956272427,-8.05403741536113,1.05075384422093,400361.629617532,6.083096989092e-17
132,-7.55787251499775,0.460813409738462,-0.35953577924341,2.08332492998683e-11,1.02567374605274,243548.775828733,1.22540866343002e-16,0.025349586859614,0.02,0,0,-7.55787251499775,-7.53252292813814,-7.55787251499775,1.02567374605274,243548.775828733,1.07136521876328e-16
133,-7.62662794104873,0.462657923259734,-0.364879077276664,2.50665625741427e-10,1.00954325366794,71725.5027447846,9.43072780362147e-17,0.009496860558995,0,0,0,-7.62662794104873,-7.61713108048974,-7.62662794104873,1.00954325366794,71725.5027447845,1.29711056710372e-16
134,-7.9233115740562,0.458507145383677,-0.367806640719105,3.30929056823406e-10,1.04187402058152,839341.469666634,-1.49139959641313e-16,0.0410209010800615,0,0,0,-7.9233115740562,-7.88229067297614,-7.9233115740562,1.04187402058152,839341.469666635,6.51176643471116e-17
135,-8.05300342606496,0.502461867717097,-0.337437048738029,1.25884739186885e-09,1.0509483615074,3430407.29234433,-8.31125292045777e-18,0.0496928535961721,0,0,0,-8.05300342606496,-8.00331057246879,-8.05300342606496,1.0509483615074,3430407.29234434,1.58453015369147e-16
136,-7.48098306407341,0.525719321117756,-0.400307551790783,1.36738410213333e-09,1.06131379435143,33616.9620745933,3.20237663547434e-16,0.0595075287735458,0,0,0,-7.48098306407341,-7.42147553529986,-7.48098306407341,1.06131379435143,33616.9620745933,5.93198329962914e-17
137,-7.41456413876492,0.516713908436596,-0.388100983536489,2.42754976845316e-11,1.03997802922831,9808.30426397584,7.78389698376082e-17,0.0391993576121571,0.0166666666666667,0,0,-7.41456413876492,-7.37536478115276,-7.41456413876492,1.03997802922831,9808.30426397583,1.05548286160544e-16
138,-7.71971794408455,0.455723514020942,-0.369910684100617,5.105125603684e-11,1.0831339893788,86120.688814033,1.02325555436285e-16,0.0798586630220633,0.0244444444444444,0,0,-7.71971794408455,-7.63985928106248,-7.71971794408455,1.0831339893788,86120.6888140329,8.2079405001107e-17
139,-7.88506690699306,0.512225097844806,-0.432508019967498,4.09867922127132e-10,1.04589717155562,799728.084479575,4.1559348555135e-16,0.044874467312146,0,0,0,-7.88506690699306,-7.84019243968091,-7.88506690699305,1.04589717155562,799728.084479572,2.06304037317979e-16
140,-7.67829120113949,0.534021736742826,-0.429287669198774,1.18642182439865e-11,1.05417457005932,26860.9106917518,2.44557460702153e-16,0.0527579731354123,0.0122222222222222,0,0,-7.67829120113949,-7.62553322800408,-7.67829120113949,1.05417457005932,26860.9106917518,1.26014168236013e-16
141,-7.80833047249893,0.562225764326148,-0.410880257657369,3.7646015777725e-09,1.02702322763946,48449.9359701489,-2.34318737252832e-16,0.0266644360384662,0,0,0,-7.80833047249893,-7.78166603646046,-7.80833047249893,1.02702322763946,48449.935970149,9.18863750519626e-17
142,-8.02811509151184,0.519066542717785,-0.38053958577895,7.34971158490202e-11,1.02893267957157,335291.337641277,3.54777935424661e-16,0.0285214976541739,0.0266666666666667,0,0,-8.02811509151184,-7.99959359385766,-8.02811509151183,1.02893267957157,335291.337641276,6.38995029728701e-17
143,-7.64534446564465,0.526395594977215,-0.372223575667804,1.078176354284e-10,1.02906827821504,178671.204335087,1.21816137424149e-17,0.0286537848112727,0,0,0,-7.64534446564465,-7.61669068083337,-7.64534446564465,1.02906827821504,178671.204335087,4.06156589842036e-17
144,-7.56703100981627,0.530005903626273,-0.453373177678587,6.84067426081777e-10,1.03919954255046,31378.9506870505,-2.5899036002228e-16,0.0384506395841646,0,0,0,-7.56703100981627,-7.5285803702321,-7.56703100981627,1.03919954255046,31378.9506870506,1.51869257910183e-16
145,-7.82514706930523,0.513420957575324,-0.476298833987028,2.05017665153879e-10,1.02558354950508,591367.364410427,4.35072502716041e-16,0.0252615948912185,0,0,0,-7.82514706930523,-7.79988547441401,-7.82514706930523,1.02558354950508,591367.364410425,8.09749643880685e-17
146,-8.0537075460534,0.527835260073732,-0.419925185348891,9.68670868041186e-10,1.05321437182276,85865.0258447648,2.60655694559217e-16,0.0518465211958811,0,0,0,-8.0537075460534,-8.00186102485752,-8.0537075460534,1.05321437182276,85865.0258447646,2.70368218554159e-16
147,-8.02886284773798,0.533307835515646,-0.35757378221978,5.18226139369747e-11,1.03798779576722,3104581.0348195,1.20705914399524e-16,0.0372839409864983,0.0277777777777778,0,0,-8.02886284773798,-7.99157890675148,-8.02886284773798,1.03798779576722,3104581.0348195,1.91179055611082e-16
148,-7.71907096885486,0.565767837569995,-0.343308012683914,2.14552981010788e-11,1.05312607089684,131200.59814959,4.2398569223402e-16,0.0517629469535996,0.0222222222222222,0,0,-7.71907096885486,-7.66730802190126,-7.71907096885485,1.05312607089684,131200.598149589,7.8968467567522e-17
149,-7.06387953976097,0.594876077782004,-0.398732418122808,4.36543424023765e-13,1.02445049809624,528.352731183043,1.39579705818152e-16,0.0241563299227328,0.00888888888888889,0,0,-7.06387953976097,-7.03972320983824,-7.06387953976097,1.02445049809624,528.352731183042,1.2422162064417e-16
150,-7.91805738478647,0.51978621853335,-0.399224324996541,1.41909653277161e-10,1.03864321322348,586748.205512548,3.44169137633799e-16,0.037912588787122,0,0,0,-7.91805738478647,-7.88014479599935,-7.91805738478647,1.03864321322348,586748.205512546,1.63896674010289e-16
151,-7.92932880248022,0.513600099430094,-0.352980816007551,1.63287844404556e-09,1.03688114983785,1130486.05751028,6.3402986564635e-16,0.0362173066586463,0,0,0,-7.92932880248022,-7.89311149582158,-7.92932880248022,1.03688114983785,1130486.05751027,1.35154233483882e-16
152,-8.05335983341157,0.519782541803142,-0.381765375919012,1.0410238287333e-10,1.069534919688,424083.068219725,2.55806178708598e-16,0.0672238849413558,0,0,0,-8.05335983341157,-7.98613594847022,-8.05335983341157,1.069534919688,424083.068219724,1.84829003953742e-16
153,-7.8349750312892,0.515118431693131,-0.360976070732072,4.0601744674379e-11,1.04168665125537,47210.3086386991,-9.85631329639445e-17,0.0408411749320038,0.0222222222222222,0,0,-7.8349750312892,-7.7941338563572,-7.8349750312892,1.04168665125537,47210.3086386992,8.00902554153203e-17
154,-7.75797066968766,0.455525544706723,-0.394947192773828,1.26584588049098e-10,1.05148201781813,437638.02677061,1.79578574233119e-16,0.0502006079534094,0,0,0,-7.75797066968766,-7.70777006173425,-7.75797066968766,1.05148201781813,437638.02677061,1.29094266141136e-16
155,-7.53006949594803,0.465091323608227,-0.316382944608053,8.62782793664869e-11,1.04633828855824,126021.018647596,3.57738530156995e-18,0.0452967237756591,0.0255555555555556,0,0,-7.53006949594803,-7.48477277217237,-7.53006949594803,1.04633828855824,126021.018647596,4.73849354815709e-17
156,-7.73273223762559,0.525325313435726,-0.368366031339513,1.07050071341891e-10,1.03556516654832,217542.11848766,2.17727070940378e-17,0.0349466952794081,0,0,0,-7.73273223762559,-7.69778554234618,-7.73273223762559,1.03556516654832,217542.11848766,1.34348550802817e-16
157,-7.75438727248179,0.49986934536141,-0.431393278734989,1.03404711195581e-10,1.04921517205767,493109.507983165,1.79439796355041e-16,0.048042293151184,0,0,0,-7.75438727248179,-7.7063449793306,-7.75438727248179,1.04921517205767,493109.507983165,1.61599129139884e-16
158,-7.98081298165698,0.544000884448058,-0.428449457770773,2.7488594891414e-10,1.05299106097882,332771.058726131,2.96059473233375e-18,0.0516342965484269,0,0,0,-7.98081298165698,-7.92917868510855,-7.98081298165698,1.05299106097882,332771.058726131,5.41927613895155e-17
159,-7.87837289790376,0.556204077643826,-0.370232506366773,4.35722059564078e-10,1.03177580206232,228434.651807196,-2.16992704668881e-16,0.0312813861980724,0,0,0,-7.87837289790376,-7.84709151170569,-7.87837289790376,1.03177580206232,228434.651807197,9.43940142100135e-17
160,-7.7035423109234,0.516752758012103,-0.379958765826244,3.16195811823155e-10,1.02927373924178,1375452.71794751,5.07502990249659e-18,0.0288533512433712,0,0,0,-7.7035423109234,-7.67468895968003,-7.7035423109234,1.02927373924178,1375452.71794751,6.22630804938653e-17
161,-7.59251680598146,0.531800904258448,-0.440438962852427,7.98453646921053e-12,1.04808601784801,193780.631468562,6.34677495744048e-16,0.0469655891831427,0.02,0,0,-7.59251680598146,-7.54555121679832,-7.59251680598146,1.04808601784801,193780.631468561,2.0482072827911e-16
162,-7.72652662215425,0.507347478289874,-0.380481612305852,2.26033060125278e-09,1.07383428488426,77974.003385567,-2.06933235978744e-16,0.0712352951113936,0,0,0,-7.72652662215425,-7.65529132704285,-7.72652662215425,1.07383428488426,77974.0033855672,9.53249824754544e-17
163,-7.57721942318726,0.481251554780599,-0.381634063652277,1.85324378364948e-11,1.05074976025166,39074.9071797641,2.72683110659323e-16,0.0495039378860904,0.0188888888888889,0,0,-7.57721942318726,-7.52771548530117,-7.57721942318726,1.05074976025166,39074.907179764,2.70593732606036e-16
164,-7.06576873408044,0.49854317343979,-0.37771526496699,2.06770945156115e-12,1.03903824634604,1190.94278456135,4.76439875206501e-16,0.0382954985023279,0.01,0,0,-7.06576873408044,-7.02747323557811,-7.06576873408044,1.03903824634604,1190.94278456135,5.67832817803075e-17
165,-8.20017962882769,0.528504621414422,-0.388822850552691,4.05259165117572e-11,1.02634981255464,490097.087230463,-3.12096028033516e-17,0.0260086358140561,0.0166666666666667,0,0,-8.20017962882769,-8.17417099301364,-8.20017962882769,1.02634981255464,490097.087230463,7.70834013902939e-17
166,-7.32510851510392,0.534852891561262,-0.448471405746534,8.95451123612601e-12,1.05522855978421,4645.69137443377,1.2020477206202e-16,0.0537572718288021,0.0133333333333333,0,0,-7.32510851510392,-7.27135124327512,-7.32510851510392,1.05522855978421,4645.69137443377,4.94434740063967e-17
167,-7.82149889651923,0.513086233390927,-0.400142290192705,1.19076885618008e-10,1.03931548026262,161216.22866132,7.69446235122157e-16,0.0385622898956435,0,0,0,-7.82149889651923,-7.78293660662358,-7.82149889651923,1.03931548026262,161216.228661319,7.78150692030503e-16
168,-8.1985310256238,0.557700434400214,-0.469400488372525,1.56071567394221e-10,1.02864395153811,775239.416209347,1.73688224296913e-16,0.0282413711229935,0,0,0,-8.1985310256238,-8.1702896545008,-8.1985310256238,1.02864395153811,775239.416209346,7.24728918852533e-17
169,-7.74894704145692,0.521518258128634,-0.39916986132103,4.25875221012131e-10,1.04383165280087,221113.591999102,-9.89332073054862e-17,0.04289803317994,0,0,0,-7.74894704145692,-7.70604900827698,-7.74894704145692,1.04383165280087,221113.591999102,1.24541580751962e-16
170,-7.41195706297207,0.559723577606372,-0.403192514067904,2.15104680529837e-13,1.02018975568075,21741.0523547507,-8.20331457084143e-18,0.0199886397607634,0.00444444444444444,0,0,-7.41195706297207,-7.3919684232113,-7.41195706297207,1.02018975568075,21741.0523547507,6.44815990725868e-17
171,-8.03135693175061,0.542535359720514,-0.407757220006132,2.53631939804441e-10,1.03351079565964,748294.45572697,7.11467921613954e-16,0.0329615380638253,0,0,0,-8.03135693175061,-7.99839539368679,-8.03135693175061,1.03351079565964,748294.455726965,1.6511483538453e-16
172,-7.32897242708862,0.489703516039441,-0.396055521175625,2.66412308346225e-09,1.0475269051352,7995.69195648258,2.2389497663274e-16,0.0464318702064248,0,0,0,-7.32897242708862,-7.2825405568822,-7.32897242708862,1.0475269051352,7995.69195648256,5.47247432554817e-17
173,-7.65794144949933,0.462993123792753,-0.423131932584692,3.64759601534509e-11,1.07490011725357,21965.1764342554,2.11651683833401e-16,0.0722275747095838,0.0211111111111111,0,0,-7.65794144949933,-7.58571387478974,-7.65794144949933,1.07490011725357,21965.1764342554,5.61896208574176e-17
174,-7.79591055087153,0.44274521775484,-0.375618594580365,5.57755097236868e-11,1.04488264492226,380168.359210426,4.1984934047908e-16,0.0439045759412636,0.0222222222222222,0,0,-7.79591055087153,-7.75200597493026,-7.79591055087153,1.04488264492226,380168.359210425,4.46386754720467e-16
175,-7.85600636113034,0.45461711751178,-0.396124923287721,6.18639104147061e-10,1.02081378737092,161375.809495804,9.21273088680705e-17,0.0206001238129009,0,0,0,-7.85600636113034,-7.83540623731744,-7.85600636113034,1.02081378737092,161375.809495804,1.36574779263654e-16
176,-7.7778658427184,0.484818889436335,-0.341549031634247,6.5749679399281e-11,1.05647862106352,49245.3046019346,4.91212009339708e-16,0.0549399203902264,0.0222222222222222,0,0,-7.7778658427184,-7.72292592232817,-7.7778658427184,1.05647862106352,49245.3046019344,2.34688811594373e-16
177,-8.12839816849163,0.47288166676138,-0.383667607703428,1.38000885446297e-09,1.00705040562933,146550.684203024,-5.21650623931515e-17,0.00702563639960058,0,0,0,-8.12839816849163,-8.12137253209203,-8.12839816849163,1.00705040562933,146550.684203024,9.09611891981083e-17
178,-7.6250456777373,0.468089586999766,-0.439667163495091,8.66657524342422e-11,1.04228861017026,31002.3726733073,4.53957858957842e-17,0.0414186815240272,0.0222222222222222,0,0,-7.6250456777373,-7.58362699621327,-7.6250456777373,1.04228861017026,31002.3726733073,2.19284467127699e-16
179,-8.03882776941488,0.58510855460913,-0.383449857022274,1.81526187226786e-10,1.04714789319032,3164584.15933762,-1.64004612359905e-16,0.0460697220554274,0,0,0,-8.03882776941488,-7.99275804735945,-8.03882776941488,1.04714789319032,3164584.15933762,7.22493053039052e-17
180,-7.56553458558059,0.46851710875868,-0.381763473304932,1.66663374662872e-13,1.03277792701228,11268.233804887,2.23463223234275e-16,0.0322521751298804,0.01,0,0,-7.56553458558059,-7.53328241045071,-7.56553458558059,1.03277792701228,11268.233804887,6.08001303624582e-17
181,-7.3968401896788,0.499199715137699,-0.428537760241149,5.79542681088036e-12,1.0404357284926,15118.1632807914,1.62431796408353e-16,0.0396395948373012,0.0155555555555556,0,0,-7.3968401896788,-7.3572005948415,-7.3968401896788,1.0404357284926,15118.1632807914,7.89800323906952e-17
182,-7.72319537326759,0.580292498796619,-0.454705167696245,1.47369546867119e-10,1.04226859059806,170389.451345,-1.39363829118919e-16,0.0413996626513235,0,0,0,-7.72319537326759,-7.68179571061627,-7.72319537326759,1.04226859059806,170389.451345,3.96133743091948e-17
183,-7.705212662328,0.593195992628302,-0.426436299274735,2.00180393845177e-10,1.05602904566445,341049.548296979,2.77864151440907e-17,0.0545156814300722,0,0,0,-7.705212662328,-7.65069698089792,-7.705212662328,1.05602904566445,341049.548296979,9.06913433240675e-17
184,-7.86734766717656,0.485561825047252,-0.428485663188701,1.23477590601241e-10,1.04134750577441,787601.301230257,-4.83571516163295e-16,0.0405155508359418,0,0,0,-7.86734766717656,-7.82683211634062,-7.86734766717656,1.04134750577442,787601.301230259,1.93117127227854e-16
185,-7.59659709190995,0.534614988000827,-0.406261715647018,5.5113893398079e-11,1.03866277105168,58979.8963854212,4.90965293112014e-17,0.0379340690835506,0.0144444444444444,0,0,-7.59659709190995,-7.5586630228264,-7.59659709190995,1.03866277105168,58979.8963854212,8.44232091642046e-17
186,-7.73900428986503,0.501741247540794,-0.406289598501958,3.04649097789617e-10,1.05838480307307,125211.564964255,1.6928588160899e-16,0.0567437549669033,0,0,0,-7.73900428986503,-7.68226053489813,-7.73900428986503,1.05838480307307,125211.564964255,4.83804740097287e-17
187,-7.39535120686346,0.495252527033695,-0.388768547292339,3.51012442213358e-11,1.05768974453661,40868.5424731937,2.07550026547981e-16,0.0560868510004409,0.0188888888888889,0,0,-7.39535120686346,-7.33926435586302,-7.39535120686346,1.05768974453661,40868.5424731937,5.96128085166785e-17
188,-7.7470242871914,0.541162727529169,-0.386831943184421,3.31391478894535e-11,1.05251589108116,80163.9487797255,-9.41530803939056e-17,0.051183370783999,0.02,0,0,-7.7470242871914,-7.6958409164074,-7.7470242871914,1.05251589108116,80163.9487797256,7.25654104706387e-17
189,-7.54671208603017,0.525532099466062,-0.35023397901917,2.28769414919601e-11,1.03859779021665,147468.556746447,-1.28724191799595e-16,0.0378714616506727,0.00777777777777778,0,0,-7.54671208603017,-7.50884062437949,-7.54671208603017,1.03859779021665,147468.556746447,7.43386833571928e-17
190,-7.72542928953793,0.438643356824777,-0.374590990763682,1.00226554455424e-10,1.05706973687415,269682.114791024,3.54962972595432e-16,0.0555005798128701,0,0,0,-7.72542928953793,-7.66992870972506,-7.72542928953793,1.05706973687415,269682.114791023,6.33752309890193e-17
191,-7.83868431140942,0.489788612439775,-0.409023803708072,4.1863103673256e-11,1.06327994154579,180447.535541648,2.40178247660576e-16,0.0613583943931984,0.0255555555555556,0,0,-7.83868431140942,-7.77732591701622,-7.83868431140942,1.06327994154579,180447.535541648,1.05532866396313e-16
192,-7.96461131793199,0.517524304028448,-0.367190745346928,7.26608940932228e-10,1.04167194730565,248624.014354575,-1.18416079411235e-16,0.0408269550144529,0,0,0,-7.96461131793199,-7.92378436291754,-7.96461131793199,1.04167194730565,248624.014354575,1.85827433687693e-16
193,-7.73816556785716,0.529899916255617,-0.426662435493717,3.72158598461252e-11,1.04453915554525,234208.59584683,2.84957242987124e-16,0.0435757839537212,0.0211111111111111,0,0,-7.73816556785716,-7.69458978390344,-7.73816556785716,1.04453915554525,234208.59584683,8.68441121484567e-17
194,-7.7942607640112,0.499404561286835,-0.415934389199614,3.2594529192495e-11,1.0561063955097,147192.514495387,-1.46487760193597e-17,0.054588737988573,0.0188888888888889,0,0,-7.7942607640112,-7.73967202602263,-7.7942607640112,1.0561063955097,147192.514495387,1.15894947959482e-16
195,-8.15128432441187,0.460076751267353,-0.430125355951794,2.52659483244929e-10,1.03214988472085,1112788.81624842,4.20157735763698e-16,0.0316438544942341,0,0,0,-8.15128432441187,-8.11964046991764,-8.15128432441187,1.03214988472085,1112788.81624842,1.95166028400035e-16
196,-7.7658736514548,0.498755917610719,-0.471861592530072,1.37512421936847e-11,1.05124507727668,458566.936939006,-6.26042427774741e-17,0.0499751098017315,0.02,0,0,-7.7658736514548,-7.71589854165307,-7.7658736514548,1.05124507727668,458566.936939007,1.9902289692829e-16
197,-7.79802580686801,0.594652353025399,-0.429820781670735,5.47618833400421e-12,1.03074627560988,321455.213303439,2.21181098128101e-16,0.0302830771044835,0.0133333333333333,0,0,-7.79802580686801,-7.76774272976353,-7.79802580686801,1.03074627560988,321455.213303438,1.12070846430217e-16
198,-7.72912963001251,0.571275520255765,-0.40712979240122,7.62221146279009e-11,1.04742332259466,370766.718155513,9.37386742302001e-17,0.0463330890950249,0.0244444444444444,0,0,-7.72912963001251,-7.68279654091748,-7.72912963001251,1.04742332259466,370766.718155513,1.26640596157894e-16
199,-7.58592487820553,0.52343298341809,-0.416329344207205,1.5041570972943e-11,1.05802273584093,51568.987229686,5.3537421409702e-17,0.0564005397377901,0.02,0,0,-7.58592487820553,-7.52952433846774,-7.58592487820553,1.05802273584093,51568.9872296859,5.10085800758336e-17
200,-7.76684698027956,0.550809359692112,-0.409972061398357,5.57931080314613e-11,1.0355867782815,198633.853895197,-2.82366722596331e-16,0.0349672426463671,0.0222222222222222,0,0,-7.76684698027956,-7.7318797376332,-7.76684698027956,1.0355867782815,198633.853895198,2.4878247610142e-16
201,-7.55640256716496,0.51927919888545,-0.363780018194432,6.2406944906833e-11,1.05605553035734,48878.1295162974,-1.55184507219827e-16,0.0545402696374785,0.0211111111111111,0,0,-7.55640256716496,-7.50186229752748,-7.55640256716496,1.05605553035734,48878.1295162974,3.19031066996366e-16
202,-7.85749689285249,0.514734631503227,-0.422150603399551,1.41243238896852e-10,1.04703672441699,545076.498853303,-1.99840144432528e-17,0.0459639966050932,0,0,0,-7.85749689285249,-7.81153289624739,-7.85749689285249,1.04703672441699,545076.498853303,6.6844677940973e-17
203,-7.69722630912153,0.503104394326546,-0.430896462576086,4.6680385513251e-11,1.05150317381585,100895.111732428,1.60612264229106e-16,0.050220563942008,0.02,0,0,-7.69722630912153,-7.64700574517952,-7.69722630912153,1.05150317381585,100895.111732428,1.51545442861334e-16
204,-7.6151094910204,0.555656125619571,-0.37942939580511,3.05953646159768e-11,1.03264902851977,106850.13004918,1.284774755719e-16,0.0321273726245495,0.0177777777777778,0,0,-7.6151094910204,-7.58298211839585,-7.6151094910204,1.03264902851977,106850.13004918,5.51661340065913e-17
205,-7.89887464202188,0.480190614902342,-0.364928787736674,6.34935689282284e-10,1.02254303871585,364500.696018285,-3.27731668963654e-16,0.022292663214288,0,0,0,-7.89887464202188,-7.8765819788076,-7.89887464202188,1.02254303871585,364500.696018285,6.16173778666962e-17
206,-7.82610874359986,0.524606611300437,-0.366829466483683,5.4011454671589e-10,1.02387691028084,556145.619920326,7.57680955013977e-16,0.0235962864731177,0,0,0,-7.82610874359986,-7.80251245712675,-7.82610874359986,1.02387691028084,556145.619920322,5.91116661791741e-16
207,-7.95121158939302,0.529775344384306,-0.353893228791456,7.89580957551904e-10,1.04475507475484,121824.415352406,1.32980046727324e-16,0.0437818740803294,0,0,0,-7.95121158939302,-7.90742971531269,-7.95121158939302,1.04475507475484,121824.415352406,4.44706000419299e-17
208,-7.28486250474994,0.489545638028782,-0.355283233570186,5.18172417927213e-12,1.01094483800745,4382.90420065526,4.49763683087036e-16,0.0108852668536149,0.0166666666666667,0,0,-7.28486250474994,-7.27397723789632,-7.28486250474994,1.01094483800745,4382.90420065524,8.08612436268656e-17
209,-7.82495462257413,0.546288296120596,-0.427717042063668,4.81449666999788e-10,1.03914561088383,469396.729487259,-1.61290733855266e-17,0.0383988418553799,0,0,0,-7.82495462257413,-7.78655578071875,-7.82495462257413,1.03914561088383,469396.729487259,6.23729463140105e-17
210,-7.93750891052401,0.559065770597983,-0.367606174465347,6.0616583837519e-11,1.0536385172494,34098.9801575017,6.24299994416649e-16,0.0522493967527491,0.02,0,0,-7.93750891052401,-7.88525951377126,-7.93750891052401,1.0536385172494,34098.9801575015,3.12859306362946e-16
211,-7.39266287755798,0.480296674476505,-0.409147239264966,6.95479024927749e-11,1.03839040240017,9546.60691190789,2.43539756262913e-16,0.0376718069339729,0.0211111111111111,0,0,-7.39266287755798,-7.35499107062401,-7.39266287755798,1.03839040240017,9546.60691190787,1.8418908373816e-16
212,-8.00884921733861,0.537144415222447,-0.404151830482443,5.18887453051426e-10,1.03986953981972,705140.799753615,2.47548894962948e-16,0.0390952600570936,0,0,0,-8.00884921733861,-7.96975395728152,-8.00884921733861,1.03986953981972,705140.799753614,6.70220052296284e-16
213,-7.25762055911187,0.536909934123609,-0.477241240262866,1.12159887924094e-11,1.00488527500341,1829.39486392168,-5.16562101735316e-17,0.00487327073695269,0.00666666666666667,0,0,-7.25762055911187,-7.25274728837491,-7.25762055911187,1.00488527500341,1829.39486392168,1.04946915355539e-16
214,-8.04145467608187,0.505807368332,-0.414770824302914,1.01383343400793e-09,1.02842064334907,195018.732352542,-4.02764241711237e-16,0.0280242680317303,0,0,0,-8.04145467608187,-8.01343040805014,-8.04145467608187,1.02842064334907,195018.732352543,1.66681868924496e-16
215,-7.87005162466469,0.495417320761095,-0.412746417632086,1.49923381677905e-09,1.03020977809398,435062.20733352,1.02718759424173e-16,0.0297622930954244,0,0,0,-7.87005162466469,-7.84028933156926,-7.87005162466469,1.03020977809398,435062.20733352,5.83560977318598e-17
216,-7.78510240308856,0.536332607747133,-0.424223586287186,9.31425843421468e-10,1.03547422130327,158481.03378506,1.64220489059138e-16,0.0348594085568632,0,0,0,-7.78510240308856,-7.75024299453169,-7.78510240308856,1.03547422130327,158481.03378506,1.20459198171829e-16
217,-7.49797632644064,0.489353429021933,-0.400374950375455,4.85526876231959e-11,1.05756519236921,6368.34150464384,-2.13224499784954e-16,0.0559689043338422,0.0166666666666667,0,0,-7.49797632644064,-7.4420074221068,-7.49797632644064,1.05756519236921,6368.34150464385,9.44075065037156e-17
218,-7.91652462488024,0.498353236735863,-0.406813968509041,1.00348483425283e-10,1.03241642301768,899145.190015763,3.05311331771918e-17,0.0319020769139867,0,0,0,-7.91652462488024,-7.88462254796625,-7.91652462488024,1.03241642301768,899145.190015763,2.58265631103427e-16
219,-8.14854992441106,0.488193556497474,-0.416024104303566,1.43682860253118e-10,1.05424032606603,300615.470982151,-2.25005199657365e-16,0.0528199232513596,0,0,0,-8.14854992441106,-8.0957300011597,-8.14854992441106,1.05424032606603,300615.470982151,1.44945783770507e-16
220,-7.55666102706368,0.500707756584585,-0.404803882124139,1.6222141597753e-11,1.03151935261398,49929.8194032221,2.57880136997654e-16,0.0310326670170908,0.0188888888888889,0,0,-7.55666102706368,-7.52562836004659,-7.55666102706368,1.03151935261398,49929.819403222,1.53665660443083e-16
221,-7.43706041519502,0.534441214624103,-0.466423544055507,5.11968772435106e-13,1.01609675483455,2209.99265645584,7.75305745529901e-17,0.015968573774588,0.00888888888888889,0,0,-7.43706041519502,-7.42109184142043,-7.43706041519502,1.01609675483455,2209.99265645584,1.14975544517214e-16
222,-7.87087860950433,0.502373025962189,-0.459632201984729,1.20610616532127e-09,1.01655188894854,102587.594668626,-1.30620822799996e-16,0.0164163339073429,0,0,0,-7.87087860950433,-7.85446227559699,-7.87087860950433,1.01655188894854,102587.594668626,6.74207205785599e-17
223,-7.72353103616537,0.46509279900076,-0.399509194401023,1.0520097642488e-11,1.0271755242041,108829.844298609,5.50670620214078e-16,0.0268122822374597,0.0177777777777778,0,0,-7.72353103616537,-7.69671875392791,-7.72353103616537,1.0271755242041,108829.844298608,2.06694229633165e-16
224,-7.52548595527922,0.4802786038821,-0.381405847017272,6.46941376852292e-12,1.02979653823925,30266.8123860935,3.19545701627572e-17,0.0293612018970343,0.00888888888888889,0,0,-7.52548595527922,-7.49612475338219,-7.52548595527922,1.02979653823925,30266.8123860935,8.94413786860997e-17
225,-7.80356268170412,0.512670994717667,-0.371750992762877,3.22828459853011e-10,1.03172443678686,394101.028787883,5.24580379135386e-16,0.031231612506089,0,0,0,-7.80356268170412,-7.77233106919803,-7.80356268170412,1.03172443678686,394101.028787882,6.73689499248237e-16
226,-7.81877129415201,0.529515411496747,-0.380819237219747,1.25261095274546e-09,1.03460892754496,282380.846398802,-7.31513615114131e-17,0.0340233433104305,0,0,0,-7.81877129415201,-7.78474795084158,-7.81877129415201,1.03460892754496,282380.846398802,9.55490509244347e-17
227,-7.53601419755531,0.503166101790718,-0.341288020723186,8.97367442842122e-11,1.03376970613596,351912.009158619,7.6728746812983e-16,0.0332118902875424,0.0266666666666667,0,0,-7.53601419755531,-7.50280230726777,-7.53601419755531,1.03376970613596,351912.009158617,4.98335940414386e-16
228,-7.8826986497577,0.449803528529067,-0.400302852525588,2.7206677907177e-10,1.03478382170245,259864.893005985,1.02325555436285e-16,0.0341925228683855,0,0,0,-7.8826986497577,-7.84850612688932,-7.8826986497577,1.03478382170245,259864.893005985,7.37373125521875e-17
229,-7.45115017909525,0.494993328182532,-0.410743636969971,5.28366836207051e-11,1.03223838712878,30589.0072557415,-1.11207339633287e-16,0.0317295484939184,0.0122222222222222,0,0,-7.45115017909525,-7.41942063060133,-7.45115017909525,1.03223838712878,30589.0072557415,7.35522753814166e-17
230,-8.07793906282622,0.465608397482867,-0.428359113279787,5.8531709557005e-11,1.02863380696985,855970.38580678,-1.61167375741419e-16,0.0282315186946057,0.0255555555555556,0,0,-8.07793906282622,-8.04970754413161,-8.07793906282622,1.02863380696985,855970.385806781,6.96988763001135e-16
231,-7.72758813067141,0.5248746972938,-0.433459087891776,3.69665500932782e-11,1.05315795146804,25576.6207321134,-4.71227994896455e-17,0.0517931227282514,0.02,0,0,-7.72758813067141,-7.67579500794316,-7.72758813067141,1.05315795146804,25576.6207321134,7.5433486617587e-17
232,-7.92002190150971,0.558240756897019,-0.464842565231287,2.37929115425196e-10,1.06856753494163,424529.332541036,-8.84477676284708e-17,0.0663181142227628,0,0,0,-7.92002190150971,-7.85370378728695,-7.92002190150971,1.06856753494163,424529.332541037,1.22779872688581e-16
233,-7.79145946504769,0.499634543674535,-0.393330683553276,6.56518697943542e-11,1.04262323268637,1098027.22405004,2.59113718136127e-16,0.0417394826927248,0.0233333333333333,0,0,-7.79145946504769,-7.74971998235497,-7.79145946504769,1.04262323268637,1098027.22405004,1.2098347015568e-16
234,-8.00474921273873,0.536932900925571,-0.366124165515708,9.58951846954272e-10,1.03694713197276,116397.31072487,1.2557855989649e-16,0.0362808010721648,0,0,0,-8.00474921273873,-7.96846841166657,-8.00474921273873,1.03694713197276,116397.31072487,1.77340780949109e-16
235,-7.53045039187778,0.551416357255108,-0.40535652758604,1.59935073592225e-11,1.05323367769521,5970.23512040401,1.59625399318328e-16,0.0518644111497793,0.0155555555555556,0,0,-7.53045039187778,-7.478585980728,-7.53045039187778,1.05323367769521,5970.235120404,5.04380487992901e-17
236,-7.69516349332186,0.538364786741189,-0.407337011539172,6.20019764334323e-11,1.04283293323431,432350.555970026,7.105427357601e-17,0.041940616594692,0.0188888888888889,0,0,-7.69516349332186,-7.65322287672717,-7.69516349332186,1.04283293323431,432350.555970026,2.59460662831322e-16
237,-7.5127455631724,0.480373488280742,-0.378600647632806,3.6654321493902e-11,1.03558694387989,31131.323514576,2.77309039928595e-16,0.0349683539498054,0.0233333333333333,0,0,-7.5127455631724,-7.47777720922259,-7.5127455631724,1.03558694387989,31131.3235145759,1.44382962376079e-16
238,-7.73545868453586,0.551044755753264,-0.452011319284851,1.38211510225956e-10,1.02565304169146,394000.776462508,-9.27653016131242e-17,0.0253295154196869,0,0,0,-7.73545868453586,-7.71012916911617,-7.73545868453586,1.02565304169146,394000.776462508,1.14067705898119e-16
239,-7.80550925186576,0.507054308385318,-0.420522239268798,2.9719300677015e-11,1.03570806364887,59112.6513284451,1.36865827313512e-16,0.035084585185911,0.0166666666666667,0,0,-7.80550925186576,-7.77042466667985,-7.80550925186576,1.03570806364887,59112.651328445,9.38446851092875e-17
240,-7.87324307804643,0.513472721806497,-0.386414513873992,1.84325603477539e-10,1.05002387930737,3766264.03368121,-8.45003079853591e-17,0.0488128876137532,0,0,0,-7.87324307804643,-7.82443019043268,-7.87324307804643,1.05002387930737,3766264.03368121,8.03331167019571e-17
241,-8.08562178348683,0.530290814559513,-0.377863767733709,5.19840067858735e-11,1.05368575147058,233145.103123806,2.59792187762287e-16,0.0522935935084523,0.0211111111111111,0,0,-8.08562178348683,-8.03332818997838,-8.08562178348683,1.05368575147058,233145.103123805,5.62204603858795e-17
242,-8.16514568147744,0.505277966353471,-0.371897593121649,1.60488058043176e-11,1.05183489133717,39229.3071799672,-5.6621374255883e-17,0.050535839793836,0.0211111111111111,0,0,-8.16514568147744,-8.11460984168361,-8.16514568147744,1.05183489133717,39229.3071799672,5.81344386210405e-17
243,-7.66006067600567,0.475434328477633,-0.414514210047915,6.35911710630299e-10,1.04516545570328,47088.924549131,2.08012619474908e-17,0.044175185281567,0,0,0,-7.66006067600567,-7.6158854907241,-7.66006067600567,1.04516545570328,47088.9245491309,5.04380487992901e-17
244,-8.04907148354036,0.451197682816184,-0.422979873200389,1.27785779240212e-10,1.04564761878655,2069175.35849637,2.62382708153079e-16,0.0446363820679993,0,0,0,-8.04907148354036,-8.00443510147237,-8.04907148354036,1.04564761878655,2069175.35849636,2.72313036317781e-17
245,-8.15677798894022,0.4874768037644,-0.422624352216896,7.1246570890116e-11,1.04749020486863,554319.801276665,2.1316282072803e-16,0.0463970218075635,0.0266666666666667,0,0,-8.15677798894022,-8.11038096713266,-8.15677798894022,1.04749020486863,554319.801276664,1.15397660563035e-16
246,-7.42937149792622,0.466138199749144,-0.432100642357564,3.43145963146535e-10,1.0612393538113,84452.2106440719,5.03794536952127e-16,0.0594374236603093,0,0,0,-7.42937149792622,-7.36993407426591,-7.42937149792622,1.0612393538113,84452.2106440715,8.1018139727915e-16
247,-7.52356322234881,0.487495242170864,-0.405224170711717,3.66148421815492e-11,1.04204270678277,11173.0340267003,8.83552490430854e-17,0.041182656317638,0.02,0,0,-7.52356322234881,-7.48238056603117,-7.52356322234881,1.04204270678277,11173.0340267003,5.73060117877352e-16
248,-7.96049321587142,0.54443570348512,-0.455021708988269,2.01793086881658e-10,1.06202214781459,130091.730649937,-3.9462260619732e-16,0.0601746229129097,0,0,0,-7.96049321587142,-7.90031859295851,-7.96049321587142,1.06202214781459,130091.730649938,3.24986950930553e-16
249,-7.63697215400573,0.525525221420873,-0.433519267735535,5.76273722645143e-12,1.05752919944888,93154.3036432673,2.62351868624617e-16,0.0559351644209705,0.0211111111111111,0,0,-7.63697215400573,-7.58103698958476,-7.63697215400573,1.05752919944888,93154.303643267,1.82585428258146e-16
250,-7.8391513041916,0.54087980648998,-0.434514463626149,4.6262813218892e-11,1.03540519095953,194008.536565438,1.81891538867755e-16,0.0347925536444434,0.0166666666666667,0,0,-7.8391513041916,-7.80435875054716,-7.8391513041916,1.03540519095953,194008.536565437,5.42775700927854e-17
251,-7.8160425287687,0.4347102474766,-0.411621595001456,2.13595989071154e-11,1.04615322187907,440142.412371535,-2.21659110819259e-16,0.0451198031539182,0.0122222222222222,0,0,-7.8160425287687,-7.77092272561478,-7.8160425287687,1.04615322187907,440142.412371536,6.48362536498976e-17
252,-7.78437691600407,0.499167981127646,-0.426951435744768,6.75768488943514e-11,1.03819614117174,507928.985836882,6.93889390390723e-18,0.0374847004124588,0.0244444444444444,0,0,-7.78437691600407,-7.74689221559161,-7.78437691600407,1.03819614117174,507928.985836882,5.05228575025601e-17
253,-7.63666932060304,0.491593930704678,-0.418990895886071,1.23173455179345e-11,1.03049650363228,101754.452588464,1.3222447828001e-18,0.0300402451352243,0.0133333333333333,0,0,-7.63666932060304,-7.60662907546781,-7.63666932060304,1.03049650363228,101754.452588464,5.53839381763529e-17
254,-7.59914552810882,0.567103706877242,-0.42048666423619,5.10606614707942e-11,1.03768622042885,116490.300652832,5.44548973814408e-16,0.0369930781319327,0.0222222222222222,0,0,-7.59914552810882,-7.56215244997689,-7.59914552810882,1.03768622042885,116490.300652831,3.29427843029053e-16
255,-7.89068525886301,0.522974780528383,-0.432125728385343,1.45948364319633e-10,1.03832864698982,467731.55680446,1.42910374892027e-16,0.0376123124174941,0,0,0,-7.89068525886301,-7.85307294644551,-7.89068525886301,1.03832864698982,467731.55680446,6.63666652498149e-17
256,-7.58014362924362,0.463663800266347,-0.370443790516587,2.69647073026055e-09,1.01638981198765,118033.356003499,-2.19392405477316e-16,0.0162569370689782,0,0,0,-7.58014362924362,-7.56388669217464,-7.58014362924362,1.01638981198765,118033.3560035,8.98095255571126e-16
257,-7.9381266397617,0.501366792249155,-0.414412313589011,1.52356782874441e-09,1.05728398071708,327932.30999309,4.0776024532205e-16,0.0557033363394441,0,0,0,-7.9381266397617,-7.88242330342225,-7.9381266397617,1.05728398071708,327932.309993089,8.92650151327088e-17
258,-7.88200877296319,0.471531445593802,-0.401591072537689,8.5684168098691e-10,1.0417071610944,250262.166723538,-7.50634122760453e-17,0.0408576536063789,0,0,0,-7.88200877296319,-7.84115111935681,-7.88200877296319,1.0417071610944,250262.166723538,1.08499725407866e-16
259,-7.8291202001907,0.505751736697353,-0.404844836625089,7.93197874829342e-11,1.01804170052492,200639.815635282,2.59052039079203e-17,0.017880783131832,0.0211111111111111,0,0,-7.8291202001907,-7.81123941705887,-7.8291202001907,1.01804170052492,200639.815635282,1.64852699392605e-16
260,-7.6165453798739,0.49155874202749,-0.425955748656247,8.00480670264518e-10,1.01820389868256,27148.9714956719,-5.63129789712649e-17,0.0180401896333428,0,0,0,-7.6165453798739,-7.59850519024055,-7.6165453798739,1.01820389868256,27148.9714956719,1.18099974244501e-16
261,-7.78422704771085,0.501720732156513,-0.436762876451857,2.68047371284012e-12,1.08872308071266,78715.7736223362,3.55980677034672e-16,0.0850053430336262,0.0177777777777778,0,0,-7.78422704771085,-7.69922170467722,-7.78422704771084,1.08872308071266,78715.7736223359,8.9712188295405e-17
262,-7.43070689904569,0.514870948073305,-0.439172469157557,6.50347800780864e-12,1.04008434811041,4949.41435509518,3.05249652714994e-16,0.039301808224756,0.0111111111111111,0,0,-7.43070689904569,-7.39140509082094,-7.43070689904569,1.04008434811041,4949.41435509517,8.14240650212936e-17
263,-7.96056742792636,0.535898492923212,-0.399289008242728,2.6515500640729e-10,1.02764249100726,2275485.07943711,-1.70635110979194e-16,0.0272673319894252,0,0,0,-7.96056742792636,-7.93330009593694,-7.96056742792636,1.02764249100726,2275485.07943711,7.35214358529548e-17
264,-7.60908997045687,0.505615480140969,-0.389014222819993,2.99346278523918e-10,1.04507270024929,510480.620826634,-1.21816137424149e-16,0.0440864526018538,0,0,0,-7.60908997045687,-7.56500351785502,-7.60908997045687,1.04507270024929,510480.620826635,3.24061765076698e-16
265,-7.87179096919346,0.514180284227976,-0.391858662425107,4.75758833543979e-10,1.02294894309033,90472.1027268643,-5.4832681605098e-17,0.0226893727582006,0,0,0,-7.87179096919346,-7.84910159643526,-7.87179096919346,1.02294894309033,90472.1027268643,1.12448630653874e-16
266,-7.6916479943569,0.54837823370506,-0.407124360752863,1.36942226072932e-09,1.04627696431099,100066.692264176,-2.74595161423955e-16,0.0452376994213158,0,0,0,-7.6916479943569,-7.64641029493559,-7.6916479943569,1.04627696431099,100066.692264176,1.38720053962279e-16
267,-7.90756963684271,0.505575119509985,-0.455436233102456,1.5545493062173e-10,1.01425202162901,30771.1440242444,1.96756191586347e-17,0.0141513762429468,0,0,0,-7.90756963684271,-7.89341826059976,-7.90756963684271,1.01425202162901,30771.1440242444,6.53952201032679e-17
268,-8.00702945513231,0.489333837650988,-0.466051080610921,1.68067218177844e-10,1.03133432514207,574881.26281032,-1.5419764230905e-16,0.0308533697840487,0,0,0,-8.00702945513231,-7.97617608534826,-8.00702945513231,1.03133432514207,574881.26281032,7.17491267016652e-17
269,-7.91499422048635,0.500074960022373,-0.390603974571054,1.69285664777394e-10,1.0293059589219,182319.097001182,5.16693169731279e-16,0.0288841531159415,0,0,0,-7.91499422048634,-7.8861100673704,-7.91499422048634,1.0293059589219,182319.097001181,3.04301337214794e-16
270,-7.84276430512874,0.565585668652842,-0.408961693222277,3.5560164214822e-11,1.05455519312406,302695.721261997,2.7484187765165e-16,0.0531190307000466,0.02,0,0,-7.84276430512874,-7.7896452744287,-7.84276430512874,1.05455519312406,302695.721261996,7.55105854387415e-17
271,-8.53045470424225,0.602783692776418,-0.434054136313724,2.46637258064494e-11,1.06801786034375,1014527.53294377,4.80973285890387e-16,0.065804164953753,0.0222222222222222,0,0,-8.53045470424225,-8.4646505392885,-8.53045470424225,1.06801786034375,1014527.53294377,9.82547376793264e-17
272,-7.88061052324455,0.518442513659334,-0.431142014017792,8.65452470362815e-11,1.05360167983671,436286.986109998,1.23481471961087e-16,0.0522144615064744,0.0255555555555556,0,0,-7.88061052324455,-7.82839606173807,-7.88061052324455,1.05360167983671,436286.986109997,4.6891503026182e-17
273,-7.93930756624895,0.534931849480979,-0.458519782785102,5.47535430557539e-10,1.03692588736794,508150.674661538,4.14544941583649e-16,0.0362603926719826,0,0,0,-7.93930756624895,-7.90304717357696,-7.93930756624895,1.03692588736794,508150.674661535,1.06103397672857e-16
274,-7.64091714623023,0.577527556633644,-0.433078593532443,3.71297493586256e-11,1.03445135422476,16512.253026626,2.16809594968639e-16,0.0338708090231319,0.0111111111111111,0,0,-7.64091714623023,-7.60704633720709,-7.64091714623022,1.03445135422476,16512.2530266259,6.33829408711348e-17
275,-7.73919915608154,0.517532061383311,-0.423842570349199,7.55105734607478e-12,1.03726471874268,36088.0008661181,-8.04294902284002e-17,0.0365871702859925,0.00888888888888889,0,0,-7.73919915608154,-7.70261198579555,-7.73919915608154,1.03726471874268,36088.0008661182,9.09149299054156e-17
276,-7.66679395600612,0.520372585892418,-0.449395157284139,7.41714574881421e-11,1.07876410510091,93257.0007371453,8.68441121484567e-17,0.0758159875668227,0.0222222222222222,0,0,-7.66679395600612,-7.5909779684393,-7.66679395600612,1.07876410510091,93257.0007371452,5.69606090689629e-17
277,-7.87139150062028,0.466393328281341,-0.435754034683755,3.94648032081208e-10,1.04967807473409,342782.627264021,2.88041195833305e-16,0.0484833757180691,0,0,0,-7.87139150062028,-7.82290812490221,-7.87139150062028,1.04967807473409,342782.62726402,7.54643261460488e-17
278,-8.02053601642397,0.433741717329676,-0.338684175646369,4.34254426841754e-10,1.04155095353125,216051.103498361,-1.21507742139531e-16,0.0407103680600889,0,0,0,-8.02053601642397,-7.97982564836388,-8.02053601642397,1.04155095353125,216051.103498362,1.72832427382098e-16
279,-8.12288823244724,0.382156534049392,-0.369287702138984,1.14821938791765e-10,1.05277639260382,3542685.27807264,5.99674630939894e-16,0.0514305788718634,0,0,0,-8.12288823244724,-8.07145765357537,-8.12288823244724,1.05277639260382,3542685.27807262,7.10237954482724e-17
280,-7.94312278367941,0.482947507099175,-0.369259655440464,5.92984514917036e-10,1.05284776891319,563159.432743486,3.07778494048863e-17,0.0514986536010323,0,0,0,-7.94312278367941,-7.89162413007838,-7.94312278367941,1.05284776891319,563159.432743486,5.88726598335951e-17
281,-7.73513373552158,0.554586019948417,-0.389496263570752,1.0603721149941e-09,1.03217176754167,449253.66926736,-2.43138842392909e-16,0.0316643013776478,0,0,0,-7.73513373552158,-7.70346943414393,-7.73513373552158,1.03217176754167,449253.669267361,1.31819709468949e-16
282,-7.81189406937905,0.497736506353291,-0.420039005725319,2.64722696632441e-10,1.02107663651876,475328.381387234,-2.25398403645253e-17,0.0208575768072525,0,0,0,-7.81189406937905,-7.79103649257179,-7.81189406937905,1.02107663651876,475328.381387234,1.87114984000974e-16
283,-7.84179834361897,0.472504710962107,-0.377164562414137,5.33901472046725e-11,1.07265584773317,321066.715845952,5.42035552244771e-16,0.0701376293724452,0.0255555555555556,0,0,-7.84179834361897,-7.77166071424652,-7.84179834361897,1.07265584773317,321066.71584595,6.85408520063725e-17
284,-7.75458828304962,0.504288763024264,-0.351161831305915,3.82985199260507e-12,1.0302474816357,6997.24363466126,-1.26681073039e-16,0.0297990336403747,0.0144444444444444,0,0,-7.75458828304962,-7.72478924940924,-7.75458828304962,1.03024748163571,6997.24363466127,3.65217115808984e-17
285,-7.16309363830019,0.500032237752479,-0.377936616925531,0.014397467082694,1.00750143426048,41.2618556746673,1.98606563294056e-17,0.00747338398397974,0,0,0,-7.16309363830019,-7.15562025431621,-7.16309363830019,1.00750143426048,41.2618556746673,5.6860380601462e-17
286,-7.84553589875061,0.566183092596754,-0.374063129491006,3.20221812657606e-10,1.02477495383733,701483.60373195,4.56425021234787e-18,0.024473019749604,0,0,0,-7.84553589875061,-7.82106287900101,-7.84553589875061,1.02477495383733,701483.603731949,2.88411270174846e-16
287,-7.85805995134154,0.597407152128176,-0.443638350118639,3.5685574766013e-10,1.03961136492415,593100.555480296,3.82718548211061e-17,0.038846174120789,0,0,0,-7.85805995134154,-7.81921377722075,-7.85805995134154,1.03961136492415,593100.555480296,6.9111383282916e-17
288,-8.04231222270184,0.538607499589961,-0.4432428941758,2.25477736413561e-10,1.06317999284281,71555.5934045708,9.75145889962429e-17,0.0612642160284377,0,0,0,-8.04231222270184,-7.9810480066734,-8.04231222270184,1.06317999284281,71555.5934045707,7.04451928888893e-17
289,-7.92866898187425,0.523959111466728,-0.352728160765946,4.94733142753235e-10,1.06866695641832,361926.714411682,-1.2011996335875e-16,0.0664113040914797,0,0,0,-7.92866898187425,-7.86225767778277,-7.92866898187425,1.06866695641832,361926.714411683,1.7432043463038e-16
290,-7.74561477111776,0.446950440331622,-0.3531954412529,5.27247215736455e-11,1.049077313239,267025.223049807,2.32283328374352e-16,0.0479109970054253,0.0222222222222222,0,0,-7.74561477111776,-7.69770377411234,-7.74561477111776,1.049077313239,267025.223049807,1.40994469186337e-16
291,-7.70163714559471,0.451202886195641,-0.40141511075941,1.94188044996978e-11,1.05368474627733,16562.7102873357,1.25825276124184e-16,0.0522930036071833,0.0155555555555556,0,0,-7.70163714559471,-7.64934414198753,-7.70163714559471,1.05368474627733,16562.7102873357,1.08597544537206e-16
292,-7.98857632763389,0.466440669317492,-0.399033115856928,3.52588820106814e-10,1.05207478762584,376868.035566088,3.49843610870772e-16,0.0507642013048342,0,0,0,-7.98857632763389,-7.93781212632906,-7.98857632763389,1.05207478762584,376868.035566087,6.07847105982273e-17
293,-7.89218445303462,0.47245983362603,-0.341916400298188,1.74262589127499e-10,1.03552175704904,176249.588807659,-1.10405511893279e-16,0.0349053821629032,0,0,0,-7.89218445303462,-7.85727907087172,-7.89218445303462,1.03552175704904,176249.588807659,7.22146108343856e-17
294,-7.96978692910535,0.502226062115649,-0.311272500913615,2.97268571387981e-10,1.04709033789237,423408.014088237,-3.62611175653961e-16,0.0460147046631616,0,0,0,-7.96978692910535,-7.92377222444219,-7.96978692910535,1.04709033789237,423408.014088238,4.2018857529216e-16
295,-7.49748839191339,0.50664773323882,-0.40099283745989,2.10355445957717e-11,1.04168921886619,53609.2862242619,1.60365548001411e-18,0.0408436386270118,0.0188888888888889,0,0,-7.49748839191339,-7.45664475328638,-7.49748839191339,1.04168921886619,53609.2862242619,1.66575858045408e-16
296,-7.40618505305689,0.525767651192537,-0.394365196614369,9.85875228020264e-12,1.06762897962824,7898.52277339952,3.70814490224802e-16,0.0654402207584716,0.0155555555555556,0,0,-7.40618505305689,-7.34074483229842,-7.40618505305689,1.06762897962824,7898.5227733995,4.05303684133014e-17
297,-7.78790595214553,0.50804277378416,-0.367341799191535,9.67739620013239e-11,1.07788622249644,251232.685617372,-7.0560841120621e-17,0.0750018541479904,0.0244444444444444,0,0,-7.78790595214553,-7.71290409799754,-7.78790595214553,1.07788622249644,251232.685617372,1.64435402023106e-16
298,-7.76328414513138,0.482782158299745,-0.403413254953429,4.29336080033949e-10,1.03644493721849,163960.727281209,-2.55166258493015e-16,0.0357962187273572,0,0,0,-7.76328414513138,-7.72748792640402,-7.76328414513138,1.03644493721849,163960.727281209,6.74360499926098e-16
299,-7.11925348858548,0.539361656880384,-0.40733350384525,1.62065647587622e-11,1.01889392692279,1697.12913934736,2.78295904839373e-16,0.0187176470176933,0.0122222222222222,0,0,-7.11925348858548,-7.10053584156779,-7.11925348858548,1.01889392692279,1697.12913934736,5.51410768897161e-17
300,-7.52181224233949,0.580073458171528,-0.413368357436471,1.19680764179471e-11,1.04079128912279,12797.1917318683,1.005368627855e-16,0.0399811728975712,0.0144444444444444,0,0,-7.52181224233949,-7.48183106944192,-7.52181224233949,1.04079128912279,12797.1917318683,9.12695844827264e-17
301,-7.89353743270081,0.568210686814762,-0.346466787449253,1.47283884862939e-10,1.02823307311933,617647.619812537,-3.18510649953573e-16,0.0278415581723893,0,0,0,-7.89353743270081,-7.86569587452842,-7.89353743270081,1.02823307311933,617647.619812539,3.09382149528877e-16
302,-7.77229820017503,0.533301887774125,-0.407249614489152,7.78981641634592e-11,1.0451684097293,611610.251083787,1.7788240016772e-16,0.0441780068769746,0.0222222222222222,0,0,-7.77229820017503,-7.72812019329806,-7.77229820017503,1.0451684097293,611610.251083786,1.30297007751147e-16
303,-8.14596747837495,0.4928004756031,-0.405679231171875,4.70377339170879e-11,1.06344663792777,819181.062982577,2.25714508811987e-16,0.0615151640197661,0.0233333333333333,0,0,-8.14596747837495,-8.08445231435519,-8.14596747837495,1.06344663792777,819181.062982575,8.27578746272669e-17
304,-7.42774593481107,0.529913695672665,-0.412961887048713,4.93784796988687e-10,1.02742003446528,11314.8725212578,1.46441500900904e-16,0.0270505537388971,0,0,0,-7.42774593481107,-7.40069538107218,-7.42774593481107,1.02742003446528,11314.8725212577,1.69663665832647e-16
305,-8.14303371901471,0.586884123152213,-0.393997697921632,1.04150203281487e-09,1.06134219998005,5587613.0850793,-8.468534515613e-17,0.0595343108782964,0,0,0,-8.14303371901471,-8.08349940813641,-8.14303371901471,1.06134219998005,5587613.08507931,1.2506970767687e-16
306,-7.63119811734391,0.520936311089477,-0.392653103798957,8.65968372919233e-12,1.03029571048104,133884.734805991,4.95467864267438e-16,0.0298458445932905,0.0211111111111111,0,0,-7.6311981173439,-7.60135227275062,-7.6311981173439,1.03029571048104,133884.73480599,3.21417275511098e-16
307,-7.72060057836082,0.509591654948542,-0.389658175503863,2.70642863255069e-09,1.01196194412572,54373.1669708036,1.62185080180658e-16,0.0118908528753183,0,0,0,-7.72060057836082,-7.7087097254855,-7.72060057836082,1.01196194412572,54373.1669708035,7.79700378335709e-17
308,-7.70181292269949,0.543993851327086,-0.448028639375726,1.97693184164365e-10,1.05650265944389,450223.205856996,-4.7862948172729e-17,0.0549632053147884,0,0,0,-7.70181292269949,-7.6468497173847,-7.70181292269949,1.05650265944389,450223.205856996,1.08000028673258e-16
309,-8.14552210095587,0.46678539189121,-0.407454974523357,2.2010076313313e-11,1.06532811879024,3583.96520554592,2.15629983004975e-16,0.0632828163380054,0.0166666666666667,0,0,-8.14552210095587,-8.08223928461787,-8.14552210095587,1.06532811879024,3583.96520554591,7.20719780152497e-17
310,-7.74635604774648,0.569878198975813,-0.425519074521929,4.14143995763866e-12,1.03225735196517,74661.8782491623,5.93969318174459e-17,0.0317478308493202,0.0122222222222222,0,0,-7.74635604774648,-7.71460821689716,-7.74635604774648,1.03225735196517,74661.8782491622,1.37521167293326e-16
311,-7.62054886775366,0.562338661297771,-0.408669372977353,1.87866124881026e-10,1.03259292688697,21036.0082142308,2.30926389122033e-16,0.032073020335645,0,0,0,-7.62054886775366,-7.58847584741802,-7.62054886775366,1.03259292688697,21036.0082142307,1.71899531646128e-16
312,-8.09369096699585,0.545584210119682,-0.427928772088717,1.821613987394e-10,1.02837370414018,2157956.11685541,8.98316914681945e-17,0.027978622718362,0,0,0,-8.09369096699585,-8.06571234427748,-8.09369096699585,1.02837370414018,2157956.11685541,7.98396842465681e-17
313,-7.7679741529153,0.469502375712107,-0.388071794278209,1.55334477820864e-10,1.04528730843922,109413.628049799,-2.6205889310423e-16,0.0442915049868887,0,0,0,-7.7679741529153,-7.72368264792841,-7.7679741529153,1.04528730843922,109413.628049799,4.3671856254769e-16
314,-7.52908540255591,0.510223726271746,-0.38079439204982,2.25464813909218e-11,1.03010384570385,80174.6912081037,7.06225201775447e-17,0.0296596027682834,0.0144444444444444,0,0,-7.52908540255591,-7.49942579978763,-7.52908540255591,1.03010384570385,80174.6912081037,4.31136607896102e-17
315,-8.24851965079964,0.498587915761127,-0.382203752616795,2.82454911068476e-11,1.02708586919044,471010.518501273,1.84235343030852e-16,0.0267255377296966,0.0177777777777778,0,0,-8.24851965079964,-8.22179411306994,-8.24851965079964,1.02708586919044,471010.518501273,3.47869881049216e-17
316,-7.80054109669874,0.491030403329516,-0.400203877917951,8.83404202883401e-11,1.02214802907256,37097.4132021606,1.87504333047804e-16,0.0219059462538051,0.00555555555555556,0,0,-7.80054109669874,-7.77863515044494,-7.80054109669874,1.02214802907256,37097.4132021605,1.08832695941727e-16
317,-8.07103879784111,0.513543379615203,-0.382378809702409,7.65291668103049e-10,1.02442288808769,2490031.0825221,-1.93610559683243e-16,0.0241292273159624,0,0,0,-8.07103879784111,-8.04690957052515,-8.07103879784111,1.02442288808769,2490031.08252211,1.19826987838362e-16
318,-7.93006306754504,0.522965929233377,-0.384264823288107,3.56056996456777e-11,1.05809960550722,810155.572653802,2.93283915671812e-16,0.0564739479580424,0.0233333333333333,0,0,-7.93006306754504,-7.873589119587,-7.93006306754504,1.05809960550722,810155.5726538,1.0116521817791e-16
319,-7.47839009751377,0.530087174939731,-0.470218386514944,1.8354110525266e-09,1.00708735612261,48773.520295256,-4.10782519111308e-16,0.00706233086702712,0,0,0,-7.47839009751377,-7.47132776664674,-7.47839009751377,1.00708735612261,48773.5202952561,6.98206924375376e-17
320,-7.90510514612189,0.500792680640805,-0.434808177789491,2.60681429795924e-10,1.02412360481835,1398011.67128939,4.10412444769766e-16,0.0238372223910567,0,0,0,-7.90510514612189,-7.88126792373083,-7.90510514612189,1.02412360481835,1398011.67128938,3.72965547335014e-17
321,-7.78187397646405,0.451147031795949,-0.416985132820417,5.00848244984478e-10,1.04820866958618,158872.526516279,5.33893916730853e-16,0.0470824573260568,0,0,0,-7.78187397646405,-7.73479151913799,-7.78187397646405,1.04820866958618,158872.526516278,2.04681950401032e-16
322,-8.0820867662597,0.508446030393427,-0.416842515010311,9.60985447275181e-11,1.04833768830441,144641.858899334,2.04003480774873e-16,0.0472057553874826,0.0255555555555556,0,0,-8.0820867662597,-8.03488101087222,-8.0820867662597,1.04833768830441,144641.858899334,1.39487187232766e-16
323,-7.66674134895147,0.458476398187206,-0.359004538487187,1.12575868678792e-10,1.02025144732731,264274.594511513,2.1896065207885e-16,0.0200491138403236,0,0,0,-7.66674134895147,-7.64669223511115,-7.66674134895147,1.02025144732731,264274.594511512,3.30183411476368e-16
324,-7.75739369127971,0.501479897655459,-0.367273841020116,1.8011663401433e-10,1.06468644997441,129140.25525123,-9.37752961702485e-17,0.0626803385961872,0,0,0,-7.75739369127971,-7.69471335268353,-7.75739369127971,1.06468644997441,129140.255251231,7.25577005885233e-17
325,-7.49963508844941,0.508630000149318,-0.455768925069162,1.93611404483246e-12,1.03307132862657,19350.2976194883,2.58412118863621e-16,0.0325362184705846,0.01,0,0,-7.49963508844941,-7.46709886997883,-7.49963508844941,1.03307132862657,19350.2976194883,1.24580130162539e-16
326,-8.44366377679188,0.500444016942074,-0.406921176378492,5.89588980154495e-11,1.0307681751561,1016286.17633338,7.89276051923101e-16,0.0303042635342017,0.0255555555555556,0,0,-8.44366377679188,-8.41335951325768,-8.44366377679188,1.0307681751561,1016286.17633337,2.22831012900807e-16
327,-7.2193023295305,0.487366004853125,-0.390002290586241,1.61138246176174e-13,1.02363458024038,4566.38038915705,5.28774555006193e-16,0.0233595764415556,0.01,0,0,-7.2193023295305,-7.19594275308894,-7.2193023295305,1.02363458024038,4566.38038915703,1.14877243520242e-16
328,-7.53033883711561,0.396083597302135,-0.394950500855969,2.7643434194023e-11,1.04054656818256,109679.747195031,3.39254087785198e-16,0.0397460285141547,0.0188888888888889,0,0,-7.53033883711561,-7.49059280860145,-7.53033883711561,1.04054656818256,109679.74719503,2.15390976659396e-16
329,-8.04334359737169,0.510942621955406,-0.386063596485843,2.68140135878788e-10,1.03462572301495,2345409.91755563,-1.26592409394672e-16,0.0340397148428252,0,0,0,-8.04334359737169,-8.00930388252887,-8.04334359737169,1.03462572301495,2345409.91755563,1.66737765569833e-16
330,-7.83209373334236,0.487919047240116,-0.423465336649896,3.12856973811355e-10,1.04351999444778,471404.509247513,2.63662548584244e-16,0.0425994408594618,0,0,0,-7.83209373334236,-7.78949429248289,-7.83209373334236,1.04351999444778,471404.509247512,2.92859872155462e-16
331,-8.0135792169,0.563719716302174,-0.461563193155692,1.03800461542702e-10,1.04616674726269,121486.75325543,2.72960666415479e-16,0.0451327556558064,0,0,0,-8.0135792169,-7.9684464612442,-8.0135792169,1.04616674726269,121486.75325543,1.3205486087347e-16
332,-8.19803668077618,0.568913812940951,-0.359675838394109,1.67667058062364e-10,1.04997268651846,822470.558606667,4.0520056445972e-16,0.0487640979434434,0,0,0,-8.19803668077618,-8.14927258283273,-8.19803668077618,1.04997268651846,822470.558606664,1.37020024955821e-16
333,-7.39988269994174,0.489471813511298,-0.374423413365815,7.05756236108542e-13,1.01952062993783,1747.8903484808,-1.63449500847592e-17,0.0193321649787387,0.00777777777777778,0,0,-7.39988269994174,-7.38055053496301,-7.39988269994174,1.01952062993783,1747.8903484808,5.71726308271378e-17
334,-7.58533744117192,0.554197872304714,-0.390297613284617,1.21236042552752e-10,1.04842559100434,118812.917560373,4.13743113843642e-16,0.047289601266235,0,0,0,-7.58533744117192,-7.53804783990569,-7.58533744117192,1.04842559100434,118812.917560373,2.06038889653352e-16
335,-7.8482270250065,0.459043724719303,-0.330994646736724,1.47457634514676e-10,1.02911131720009,609827.35715923,1.72701359386135e-16,0.0286956247234552,0,0,0,-7.8482270250065,-7.81953140028304,-7.8482270250065,1.02911131720009,609827.357159229,9.85831304706814e-17
336,-6.90953766081906,0.523662770382893,-0.370915463356911,6.68669078253597e-13,1.01830421781709,550.123021669836,1.39425508175843e-16,0.0181385786496723,0.00444444444444444,0,0,-6.90953766081906,-6.89139908216938,-6.90953766081906,1.01830421781709,550.123021669835,6.9265580925225e-17
337,-7.85178732835564,0.487390171704157,-0.36181700464587,2.5863262571109e-10,1.04191053734998,772808.337345826,-1.62881619843026e-16,0.0410551630898101,0,0,0,-7.85178732835564,-7.81073216526583,-7.85178732835564,1.04191053734998,772808.337345827,6.30579211532053e-17
338,-7.87912936564063,0.52810496386538,-0.370781154911226,5.42039610264535e-10,1.05503905500767,907968.713621927,-1.89663100040131e-17,0.0535754555707293,0,0,0,-7.87912936564063,-7.8255539100699,-7.87912936564063,1.05503905500767,907968.713621927,3.60822483003176e-17
339,-7.88551318407325,0.541567145917579,-0.385039179627981,6.21160170322168e-11,1.05036974790309,292967.138856712,3.31216535679838e-16,0.0491420330205026,0.0233333333333333,0,0,-7.88551318407325,-7.83637115105275,-7.88551318407325,1.05036974790309,292967.138856712,1.33943781991756e-16
340,-7.70203010953476,0.536538140905914,-0.391640727547664,4.33186474495922e-11,1.04963428809156,209326.580315455,1.69278171726875e-16,0.0484417629338012,0.0255555555555556,0,0,-7.70203010953476,-7.65358834660096,-7.70203010953476,1.04963428809156,209326.580315454,7.07458782913919e-17
341,-7.85661217553336,0.528489160758443,-0.470903919634991,4.37923002589858e-11,1.05471820109483,709587.793404403,2.24881841543518e-16,0.0532736067074991,0.0266666666666667,0,0,-7.85661217553336,-7.80333856882586,-7.85661217553336,1.05471820109483,709587.793404401,7.33055591537221e-17
342,-8.0370777965558,0.51240596213125,-0.423707932577103,1.21541796431791e-10,1.04736479342317,1763329.55754954,6.00075544809897e-16,0.0462772650899875,0,0,0,-8.0370777965558,-7.99080053146581,-8.0370777965558,1.04736479342317,1763329.55754953,2.10323656639015e-16
343,-7.94404766386143,0.52358968313849,-0.419842993236261,1.02937534392323e-09,1.00184672401311,330834.20569638,-2.36107429903617e-16,0.00184501312416781,0,0,0,-7.94404766386143,-7.94220265073726,-7.94404766386143,1.00184672401311,330834.205696381,2.05547384668492e-16
344,-7.87074760752143,0.550764064630104,-0.414772873351058,4.73024831986341e-10,1.04627851953641,574545.732278844,-5.30470729071592e-16,0.0452391610851572,0,0,0,-7.87074760752143,-7.82550844643627,-7.87074760752143,1.04627851953641,574545.732278847,4.45452895249233e-16
345,-7.68238716550512,0.607537270240649,-0.416180644427647,2.16435190573705e-10,1.0559596839818,49286.7658640239,-2.17182560515974e-16,0.0544499085735576,0,0,0,-7.68238716550512,-7.62793725693157,-7.68238716550512,1.0559596839818,49286.765864024,2.52644163305998e-16
346,-7.95702803359305,0.495403908692868,-0.408714839893002,2.22620216727132e-09,1.03455797596157,86525.6659988638,-1.25636384012356e-16,0.0339742381321423,0,0,0,-7.95702803359305,-7.9230537954609,-7.95702803359305,1.03455797596157,86525.6659988641,8.25458528690919e-17
347,-7.74924959626697,0.507011545657386,-0.389041324400784,3.52098275434065e-11,1.03439552190521,112194.710231071,-2.13964648468037e-16,0.0338172105436143,0.0166666666666667,0,0,-7.74924959626697,-7.71543238572335,-7.74924959626697,1.03439552190521,112194.710231072,3.52295353383485e-16
348,-7.64706553120872,0.532931227648452,-0.402495927491389,1.0814808214603e-10,1.06061254448318,195546.22228248,-9.54175010608398e-17,0.0588464957512033,0,0,0,-7.64706553120872,-7.58821903545752,-7.64706553120872,1.06061254448318,195546.22228248,1.19657370431822e-16
349,-7.88026889930394,0.517367156441548,-0.40335818589625,1.57054407033897e-10,1.03135137298254,331846.508921144,-3.88269663334187e-16,0.0308699514563388,0,0,0,-7.88026889930394,-7.8493989478476,-7.88026889930394,1.03135137298254,331846.508921145,4.82021829858089e-16
350,-8.03775942408209,0.523633265735894,-0.42578236450572,2.37258855370502e-10,1.0392157908437,1727663.58644773,2.62105152396922e-16,0.0384661209034908,0,0,0,-8.03775942408209,-7.9992933031786,-8.03775942408209,1.0392157908437,1727663.58644772,6.18949336228525e-17
351,-7.80901943974865,0.561256450497445,-0.374044683391022,4.04503579934309e-11,1.02926028595259,303308.039277365,3.57275937230068e-16,0.0288402977567358,0.0155555555555556,0,0,-7.80901943974865,-7.78017914199191,-7.80901943974865,1.02926028595259,303308.039277364,1.33843553524255e-16
352,-7.44876685019697,0.542789178122501,-0.390924768822553,2.87431904435699e-10,1.04552247562386,26236.2121818217,3.11016644537353e-17,0.044516731297917,0,0,0,-7.44876685019697,-7.40425011889905,-7.44876685019697,1.04552247562386,26236.2121818217,8.10617005618673e-17
353,-7.75242252619159,0.555529524002696,-0.440309067836505,4.8010962424384e-11,1.06138894921719,64962.2261185097,1.30019451994991e-16,0.0595783499511693,0.0222222222222222,0,0,-7.75242252619159,-7.69284417624042,-7.75242252619159,1.06138894921719,64962.2261185095,1.02047999680129e-16
354,-7.41539173112729,0.477261363540384,-0.34866131194666,1.46509544316155e-12,1.02183346592034,944.904550698298,4.74928738311872e-17,0.0215984752275531,0.00666666666666667,0,0,-7.41539173112729,-7.39379325589974,-7.41539173112729,1.02183346592034,944.904550698297,3.9582534780733e-17
355,-7.46102020195422,0.504468615063836,-0.422363998338388,1.04277646539061e-11,1.03282892414116,21158.1522255772,1.04592260778228e-16,0.0323014414859253,0.00888888888888889,0,0,-7.46102020195422,-7.4287187604683,-7.46102020195422,1.03282892414116,21158.1522255772,6.37453053305611e-17
356,-7.96760468649894,0.439740509883047,-0.385844722443304,9.44885707978506e-10,1.04005016870877,541900.929063895,-2.35613997448228e-17,0.0392689100113222,0,0,0,-7.96760468649894,-7.92833577648761,-7.96760468649894,1.04005016870877,541900.929063895,8.1516583606679e-17
357,-7.73904878227249,0.4959324694528,-0.435585953524681,1.70845963108057e-10,1.05703115982322,352908.675449877,3.89749960700354e-16,0.0554640141482812,0,0,0,-7.73904878227249,-7.68358476812421,-7.73904878227249,1.05703115982322,352908.675449875,1.57421336768573e-16
358,-7.67109830942891,0.514844341685518,-0.411732401474581,5.95205683297394e-10,1.04803726720441,83959.3230691353,-1.284774755719e-16,0.0469190616098069,0,0,0,-7.67109830942891,-7.6241792478191,-7.67109830942891,1.04803726720441,83959.3230691354,2.58535476977468e-16
359,-8.03651981758724,0.499925443260327,-0.43711984434863,3.50442941898378e-11,1.04404548785984,69930.0581495441,-6.54414793959606e-17,0.0431030242726235,0.0211111111111111,0,0,-8.03651981758724,-7.99341679331461,-8.03651981758724,1.04404548785984,69930.0581495441,1.34814998670802e-16
360,-7.91355748911955,0.520657984078278,-0.413108588419301,5.70196140551438e-11,1.03254108791376,353489.432017724,-2.29661968455098e-16,0.0320227073550251,0.0233333333333333,0,0,-7.91355748911955,-7.88153478176453,-7.91355748911955,1.03254108791376,353489.432017724,1.37883531752752e-16
361,-7.74401493129139,0.522995651923639,-0.42316163826912,1.82117868939449e-11,1.07382803634387,174529.821724328,4.29239976895701e-16,0.0712298415472289,0.0222222222222222,0,0,-7.74401493129139,-7.67278508974416,-7.74401493129138,1.07382803634387,174529.821724327,1.83429660349788e-16
362,-7.87821982924356,0.521624649223044,-0.43493559017826,1.24511985737851e-10,1.04393481730022,170992.429404333,-1.16265022301023e-17,0.0429970501693852,0,0,0,-7.87821982924356,-7.83522277907417,-7.87821982924356,1.04393481730022,170992.429404333,8.68286923842258e-17
363,-7.74280223620518,0.560370586476612,-0.41178284588479,2.96400361950916e-10,1.02946240392366,589288.195506748,3.42395864747244e-16,0.0290366964885016,0,0,0,-7.74280223620518,-7.71376553971668,-7.74280223620518,1.02946240392366,589288.195506746,1.20671219930004e-16
364,-7.73998563543833,0.468628451080033,-0.375993127957905,2.0142306570621e-09,1.03646047236681,21924.3547861414,-2.92975520387194e-17,0.0358115048071332,0,0,0,-7.73998563543833,-7.7041741306312,-7.73998563543833,1.03646047236681,21924.3547861415,7.29958387331155e-17
365,-7.40558431109146,0.485936063614955,-0.369001953622513,8.67573783634377e-12,1.08498777530408,8793.69018252507,3.06174838568849e-16,0.0815685433704744,0.01,0,0,-7.40558431109146,-7.32401576772098,-7.40558431109146,1.08498777530408,8793.69018252504,1.72809297735752e-16
366,-7.89426370871239,0.521031854523816,-0.397261353661027,8.31928187068794e-10,1.03194131284823,2197852.116601,2.54148554053775e-16,0.0314417961081805,0,0,0,-7.89426370871239,-7.86282191260421,-7.89426370871239,1.03194131284823,2197852.11660099,1.36742469199665e-16
367,-7.497064563688,0.556075216807224,-0.378726834730418,6.29562297095008e-12,1.04303476885185,39286.1919954421,6.4179371693661e-16,0.0421344893223983,0.0188888888888889,0,0,-7.497064563688,-7.4549300743656,-7.497064563688,1.04303476885185,39286.1919954419,1.08639948888841e-16
368,-7.87685733295596,0.503705056316236,-0.365219472607085,4.38427666984348e-11,1.04316499209605,1713759.3750388,-1.72084568816899e-17,0.0422591868811825,0.02,0,0,-7.87685733295596,-7.83459814607478,-7.87685733295596,1.04316499209605,1713759.3750388,7.43541031214237e-17
369,-7.84238772231837,0.504990601385862,-0.401775975633186,7.85382631116918e-12,1.02740491594844,312000.093281276,2.0736498937721e-16,0.0270353831700644,0.0211111111111111,0,0,-7.84238772231837,-7.81535233914831,-7.84238772231837,1.02740491594844,312000.093281275,1.45285018583586e-16
370,-7.78172557095136,0.5205721310096,-0.440898748350145,9.64289529954217e-10,1.04095830314281,797374.395612945,3.89564923529583e-16,0.0401383623932778,0,0,0,-7.78172557095136,-7.74158720855808,-7.78172557095136,1.04095830314281,797374.395612942,2.51843299301255e-17
371,-7.849279302927,0.578294661703163,-0.479716556154588,9.5051138550942e-10,1.04168564444868,482245.655122782,2.55035190497052e-16,0.0408401070732899,0,0,0,-7.849279302927,-7.80843919585371,-7.849279302927,1.04168564444868,482245.655122781,1.32758387616505e-16
372,-7.7107145079554,0.557778108851975,-0.417988604539196,5.10713054458789e-10,1.0395564228139,587104.292082868,1.49047441055927e-16,0.0387940690528237,0,0,0,-7.7107145079554,-7.67192043890257,-7.7107145079554,1.0395564228139,587104.292082867,7.25962499991005e-17
373,-7.65420917658918,0.544874562787024,-0.397705087094226,7.75201553391488e-11,1.03266657024924,289120.533187178,1.85962356624714e-16,0.0321441937251983,0.0177777777777778,0,0,-7.65420917658918,-7.62206498286398,-7.65420917658918,1.03266657024924,289120.533187178,1.41445497290091e-16
374,-7.96712247055611,0.590073226116523,-0.431008887368396,1.46692749431492e-09,1.02596944752726,2157418.63607255,2.58805322851509e-16,0.02563796471714,0,0,0,-7.96712247055611,-7.94148450583897,-7.96712247055611,1.02596944752726,2157418.63607255,1.08192775726145e-16
375,-7.80862193041933,0.520598517862183,-0.377586735207804,6.99580875342989e-11,1.04785212284876,313068.056534344,2.63307894006933e-16,0.0467420307674006,0.0255555555555556,0,0,-7.80862193041933,-7.76187989965193,-7.80862193041933,1.04785212284876,313068.056534343,1.62185080180658e-16
376,-7.59429850089693,0.550198990751724,-0.368919786324213,3.59128577801227e-11,1.0231939684775,114140.74345071,2.49584303841428e-16,0.0229290764443832,0.02,0,0,-7.59429850089693,-7.57136942445255,-7.59429850089693,1.0231939684775,114140.74345071,1.01177746736347e-16
377,-7.58610756190477,0.520736586083586,-0.404958521144075,4.60284751962012e-11,1.05581855510503,8714.11981212863,3.2902692915905e-16,0.0543163317364894,0.0188888888888889,0,0,-7.58610756190477,-7.53179123016828,-7.58610756190477,1.05581855510503,8714.11981212861,2.19084010192698e-16
378,-7.59550945052304,0.542849545881541,-0.398242245264526,1.91940751787156e-10,1.00565654673183,312946.331441205,1.69062295027642e-16,0.00563942628091715,0,0,0,-7.59550945052304,-7.58987002424212,-7.59550945052304,1.00565654673183,312946.331441205,7.11159526329336e-17
379,-7.97149831262667,0.552248443291105,-0.435413575003741,1.43978088548063e-10,1.05027320301152,374215.68142779,2.02399825294858e-16,0.0490496016949267,0,0,0,-7.97149831262667,-7.92244871093174,-7.97149831262667,1.05027320301152,374215.68142779,6.64513293927952e-16
380,-8.07276350836045,0.529862546805456,-0.430408174755296,6.38674226558667e-10,1.05884764302435,403898.646699249,-1.89354704755513e-16,0.0571811875474552,0,0,0,-8.07276350836045,-8.015582320813,-8.07276350836045,1.05884764302435,403898.64669925,1.38577421143143e-16
381,-7.57054245771628,0.570700496168581,-0.37727059536147,6.75391597597175e-12,1.06110288900698,48823.4184604242,1.86671665779335e-16,0.0593084256037138,0.02,0,0,-7.57054245771628,-7.51123403211257,-7.57054245771628,1.06110288900698,48823.4184604241,7.84557604068444e-17
382,-7.74122718452612,0.55380989061334,-0.392913054952841,4.61187364915418e-10,1.02453274835936,460279.75277338,3.74885307981761e-16,0.024236638232994,0,0,0,-7.74122718452612,-7.71699054629313,-7.74122718452612,1.02453274835936,460279.752773378,9.32109327993973e-16
383,-8.05065269154544,0.471220334727969,-0.391057692251011,8.06507587171845e-11,1.04048922587999,1851852.17240887,2.62999498722315e-16,0.0396909590593663,0.0266666666666667,0,0,-8.05065269154544,-8.01096173248607,-8.05065269154544,1.04048922587999,1851852.17240887,1.48831564356695e-16
384,-7.79554508012353,0.494766649980277,-0.385372094060862,2.69663145747058e-11,1.03565503034053,266467.276211246,2.42614570409059e-16,0.0350340925602723,0.0166666666666667,0,0,-7.79554508012353,-7.76051098756326,-7.79554508012353,1.03565503034053,266467.276211246,2.17364706480952e-16
385,-7.80627351249815,0.508280887512863,-0.36982320322586,3.88288222913921e-11,1.05073919048934,269267.73586064,3.16783636359711e-16,0.0494913441052891,0.0222222222222222,0,0,-7.80627351249815,-7.75678216839286,-7.80627351249814,1.05073919048934,269267.735860639,2.48050037300453e-16
386,-7.66899310466744,0.498088945959173,-0.397225780410209,3.95368997174585e-10,1.03135825558368,37133.7885450993,-2.28998918593169e-16,0.0308766208763497,0,0,0,-7.66899310466744,-7.63811648379109,-7.66899310466744,1.03135825558368,37133.7885450994,1.25979473766493e-16
387,-7.47492186572339,0.520532265902821,-0.369203003968199,3.18124715653642e-11,1.05421528861869,23666.8482104691,-1.02757308834751e-16,0.0527966869861965,0.01,0,0,-7.47492186572339,-7.4221251787372,-7.47492186572339,1.05421528861869,23666.8482104691,6.02450188501456e-17
388,-7.44131731632484,0.468808469060615,-0.400814616311582,1.31673668747791e-11,1.06587150795092,6040.44401832808,2.55659690948404e-17,0.0637926930206415,0.0166666666666667,0,0,-7.44131731632484,-7.3775246233042,-7.44131731632484,1.06587150795092,6040.44401832808,1.30900306026681e-16
389,-7.6481697128264,0.574670485135616,-0.377256415829505,3.48933243082261e-09,1.04509151606465,406568.707764907,4.00543795661987e-16,0.0441038431913505,0,0,0,-7.6481697128264,-7.60406586963505,-7.6481697128264,1.04509151606465,406568.707764906,2.17117990253257e-16
390,-7.79344460968206,0.487923589820231,-0.43144951397574,6.69079843599005e-11,1.03265493846182,367390.177437119,2.62135991925384e-16,0.032133091151504,0.0266666666666667,0,0,-7.79344460968206,-7.76131151853056,-7.79344460968206,1.03265493846182,367390.177437118,6.30359961759394e-17
391,-8.14369305588162,0.516694213610615,-0.42395632502659,9.22427539986764e-11,1.02651310366577,94805.3071519328,1.30667082092689e-16,0.026167717703894,0.0222222222222222,0,0,-8.14369305588162,-8.11752533817773,-8.14369305588162,1.02651310366577,94805.3071519327,4.25354196309513e-17
392,-7.71023952617987,0.547389366007992,-0.452153013571276,1.59896752450202e-10,1.04246951800995,126581.914470386,5.48080099823286e-16,0.0415924073244599,0,0,0,-7.71023952617987,-7.66864711885541,-7.71023952617987,1.04246951800995,126581.914470385,1.23404373139932e-16
393,-8.0393890368711,0.469169405277037,-0.325158043395925,1.92053536173434e-10,1.04889600324164,746305.981560139,7.47550169914272e-17,0.0477381848759732,0,0,0,-8.0393890368711,-7.99165085199512,-8.0393890368711,1.04889600324164,746305.981560138,1.2915594519806e-16
394,-7.89106021466045,0.501614673750802,-0.366167202169544,1.09142673944293e-09,1.02724905765665,487059.872400033,-1.88737914186277e-16,0.0268843531953183,0,0,0,-7.89106021466045,-7.86417586146513,-7.89106021466045,1.02724905765665,487059.872400034,1.79185370245231e-16
395,-7.9044448858762,0.500352406200788,-0.431498451720112,1.54852257277941e-10,1.05193174952208,373247.449215166,-1.64189649530676e-16,0.050628234821357,0,0,0,-7.9044448858762,-7.85381665105485,-7.9044448858762,1.05193174952208,373247.449215167,6.74614685102092e-17
396,-7.28572032737114,0.520447616362859,-0.482959935967667,2.56909825895907e-10,1.04539432846396,2316.69475226325,7.78389698376082e-17,0.0443930272919376,0,0,0,-7.28572032737114,-7.2413273000792,-7.28572032737114,1.04539432846396,2316.69475226325,4.06619182768964e-17
397,-7.5866866721498,0.537527799595212,-0.463508163283853,4.42290322203427e-11,1.04960926459516,11169.0872149257,3.28934410573664e-16,0.0484179522714389,0.0211111111111111,0,0,-7.5866866721498,-7.53826871987837,-7.5866866721498,1.04960926459516,11169.0872149256,1.92639114536696e-16
398,-8.41146789322243,0.505848296805844,-0.457448779443829,1.53882257533361e-10,1.05659329099875,12473285.7504423,6.72702634337459e-16,0.0550498068299889,0,0,0,-8.41146789322243,-8.35641808639244,-8.41146789322243,1.05659329099875,12473285.7504422,2.07472927726826e-16
399,-7.75967625261577,0.52000945429374,-0.41549373905409,7.80327613850568e-11,1.05707319975415,778335.998614018,8.05528483422475e-17,0.0555039517152858,0.0255555555555556,0,0,-7.75967625261577,-7.70417230090048,-7.75967625261577,1.05707319975415,778335.998614017,1.68198788230711e-16
400,-7.80960414702923,0.537616249342459,-0.425898289756286,4.30716082013936e-12,1.03281218834998,78943.3514813365,4.88929884233534e-16,0.0322852767924226,0.0177777777777778,0,0,-7.80960414702923,-7.77731887023681,-7.80960414702923,1.03281218834998,78943.3514813362,2.00378390577713e-16
401,-7.78836412570802,0.584700923799213,-0.401648687867259,9.64842456347313e-11,1.04259724621731,775130.239996736,3.93018950717305e-16,0.0417149085651508,0.0244444444444444,0,0,-7.78836412570802,-7.74664921714287,-7.78836412570802,1.04259724621731,775130.239996734,3.03337601950362e-16
402,-7.92183429291334,0.517322503215753,-0.354506611926873,1.96675837204307e-10,1.04496412430044,438795.806952201,2.07950940417984e-16,0.0439825510532156,0,0,0,-7.92183429291334,-7.87785174186013,-7.92183429291334,1.04496412430044,438795.8069522,2.72970303768124e-16
403,-7.71750232808744,0.570011403285979,-0.364178482091102,1.02070115628477e-09,1.0617733602641,219125.708003941,3.60822483003176e-17,0.0599404867869207,0,0,0,-7.71750232808744,-7.65756184130052,-7.71750232808744,1.0617733602641,219125.708003941,8.8613530093953e-17
404,-8.0360011136356,0.4953993812427,-0.393268879938971,3.94306461605217e-10,1.03063728381618,181605.398153798,1.40011459216617e-16,0.0301772421453924,0,0,0,-8.0360011136356,-8.0058238714902,-8.0360011136356,1.03063728381618,181605.398153798,9.69941719534499e-17
405,-7.8997398409581,0.502645042085142,-0.430983142304512,1.77612196193138e-10,1.02784135972549,1063989.31483991,8.27154702756319e-17,0.0274607662101857,0,0,0,-7.8997398409581,-7.87227907474791,-7.8997398409581,1.02784135972549,1063989.31483991,2.11563020189074e-16
406,-7.9330090936412,0.52432035631635,-0.402903002544849,1.83232699314545e-09,1.01516703744719,173873.905780847,-1.66163379352232e-16,0.0150531141723294,0,0,0,-7.9330090936412,-7.91795597946887,-7.9330090936412,1.01516703744719,173873.905780848,1.99470070090986e-16
407,-8.31249718111975,0.56768971674447,-0.425354861361268,1.21828867765833e-09,1.03063940517751,4026929.21591633,2.92543766988729e-16,0.0301793500088867,0,0,0,-8.31249718111975,-8.28231783111086,-8.31249718111975,1.03063940517751,4026929.21591633,8.72565908416334e-17
408,-7.5303582973206,0.574920423210564,-0.392045597271055,7.2564614592618e-10,1.05062008297125,28555.0770414363,3.27084038865956e-16,0.0493805447822044,0,0,0,-7.5303582973206,-7.48097775253839,-7.5303582973206,1.05062008297125,28555.0770414363,3.0985245233792e-16
409,-7.93596029198637,0.584292078363287,-0.426777145161227,3.37855945427986e-10,1.03068811283655,152883.541556039,8.60731239369114e-17,0.0302265720813265,0,0,0,-7.93596029198637,-7.90573371990504,-7.93596029198637,1.03068811283655,152883.541556038,1.467884455961e-16
410,-7.67988228842074,0.546253207405086,-0.395598983121641,1.95941792005381e-10,1.05584630281258,260958.305284945,9.0190200986563e-17,0.0543421578057237,0,0,0,-7.67988228842074,-7.62554013061501,-7.67988228842074,1.05584630281258,260958.305284945,1.2089866145241e-16
411,-7.79363921802796,0.43310205344265,-0.362835355448954,2.30792754418693e-10,1.04700200138715,568994.821266573,-1.05779582624008e-16,0.0459307059801763,0,0,0,-7.79363921802796,-7.74770851204778,-7.79363921802796,1.04700200138715,568994.821266573,6.02295990859147e-17
412,-7.63876794543166,0.511908060340105,-0.367583767574821,1.14283193038814e-10,1.05310499162325,327682.11347212,-4.74311947742636e-17,0.0517429247980354,0,0,0,-7.63876794543166,-7.58702502063362,-7.63876794543166,1.05310499162325,327682.11347212,8.02290332933985e-17
413,-7.9617766404525,0.552379812028149,-0.411112226014195,1.89896251167332e-10,1.02956534470864,312255.904276206,4.01468981515841e-16,0.0291367112306176,0,0,0,-7.9617766404525,-7.93263992922188,-7.9617766404525,1.02956534470864,312255.904276205,2.01042886042539e-16
414,-7.70847779274099,0.502668756610994,-0.352909474962428,5.68961432792706e-10,1.04324460333446,382278.889861849,4.27744259765303e-16,0.0423356184731533,0,0,0,-7.70847779274099,-7.66614217426783,-7.70847779274098,1.04324460333446,382278.889861848,1.42046868095096e-16
415,-7.91905240879288,0.591474513935953,-0.446433271335312,1.4736893460099e-10,1.03675735922825,162864.88973618,-2.32360427195507e-16,0.0360977844223463,0,0,0,-7.91905240879288,-7.88295462437053,-7.91905240879288,1.03675735922825,162864.88973618,2.27518621227003e-16
416,-7.77441274364238,0.575479144823456,-0.412430819282013,7.50506189372199e-10,1.05417881592534,170628.111301078,1.5351917268289e-16,0.0527618440366056,0,0,0,-7.77441274364238,-7.72165089960577,-7.77441274364238,1.05417881592534,170628.111301077,2.82027487783252e-16
417,-7.545846573749,0.517285423982659,-0.336611697648457,1.66268268124123e-10,1.03857105100198,54446.2495779078,3.15257079700852e-17,0.0378452456851346,0,0,0,-7.545846573749,-7.50800132806387,-7.545846573749,1.03857105100198,54446.2495779078,8.89643297302061e-17
418,-7.43269405422351,0.555786186603757,-0.367711810267675,3.45383995737999e-11,1.03633547046941,47163.1959025573,1.12009167373294e-16,0.0356908845012107,0.0233333333333333,0,0,-7.43269405422351,-7.3970031697223,-7.43269405422351,1.03633547046941,47163.1959025572,1.26754316919096e-16
419,-7.77443759779589,0.577404830736773,-0.426264165605084,7.53884482076319e-10,1.05326634856649,223758.904531849,-1.54706494528669e-16,0.0518961368605209,0,0,0,-7.77443759779589,-7.72254146093537,-7.77443759779589,1.05326634856649,223758.904531849,5.08081231408318e-17
420,-7.61407970803971,0.52900792487779,-0.419654694568179,2.21429887730076e-11,1.04630245735727,125695.715390645,-3.49103462187688e-17,0.0452622344603557,0.0177777777777778,0,0,-7.61407970803971,-7.56881747357935,-7.61407970803971,1.04630245735727,125695.715390645,6.97127540879213e-17
421,-8.00735012764669,0.56118376636528,-0.387140695536132,2.27024654253106e-10,1.05154647057148,1882240.01413342,-1.42910374892027e-16,0.050261832190899,0,0,0,-8.00735012764669,-7.95708829545579,-8.00735012764669,1.05154647057148,1882240.01413342,1.84559158079701e-16
422,-7.69292236811435,0.518425707131736,-0.373109198170974,1.33046580061545e-10,1.02295194617753,16941.7046435877,6.49943062332644e-18,0.0226925011191769,0,0,0,-7.69292236811435,-7.67022986699517,-7.69292236811435,1.02295194617753,16941.7046435877,5.45011566741336e-17
423,-7.47478110068072,0.580688397034893,-0.439323691376675,1.97208615358497e-11,1.03799091922416,20279.9475188207,2.32159970260505e-16,0.0372863763767573,0.0188888888888889,0,0,-7.47478110068072,-7.43749472430396,-7.47478110068072,1.03799091922416,20279.9475188207,1.42154806444713e-16
424,-8.03223406077169,0.522766120353076,-0.435904197788997,2.16345163010945e-09,1.02572652223024,549949.995287674,2.17233638484989e-16,0.0254011631961454,0,0,0,-8.03223406077169,-8.00683289757555,-8.03223406077169,1.02572652223024,549949.995287673,7.60759125448571e-16
425,-7.9097627278602,0.53499372749952,-0.415742341358801,2.99046323067343e-11,1.04412503699568,297491.840309085,3.46636299910743e-17,0.0431792491279785,0.0166666666666667,0,0,-7.9097627278602,-7.86658347873222,-7.9097627278602,1.04412503699568,297491.840309085,6.63975047782767e-17
426,-7.81239798225785,0.537206028447245,-0.383597015219756,1.59785307347568e-11,1.03242264778784,456151.955626783,3.73065775802514e-16,0.0319080850438641,0.0155555555555556,0,0,-7.81239798225785,-7.78048989721398,-7.81239798225785,1.03242264778784,456151.955626781,6.08463896551509e-17
427,-8.16392024421948,0.514994434063382,-0.414668959527159,2.65573398495744e-10,1.049475977224,3592070.49112964,-1.0769163338864e-16,0.0482909693024766,0,0,0,-8.16392024421948,-8.11562927491701,-8.16392024421948,1.049475977224,3592070.49112964,7.8363241821459e-17
428,-6.92822153624789,0.544578482758067,-0.333853050417945,3.6775317752391e-13,1.03202146860724,1066.14057241218,2.25444662937946e-16,0.0315194650576294,0.00777777777777778,0,0,-6.92822153624789,-6.89670207119026,-6.92822153624789,1.03202146860724,1066.14057241218,4.8510578270427e-17
429,-7.35386140495806,0.517486555502241,-0.40032729253696,2.6291370215381e-10,1.06170036099446,14468.583387342,1.94165671195555e-16,0.0598717331497021,0,0,0,-7.35386140495806,-7.29398967180835,-7.35386140495806,1.06170036099446,14468.583387342,1.88074864324348e-16
430,-7.86044745714994,0.483523452380909,-0.375515918240285,3.46869198511738e-12,1.03706366686358,64686.9648771068,3.55888158449286e-17,0.0363932999967673,0.0177777777777778,0,0,-7.86044745714994,-7.82405415715317,-7.86044745714994,1.03706366686358,64686.9648771068,1.08859680529131e-16
431,-7.69661436333458,0.487172317453269,-0.422925919616962,9.56155119066095e-11,1.02480889207444,25749.5404568878,1.04314705022072e-16,0.0245060724643947,0.0177777777777778,0,0,-7.69661436333458,-7.67210829087018,-7.69661436333458,1.02480889207444,25749.5404568878,1.39182646889206e-16
432,-7.90002936149663,0.531938017877227,-0.420588062085224,4.34115425232001e-11,1.0603714151706,329893.292233715,-2.49491785256042e-17,0.0586192370939992,0.0211111111111111,0,0,-7.90002936149663,-7.84141012440263,-7.90002936149663,1.0603714151706,329893.292233715,6.59734612619268e-17
433,-7.68229207267607,0.471902048280884,-0.380805545319909,1.36270434975609e-09,1.04889254048657,41710.090958235,-2.35506059098611e-16,0.0477348263508377,0,0,0,-7.68229207267607,-7.63455724632523,-7.68229207267607,1.04889254048657,41710.0909582351,1.78052017574259e-16
434,-7.66187381060466,0.480210100838061,-0.391198656943515,1.40372171006504e-10,1.0305771153162,232077.70614543,-8.16630713668726e-17,0.0301189476232917,0,0,0,-7.66187381060466,-7.63175486298137,-7.66187381060466,1.0305771153162,232077.70614543,1.42833276070873e-16
435,-7.6898996624854,0.432926021281575,-0.338336003603541,4.89059722759357e-11,1.06466435503502,34630.4698365868,4.03095766642202e-16,0.0626594197317416,0.0233333333333333,0,0,-7.6898996624854,-7.62724024275366,-7.6898996624854,1.06466435503502,34630.4698365867,1.12217334190411e-16
436,-7.61751560735122,0.50458094048883,-0.408117763794091,2.13013358873738e-10,1.05144376556523,61303.1137585448,-2.20070875103475e-16,0.0501640666352993,0,0,0,-7.61751560735122,-7.56735154071592,-7.61751560735122,1.05144376556523,61303.1137585449,5.93583824068686e-17
437,-7.66114203233885,0.519225252844648,-0.45896988309658,3.58091102607941e-11,1.04697242210482,374090.508836084,2.90893852216022e-16,0.0459025834189155,0.0222222222222222,0,0,-7.66114203233885,-7.61523944891993,-7.66114203233885,1.04697242210482,374090.508836083,1.98837859757519e-16
438,-7.91313230523299,0.547966029574591,-0.41774083801779,2.40919831475428e-10,1.03349803965538,339488.897883563,3.88516379561881e-16,0.0329491839685675,0,0,0,-7.91313230523299,-7.88018312126442,-7.91313230523299,1.03349803965538,339488.897883562,6.60644378708892e-16
439,-8.15871148179963,0.476604776212741,-0.381366277059945,3.71894889416397e-10,1.04181990382271,3098777.97522745,1.87195937763186e-17,0.0409667280902955,0,0,0,-8.15871148179963,-8.11774475370933,-8.15871148179963,1.04181990382271,3098777.97522745,7.56185237883579e-17
440,-7.59129450785502,0.486263614652518,-0.341742654451185,2.24112348647966e-11,1.05079352163115,35349.5930418048,-5.742320199589e-17,0.0495455324358243,0.02,0,0,-7.59129450785502,-7.5417489754192,-7.59129450785502,1.05079352163115,35349.5930418048,5.50562681864461e-17
441,-7.63829682092979,0.467596880682374,-0.404131330242592,1.08975275696446e-10,1.04409521567837,56260.2325180179,5.43639207724785e-16,0.0431506865691176,0,0,0,-7.63829682092979,-7.59514613436067,-7.63829682092979,1.04409521567837,56260.2325180176,2.19245917717122e-16
442,-7.48124538862887,0.456444857297568,-0.440884352999622,9.40139739537738e-12,1.05095772709834,5308.12700232535,2.70678541309306e-16,0.0497016621970027,0.0177777777777778,0,0,-7.48124538862887,-7.43154372643186,-7.48124538862887,1.05095772709834,5308.12700232534,8.86752091508766e-17
443,-7.50804595433535,0.477401933448747,-0.430489460254496,6.731364597148e-12,1.0310592791019,145991.287155818,3.86666007854173e-16,0.0305863327748915,0.0177777777777778,0,0,-7.50804595433535,-7.47745962156045,-7.50804595433534,1.0310592791019,145991.287155817,8.88660287332341e-17
444,-8.13228418149407,0.550500353394341,-0.423261971024621,3.42868169759997e-10,1.04438967023431,462737.503469646,4.03689427565092e-16,0.0434326597325477,0,0,0,-8.13228418149407,-8.08885152176152,-8.13228418149407,1.04438967023431,462737.503469644,6.81954492876002e-16
445,-7.7752198635351,0.565422091038112,-0.355607562552296,6.94126902396478e-11,1.04307633879174,403450.392263843,1.12903513698686e-16,0.0421743491638486,0.0255555555555556,0,0,-7.7752198635351,-7.73304551437126,-7.7752198635351,1.04307633879174,403450.392263843,2.3205010444036e-16
446,-7.8685256685995,0.517910894680549,-0.294266891485335,3.58664343273982e-10,1.03493468528053,372118.076859392,2.55906407176099e-16,0.0343382604607476,0,0,0,-7.8685256685995,-7.83418740813875,-7.8685256685995,1.03493468528053,372118.076859391,4.5665631769825e-17
447,-7.84099234336407,0.483628299264849,-0.438406254923184,5.13619273933685e-11,1.05415324627363,527572.146400652,3.5169398257848e-16,0.0527378068816152,0.0244444444444444,0,0,-7.84099234336407,-7.78825453648245,-7.84099234336407,1.05415324627363,527572.14640065,1.39818712163731e-16
448,-7.73080651698145,0.560543199626377,-0.408645843428868,1.0636470907018e-09,1.02428446342796,132580.692133397,-2.77987509554754e-16,0.0239940708061373,0,0,0,-7.73080651698145,-7.70681244617531,-7.73080651698145,1.02428446342796,132580.692133398,2.51080020971825e-16
449,-8.17280421333366,0.555322756585735,-0.397713678018604,2.20017735743743e-10,1.01160621902559,1384396.77825154,5.5122573172639e-16,0.0115391773403106,0,0,0,-8.17280421333366,-8.16126503599335,-8.17280421333366,1.01160621902559,1384396.77825153,1.32586842739436e-16
450,-7.83947521239202,0.570178611755274,-0.404285375268103,2.92383321799983e-10,1.05033021790223,256445.093510617,1.11484895389443e-16,0.0491045934450134,0,0,0,-7.83947521239202,-7.79037061894701,-7.83947521239202,1.05033021790223,256445.093510617,6.1802415037467e-17
451,-7.48302194554373,0.514066283049027,-0.453517469658803,4.37426526477625e-09,1.06987196907491,12402.5008300133,1.17313566268725e-16,0.0675389809289323,0,0,0,-7.48302194554373,-7.4154829646148,-7.48302194554373,1.06987196907491,12402.5008300133,4.67681449123347e-17
452,-7.71361077635729,0.520955612913831,-0.474195065165088,4.50230826017083e-11,1.02367224547935,124807.785832011,6.6181628079044e-17,0.0233963992948992,0.0188888888888889,0,0,-7.71361077635729,-7.69021437706239,-7.71361077635729,1.02367224547935,124807.785832011,5.6945189304732e-17
453,-7.94588040335159,0.50423614706723,-0.432744891054469,5.40341460904932e-11,1.07238674215349,19199.4830896251,4.02856760296623e-16,0.0698866483368674,0.0222222222222222,0,0,-7.94588040335159,-7.87599375501472,-7.94588040335159,1.07238674215349,19199.483089625,7.92190387362742e-17
454,-7.56870096049722,0.523637595071669,-0.418772065080456,2.46021518869474e-11,1.04984517631674,26268.2267308057,6.17469038862358e-16,0.0486422968047741,0.0211111111111111,0,0,-7.56870096049722,-7.52005866369245,-7.56870096049722,1.04984517631674,26268.2267308055,5.29630351921008e-16
455,-7.80757849148508,0.548771864213422,-0.427307886767621,7.04012919259285e-10,1.02520923092674,878650.977139855,2.5473450509455e-16,0.0248967046405935,0,0,0,-7.80757849148508,-7.78268178684448,-7.80757849148508,1.02520923092674,878650.977139853,8.34517640176576e-17
456,-7.6973021405049,0.540371669326538,-0.353206267410505,3.72614852114512e-11,1.05629314565573,297151.300838706,1.76895535256942e-16,0.0547657447789178,0.02,0,0,-7.6973021405049,-7.64253639572598,-7.6973021405049,1.05629314565573,297151.300838705,1.02047999680129e-16
457,-7.70963855999544,0.53101893874018,-0.362251545278064,9.60274495930861e-11,1.05621750884069,261432.637857478,7.14467065756865e-16,0.0546919407244666,0.0255555555555556,0,0,-7.70963855999544,-7.65494661927097,-7.70963855999544,1.05621750884069,261432.637857477,1.02194487440323e-16
458,-7.80770355988626,0.432708319343675,-0.42007942096237,4.76115988331649e-11,1.04734412937179,50215.8525405784,3.96750533661184e-17,0.046256325557096,0.0222222222222222,0,0,-7.80770355988626,-7.76144723432917,-7.80770355988626,1.04734412937179,50215.8525405784,8.36445110705439e-17
459,-7.73640148937374,0.515508852119514,-0.410877749300986,3.87400487893179e-10,1.0278970549406,252621.171231005,3.66527795768611e-17,0.0275147682381507,0,0,0,-7.73640148937374,-7.70888672113559,-7.73640148937374,1.0278970549406,252621.171231005,7.81319453579954e-17
460,-7.92090611536625,0.541034007432065,-0.401306644884172,3.23457353828456e-10,1.05191425405163,51168.4398939509,6.88338275267597e-17,0.0506115835873914,0,0,0,-7.92090611536625,-7.87029453177886,-7.92090611536625,1.05191425405163,51168.4398939509,7.73378275001038e-17
461,-7.43783032130349,0.554503038675092,-0.417720425314975,4.66257020883961e-12,1.01496442181798,21230.3916943298,3.25804198434791e-16,0.0148534765983212,0.0155555555555556,0,0,-7.43783032130349,-7.42297684470516,-7.43783032130349,1.01496442181798,21230.3916943298,8.2079405001107e-17
462,-7.75004187663861,0.462518332127163,-0.416888490886362,1.53172136479778e-10,1.03863664101152,220640.338516528,1.39826422045846e-16,0.0379089288519046,0,0,0,-7.75004187663861,-7.7121329477867,-7.75004187663861,1.03863664101152,220640.338516527,8.52635863147889e-17
463,-7.80763059498484,0.587098069074773,-0.392007440068975,4.05234532574921e-10,1.0233862428444,496610.921261943,5.37332524154345e-16,0.023116950357983,0,0,0,-7.80763059498484,-7.78451364462686,-7.80763059498484,1.0233862428444,496610.92126194,1.35593696764463e-16
464,-7.83978258251644,0.567568079263202,-0.420949948704722,2.12395492908702e-10,1.02921922808869,1624256.02873949,-2.07750483482982e-16,0.0288003730118837,0,0,0,-7.83978258251644,-7.81098220950456,-7.83978258251644,1.02921922808869,1624256.02873949,9.21639308081189e-17
465,-8.12726137640053,0.521248134578725,-0.379550391069497,1.4113582262064e-10,1.06128218060149,438140.74037865,-1.11053141990977e-16,0.059477288478886,0,0,0,-8.12726137640053,-8.06778408792165,-8.12726137640053,1.0612821806015,438140.740378651,7.67595863414448e-17
466,-7.69019098511453,0.522750871617157,-0.413376369724635,6.43155538527248e-11,1.04093099588924,812697.602798112,-2.37541467977091e-17,0.0401154998861745,0.00222222222222222,0,0,-7.69019098511453,-7.65007548522835,-7.69019098511453,1.04093099588924,812697.602798113,9.58357621656031e-17
467,-7.50312639567047,0.536668679095783,-0.406419988012726,2.87237991681214e-11,1.03327865830054,10609.4391628504,5.82250297358971e-17,0.0327369095328357,0.0155555555555556,0,0,-7.50312639567047,-7.47038948613763,-7.50312639567047,1.03327865830054,10609.4391628504,4.8017145815038e-17
468,-7.83674173834324,0.484026404137409,-0.428321704955473,4.99726961481229e-10,1.031492343055,1178074.55946485,2.15167390078048e-16,0.0310066236885877,0,0,0,-7.83674173834324,-7.80573511465465,-7.83674173834324,1.031492343055,1178074.55946485,9.40605618085202e-17
469,-7.82305582995827,0.539464311476713,-0.452617984241938,5.7309803346778e-11,1.04477595440582,149447.0746084,6.79209774842901e-16,0.0437982901729415,0.0266666666666667,0,0,-7.82305582995827,-7.77925753978533,-7.82305582995827,1.04477595440582,149447.074608399,1.97372982155583e-16
470,-7.72009888553746,0.463524510098133,-0.416258061095032,2.55830733074972e-10,1.03084776115081,366959.102137933,1.62524314993738e-16,0.0303811998931718,0,0,0,-7.72009888553746,-7.68971768564429,-7.72009888553746,1.03084776115081,366959.102137933,2.17761765409897e-16
471,-7.86167950941417,0.514525090457924,-0.3741467051989,4.06424094040644e-11,1.03510788032546,1027756.51423508,2.67239933885814e-16,0.0345045788945786,0.0188888888888889,0,0,-7.86167950941417,-7.8271749305196,-7.86167950941417,1.03510788032546,1027756.51423508,1.53303295983657e-16
472,-7.80821947455662,0.552528829997304,-0.370398839241241,5.85724896951877e-11,1.03812647778697,779023.19723009,1.94103992138632e-16,0.0374175008952822,0.0188888888888889,0,0,-7.80821947455662,-7.77080197366133,-7.80821947455662,1.03812647778697,779023.197230089,1.13335267097151e-16
473,-8.03371625258515,0.537785866040935,-0.425971477271475,2.62934312778012e-10,1.02871762856077,3205557.28204276,4.83440448167332e-16,0.0283130012602023,0,0,0,-8.03371625258515,-8.00540325132495,-8.03371625258515,1.02871762856077,3205557.28204275,1.29040296966328e-16
474,-8.17682197894298,0.524583832174325,-0.404762044767237,1.21697163869598e-09,1.02692178351681,380781.499925805,4.25770529943748e-16,0.0265656974062598,0,0,0,-8.17682197894298,-8.15025628153672,-8.17682197894298,1.02692178351681,380781.499925804,2.71306896701715e-16
475,-7.75196175662113,0.53281309653271,-0.444015651528455,1.47322331354988e-10,1.03044500715425,205736.649764932,-7.48166960483508e-17,0.0299906442121821,0,0,0,-7.75196175662113,-7.72197111240894,-7.75196175662113,1.03044500715425,205736.649764932,1.58357123710336e-16
476,-8.082325425219,0.439552405670596,-0.376354930357085,1.65958565821557e-10,1.02705393873236,1307554.416563,-1.73133112784601e-16,0.0266942460822938,0,0,0,-8.082325425219,-8.05563117913671,-8.082325425219,1.02705393873236,1307554.41656301,2.24143620330963e-16
477,-8.00193371840192,0.445297567603066,-0.392810142896852,4.0149983533504e-11,1.02411279967726,287671.715310068,8.66590749776858e-17,0.0238266098435389,0.0244444444444444,0,0,-8.00193371840192,-7.97810710855838,-8.00193371840192,1.02411279967726,287671.715310068,1.09480326039425e-16
478,-7.78586545886261,0.548481344349858,-0.401619805858353,1.18098530929931e-10,1.04089565962285,163077.853697206,7.80856860653027e-17,0.0400815419034715,0,0,0,-7.78586545886261,-7.74578391695914,-7.78586545886261,1.04089565962285,163077.853697206,6.9618308032007e-17
479,-7.98921099980526,0.556716803218332,-0.356894298889852,4.99640767311485e-11,1.01898016515122,110360.057926148,1.1764316372916e-16,0.0188022407092906,0.0244444444444444,0,0,-7.98921099980526,-7.97040875909597,-7.98921099980526,1.01898016515122,110360.057926148,4.14888031337786e-17
480,-7.64422712716799,0.521947893400824,-0.387808553273017,4.13613950365428e-10,1.05028901797142,40552.2475356019,2.78049188611678e-16,0.0490652646112176,0,0,0,-7.64422712716799,-7.59516186255678,-7.64422712716799,1.05028901797142,40552.2475356018,1.36927506370436e-16
481,-7.7803998231746,0.55000999329806,-0.3774727093784,8.05046541871234e-10,1.04372467422514,108378.195251945,2.26732213251226e-16,0.0427954722390043,0,0,0,-7.7803998231746,-7.73760435093559,-7.7803998231746,1.04372467422514,108378.195251945,6.1268505700972e-17
482,-7.82406820881643,0.54955877825912,-0.371781387529442,4.21724660959473e-10,1.03018691041619,218137.552016717,2.71380140581812e-16,0.0297402387512339,0,0,0,-7.82406820881643,-7.79432797006519,-7.82406820881643,1.03018691041619,218137.552016716,7.04329052642678e-17
483,-7.54757543075357,0.541929084661078,-0.392388678674313,6.04814832508819e-09,1.03701056785357,111855.163147825,2.36477504245158e-16,0.0363418818972597,0,0,0,-7.54757543075357,-7.51123354885631,-7.54757543075357,1.03701056785357,111855.163147825,1.43958918859729e-16
484,-7.95019905341207,0.492245067604046,-0.386141235106059,1.9041473389619e-10,1.03218059411856,203182.719574707,4.42423875313125e-16,0.0316736447877177,0,0,0,-7.95019905341207,-7.91852540862436,-7.95019905341207,1.03218059411856,203182.719574706,5.48203457937133e-16
485,-7.46622838986531,0.482617212978939,-0.422409303163985,6.24104720215012e-11,1.02865101607635,24906.8137574379,1.81143680302556e-16,0.0282477515453915,0.02,0,0,-7.46622838986531,-7.43798063831992,-7.46622838986531,1.02865101607635,24906.8137574379,6.07847105982273e-17
486,-7.77947636213327,0.511949739780062,-0.362657870196033,1.22274713582412e-10,1.05594083522032,531757.782810989,4.27713420236842e-16,0.0544321212844931,0,0,0,-7.77947636213327,-7.72504424084877,-7.77947636213327,1.05594083522032,531757.782810987,8.83244095146236e-17
487,-7.55334569036208,0.501237820745906,-0.391492019910498,3.29885780925055e-10,1.03873347106411,68450.3497562023,-7.31706362167017e-17,0.0380011866109265,0,0,0,-7.55334569036208,-7.51534450375115,-7.55334569036208,1.03873347106411,68450.3497562023,1.02448913550132e-16
488,-7.69229934336439,0.517536369537947,-0.369739760228403,3.6623675606558e-12,1.04389144359507,18912.1186678772,1.45716771982052e-16,0.0429555013263667,0.0144444444444444,0,0,-7.69229934336439,-7.64934384203803,-7.69229934336439,1.04389144359507,18912.1186678772,1.07148086699501e-16
489,-7.68858137468762,0.52019698032099,-0.384344653073316,2.78011257708065e-10,1.06351203787431,76068.6184277514,3.36258798583344e-16,0.061576281104567,0,0,0,-7.68858137468762,-7.62700509358305,-7.68858137468762,1.06351203787431,76068.6184277511,1.31052576198461e-16
490,-7.81717595269681,0.501466700246162,-0.39979401417475,6.80282461852271e-11,1.04234349684095,104558.397348451,4.23365046723726e-16,0.0414714965760237,0.0266666666666667,0,0,-7.81717595269681,-7.77570445612079,-7.81717595269681,1.04234349684095,104558.397348451,8.56876298311388e-17
491,-7.17858592262792,0.535246114531173,-0.419680028567085,5.40819545335223e-13,1.02128648631895,2201.81770572724,3.02227378925737e-17,0.0210630621149903,0.00666666666666667,0,0,-7.17858592262792,-7.15752286051293,-7.17858592262792,1.02128648631895,2201.81770572724,9.45539942639092e-17
492,-7.93933027944568,0.494691305019539,-0.417988851399614,4.99508627519364e-10,1.04055058628999,1214431.02666152,8.63815192215295e-17,0.0397499168341113,0,0,0,-7.93933027944568,-7.89958036261157,-7.93933027944568,1.04055058628999,1214431.02666152,1.39456347704304e-16
493,-7.4968687195188,0.492152378510783,-0.374535917439172,6.48359543183488e-10,1.06275338556154,31454.3445730464,-1.60180510830641e-16,0.06086305126148,0,0,0,-7.4968687195188,-7.43600566825732,-7.4968687195188,1.06275338556154,31454.3445730465,6.66172364185671e-17
494,-7.67526076829474,0.520223854229754,-0.365827806021146,5.36059535498116e-11,1.06364174212731,196966.761399352,6.51639236398043e-17,0.061698421913156,0.02,0,0,-7.67526076829474,-7.61356234638159,-7.67526076829474,1.06364174212731,196966.761399352,5.68642355425197e-17
495,-7.67617942594523,0.490594652310347,-0.393385659881067,3.41994936349476e-10,1.03818942362573,143915.708597473,-6.9111383282916e-17,0.0374782523988877,0,0,0,-7.67617942594523,-7.63870117354635,-7.67617942594523,1.03818942362573,143915.708597473,1.01184492883198e-16
496,-7.84938177845175,0.499049480622838,-0.441513100170144,2.52479525924078e-11,1.04938700272146,10208.1742616036,4.24598627862199e-16,0.0482024209283662,0.0177777777777778,0,0,-7.84938177845175,-7.80117935752338,-7.84938177845175,1.04938700272146,10208.1742616035,1.23111397619545e-16
497,-8.21266925406477,0.61520543587282,-0.379813010492059,4.46165455976362e-10,1.03307688385172,732046.283265704,4.77958721983245e-16,0.0325413736753394,0,0,0,-8.21266925406477,-8.18012788038943,-8.21266925406477,1.03307688385172,732046.2832657,1.55207636866174e-16
498,-7.61969417950652,0.561891898981473,-0.40868631933161,6.29691538289594e-11,1.08189426001884,21937.2329110042,2.4434158400292e-16,0.0787133467305427,0.0188888888888889,0,0,-7.61969417950652,-7.54098083277598,-7.61969417950652,1.08189426001884,21937.2329110041,8.01249498848399e-17
499,-7.59156976326947,0.597428097591905,-0.381060602833042,1.03787471732719e-09,1.04467994627248,12125.8688813496,2.99143426079556e-17,0.0437104804387052,0,0,0,-7.59156976326947,-7.54785928283077,-7.59156976326947,1.04467994627248,12125.8688813496,6.94082137443609e-17
500,-7.67296992061562,0.44766492233914,-0.382659977452075,7.26436754332418e-10,1.03904048159456,155201.125436339,4.79246272296526e-16,0.0382976394601621,0,0,0,-7.67296992061562,-7.63467228115546,-7.67296992061562,1.03904048159456,155201.125436338,7.0893137039797e-16
501,-7.65435766895571,0.48541805935971,-0.467498055979667,1.08206281632749e-09,1.05539320992719,216024.76782146,-2.14458080923426e-16,0.0539133657201612,0,0,0,-7.65435766895571,-7.60044430323555,-7.65435766895571,1.05539320992719,216024.767821461,2.4613798653582e-16
502,-7.77850299311696,0.550088305861515,-0.470183494386851,2.03095784066966e-10,1.05099474558318,131204.67497608,4.19417587080615e-17,0.0497370906576577,0,0,0,-7.77850299311696,-7.7287659024593,-7.77850299311696,1.05099474558318,131204.67497608,8.66128156849931e-17
503,-7.74910944720506,0.573724956988528,-0.411500533548287,6.88551643753299e-11,1.02767211716175,107710.580700249,4.17474696787521e-16,0.0272956353528559,0.0222222222222222,0,0,-7.74910944720506,-7.7218138118522,-7.74910944720506,1.02767211716175,107710.580700249,1.0792871226369e-16
504,-8.06808819552169,0.55371083422707,-0.425108229905045,2.07375980748393e-10,1.01950562627074,1173237.2950239,2.28274189674317e-16,0.0193177838068909,0,0,0,-8.06808819552169,-8.0487704117148,-8.06808819552169,1.01950562627074,1173237.2950239,8.55951112457534e-17
505,-7.55165031913224,0.532033889826756,-0.347789861480312,2.77463437346136e-11,1.05351590566244,11703.1098436725,-1.0682812659171e-16,0.0521330468344517,0.0177777777777778,0,0,-7.55165031913224,-7.49951727229778,-7.55165031913224,1.05351590566244,11703.1098436726,9.06682136777211e-17
506,-7.94914977917802,0.507975700462519,-0.363562689895597,2.93974634030431e-10,1.02159935210542,241287.669967804,-8.17247504237962e-18,0.0213691305523983,0,0,0,-7.94914977917802,-7.92778064862562,-7.94914977917802,1.02159935210542,241287.669967804,6.44469046030673e-17
507,-7.74945491273971,0.557531780629187,-0.406127100668979,4.2397735217913e-11,1.0454863658638,223772.775825581,9.74105055876843e-17,0.044482191662076,0.0233333333333333,0,0,-7.74945491273971,-7.70497272107763,-7.74945491273971,1.0454863658638,223772.775825581,9.08763804948383e-17
508,-7.40621811062641,0.473472061395918,-0.392520290381021,1.27964361806056e-10,1.02236705969658,28120.029030564,4.22501539926796e-17,0.0221205669007633,0,0,0,-7.40621811062641,-7.38409754372564,-7.40621811062641,1.02236705969658,28120.029030564,1.07020873644596e-16
509,-7.52307857634567,0.527112115977503,-0.426987177717448,2.81452298281254e-12,1.03580973462138,28478.3692254332,3.53698551928498e-16,0.0351834671304742,0.0177777777777778,0,0,-7.52307857634567,-7.4878951092152,-7.52307857634567,1.03580973462138,28478.3692254331,1.85438084640863e-16
510,-7.85140130744542,0.5111744662807,-0.401609764509838,2.77646025599389e-11,1.02203226493494,424069.685978395,6.18949336228525e-17,0.0217930480243462,0.0255555555555556,0,0,-7.85140130744542,-7.82960825942107,-7.85140130744542,1.02203226493494,424069.685978394,1.07429497396715e-16
511,-7.79451660879667,0.489550742250343,-0.413799821279885,1.39532016148614e-10,1.04817276969882,815476.835544391,4.11214272509773e-16,0.047048057806369,0,0,0,-7.79451660879667,-7.7474685509903,-7.79451660879667,1.04817276969882,815476.835544389,1.36588271557356e-16
512,-7.61196697882277,0.534835616871503,-0.399603204391296,1.1320209451492e-09,1.05034084483773,189485.932161285,-3.33375302672165e-16,0.049114671370281,0,0,0,-7.61196697882277,-7.56285230745249,-7.61196697882277,1.05034084483773,189485.932161286,6.00846533021442e-16
513,-7.95236601998602,0.492227595421294,-0.396904220459913,1.63185200414885e-10,1.03698831065837,1017932.59839574,-1.85563852092871e-16,0.0363206173698917,0,0,0,-7.95236601998602,-7.91604540261613,-7.95236601998602,1.03698831065837,1017932.59839574,1.01718884087326e-16
514,-7.58919365323371,0.48363407412987,-0.429395492159724,4.27893003063466e-13,1.06523443442372,11028.5103266154,2.08783607686453e-16,0.0631948357064715,0.0122222222222222,0,0,-7.58919365323371,-7.52599881752724,-7.58919365323371,1.06523443442372,11028.5103266154,6.92024562654048e-17
515,-8.09238713768689,0.524475089057889,-0.385955571849885,1.77813290530236e-10,1.04565071547365,3079237.1008859,4.82792818069634e-17,0.0446386188798544,0,0,0,-8.09238713768689,-8.04774851880704,-8.09238713768689,1.04565071547365,3079237.1008859,6.40691203794101e-17
516,-7.9057183569968,0.549883465495542,-0.371133844361953,2.00717674793895e-10,1.05048953972087,1453048.71415849,2.90816753394867e-16,0.0492562722756539,0,0,0,-7.9057183569968,-7.85646208472114,-7.9057183569968,1.05048953972087,1453048.71415848,3.97533086695903e-16
517,-8.00772223907525,0.532279874136279,-0.404294638966111,1.166154599204e-10,1.02543506186447,1300546.20470557,8.93112744254015e-17,0.025116955640648,0,0,0,-8.00772223907525,-7.9826052834346,-8.00772223907525,1.02543506186447,1300546.20470557,8.02752925860912e-17
518,-7.79149827091462,0.508080038369951,-0.429643102065835,9.87701057587299e-10,1.04011923230855,34704.7746798913,-2.75643705391657e-16,0.0393353442080155,0,0,0,-7.79149827091462,-7.7521629267066,-7.79149827091462,1.04011923230855,34704.7746798914,1.72963495378061e-16
519,-7.88626223340767,0.568039533068445,-0.38862869889872,2.34793571024185e-11,1.02245532751754,36998.3318689036,2.53562603013001e-16,0.0222065411477665,0.02,0,0,-7.88626223340767,-7.8640556922599,-7.88626223340767,1.02245532751754,36998.3318689035,1.72940365731715e-16
520,-8.06435937498017,0.557080285589646,-0.398550071934847,2.54237108499864e-10,1.04921064021386,1854137.87042294,1.04592260778228e-16,0.0480377345098073,0,0,0,-8.06435937498017,-8.01632164047037,-8.06435937498017,1.04921064021386,1854137.87042293,1.23974904416476e-16
521,-8.15704863406842,0.457488184634115,-0.340112740268899,3.25644006716731e-10,1.02940933548597,1764818.88640822,2.68303897617746e-17,0.0289851764616573,0,0,0,-8.15704863406842,-8.12806345760677,-8.15704863406842,1.02940933548597,1764818.88640822,5.6382367910304e-17
522,-7.78809048773296,0.500548677437855,-0.411244895612969,5.0461461474464e-11,1.05959267706307,36278.2247346059,9.68361193700831e-18,0.057884501507139,0.0222222222222222,0,0,-7.78809048773296,-7.73020598622582,-7.78809048773296,1.05959267706307,36278.2247346059,8.46313759813218e-17
523,-7.57436514517343,0.542312001478867,-0.374017172073955,6.96601034370467e-11,1.02792947313545,47699.3934813103,5.79012146870481e-17,0.0275447609171897,0.0177777777777778,0,0,-7.57436514517343,-7.54682038425624,-7.57436514517343,1.02792947313545,47699.3934813103,9.91645037689497e-17
524,-7.91625993284248,0.563594427307676,-0.431801213706237,5.93681725514728e-11,1.04523349511841,595320.966528375,1.14106255308697e-17,0.0442402967855846,0.0244444444444444,0,0,-7.91625993284248,-7.8720196360569,-7.91625993284248,1.04523349511841,595320.966528375,4.03072636995855e-17
525,-8.00151442740983,0.455271955369498,-0.393199284383397,4.70232414335106e-11,1.05532351381382,43961.8840048475,6.28694627222457e-16,0.0538470493158835,0.0222222222222222,0,0,-8.00151442740983,-7.94766737809395,-8.00151442740983,1.05532351381382,43961.8840048472,1.39672224403537e-16
526,-7.80612238482181,0.50627187277264,-0.432485251914762,3.41342398174834e-10,1.03714907628983,136665.100082072,2.00194799009839e-16,0.0364756237726969,0,0,0,-7.80612238482181,-7.76964676104911,-7.80612238482181,1.03714907628983,136665.100082072,1.20258741236828e-16
527,-7.72477511737512,0.590288992920507,-0.371872884534013,1.08132826216852e-12,1.04245629531381,6471.7969664674,2.37094294814395e-16,0.0415795793969743,0.0122222222222222,0,0,-7.72477511737512,-7.68319553797814,-7.72477511737512,1.04245629531381,6471.79696646739,1.00869351451729e-16
528,-8.01818710526078,0.556464380626678,-0.420475482538779,1.29290187137687e-10,1.01605835856297,659610.017518624,-2.52853293858379e-16,0.0159307662757884,0,0,0,-8.01818710526078,-8.00225633898499,-8.01818710526078,1.01605835856297,659610.017518626,1.85037170770859e-16
529,-7.55994244702668,0.524302436294743,-0.444460893277049,1.02307498355044e-11,1.07078700214898,26896.6864864905,4.63425594195617e-16,0.0683937863564401,0.0155555555555556,0,0,-7.55994244702668,-7.49154866067024,-7.55994244702668,1.07078700214898,26896.6864864904,8.3868097651892e-17
530,-7.72645338259936,0.568933788726367,-0.392327721633814,6.87410190158821e-11,1.04146849940583,483794.555043371,-5.31056680112367e-17,0.040631697387567,0.02,0,0,-7.72645338259936,-7.68582168521179,-7.72645338259936,1.04146849940583,483794.55504337,8.47258220372361e-17
531,-7.13415945506353,0.52638582048923,-0.373066972433146,8.94771087386473e-12,1.02054448801801,1759.3761234108,4.17505536315982e-16,0.0203359016071018,0.0133333333333333,0,0,-7.13415945506353,-7.11382355345642,-7.13415945506353,1.02054448801801,1759.37612341079,1.12533439357144e-16
532,-7.69295234867825,0.474761630554344,-0.3417280585853,4.25919045638297e-11,1.04865883721262,6668.13078142636,5.50670620214078e-16,0.0475119121883163,0.0188888888888889,0,0,-7.69295234867825,-7.64544043648994,-7.69295234867825,1.04865883721262,6668.13078142633,1.60257609651795e-16
533,-7.63624894295651,0.521664867949584,-0.351802849385565,3.74956114310483e-11,1.02733422594951,73260.6407756817,2.43108002864447e-16,0.0269670049971164,0.0166666666666667,0,0,-7.63624894295651,-7.60928193795939,-7.63624894295651,1.02733422594951,73260.6407756816,1.38592840907374e-16
534,-7.47128186720422,0.557735334642382,-0.464999369026636,2.85375800006811e-12,1.05225360534148,29488.4928412929,3.30111854132984e-16,0.0509341453784424,0.0144444444444444,0,0,-7.47128186720422,-7.42034772182577,-7.47128186720422,1.05225360534148,29488.4928412928,1.00796589439265e-16
535,-7.81096977488247,0.525164762641032,-0.449787086068211,1.83501543812101e-10,1.03326026136795,369889.374476302,-3.5101551295232e-16,0.032717668350199,0,0,0,-7.81096977488247,-7.77825210653227,-7.81096977488247,1.03326026136795,369889.374476303,1.9798977272482e-16
536,-7.45212446905584,0.498311882581145,-0.416630977200747,7.97923931308737e-06,1.0223609380811,5086.51687031018,6.4084540143641e-17,0.022114539600262,0,0,0,-7.45212446905584,-7.43000992945558,-7.45212446905584,1.0223609380811,5086.51687031018,5.45705456131726e-17
537,-7.71214638281772,0.577337117642999,-0.42037673416674,2.8843153883612e-12,1.05420974369848,24417.2218958708,3.15365018050468e-16,0.0527902075563441,0.0144444444444444,0,0,-7.71214638281772,-7.65935617526137,-7.71214638281772,1.05420974369848,24417.2218958707,1.15921932546886e-16
538,-7.80985770141939,0.496953588099559,-0.365135298278703,8.90719272057876e-11,1.0457786625315,1043997.24908808,1.27367252547275e-16,0.0447612579106497,0.0111111111111111,0,0,-7.80985770141939,-7.76509644350874,-7.80985770141939,1.0457786625315,1043997.24908808,1.88691654893584e-16
539,-7.63165511761973,0.510098084825392,-0.414480920006259,1.96294607829246e-10,1.03292614315718,29080.3641003858,1.32301577101164e-16,0.0323956856828586,0,0,0,-7.63165511761973,-7.59925943193687,-7.63165511761973,1.03292614315718,29080.3641003858,9.33743823002450e-17
540,-7.64593609072095,0.550813610145992,-0.406748571607716,2.94716161143797e-10,1.02931475293083,44863.5692269532,-1.11022302462516e-18,0.0288932516027275,0,0,0,-7.64593609072095,-7.61704283911823,-7.64593609072095,1.02931475293083,44863.5692269532,3.57738530156995e-17
541,-7.78275760646463,0.533890096613109,-0.336507328036419,6.35603153175408e-11,1.06589769430556,313314.32756667,1.53889247024431e-17,0.0638173222737858,0.0211111111111111,0,0,-7.78275760646463,-7.71894028419084,-7.78275760646463,1.06589769430556,313314.32756667,3.24277641775931e-17
542,-7.59696422551668,0.506840688506587,-0.431670929641997,4.39321423975596e-11,1.03013086095276,34155.32660025,2.77216521343209e-16,0.0296854345770697,0.0166666666666667,0,0,-7.59696422551668,-7.56727879093961,-7.59696422551668,1.03013086095276,34155.3266002499,2.08845286743377e-16
543,-8.09328971940208,0.519125684638652,-0.441201901278234,5.33857956893557e-11,1.03349337533225,252287.701254466,2.07858421832599e-17,0.0329444862477353,0.0222222222222222,0,0,-8.09328971940208,-8.06034523315434,-8.09328971940208,1.03349337533225,252287.701254467,9.16859181169608e-17
544,-7.76057827702193,0.573827992847089,-0.481157771917832,1.65839954258001e-10,1.05953376164984,558775.808046824,5.16685459849163e-16,0.0578282048130455,0,0,0,-7.76057827702193,-7.70275007220888,-7.76057827702193,1.05953376164984,558775.808046822,1.9118965669899e-16
545,-7.72781980809706,0.51286947787462,-0.387550743647152,1.8274978566227e-10,1.03401220139257,239368.966728883,7.30973923366049e-17,0.0334464473811878,0,0,0,-7.72781980809706,-7.69437336071587,-7.72781980809706,1.03401220139257,239368.966728882,1.66402385697811e-16
546,-7.92028560260566,0.518002686677216,-0.336981391238447,2.7696911290514e-10,1.02340583323427,1583380.18368752,-2.62876140608468e-16,0.0231360889451296,0,0,0,-7.92028560260566,-7.89714951366053,-7.92028560260566,1.02340583323427,1583380.18368752,1.76199718396022e-16
547,-7.672019444341,0.480513080547498,-0.393014877519035,2.42737218878085e-11,1.01693696361767,87935.3258132675,3.53401721467053e-17,0.0167951245917933,0.00888888888888889,0,0,-7.672019444341,-7.6552243197492,-7.672019444341,1.01693696361767,87935.3258132675,6.15229318107819e-17
548,-7.67885942402983,0.526993896995547,-0.385174395939912,3.43603818558332e-11,1.06645792326988,373954.600710165,7.9726348979471e-16,0.0643426918367274,0.0244444444444444,0,0,-7.67885942402983,-7.6145167321931,-7.67885942402983,1.06645792326988,373954.600710163,1.69617406539954e-16
549,-7.53527715354402,0.536422602995134,-0.430151015580017,5.18713089086958e-08,1.03421671160341,23442.6040395865,4.32215991392266e-16,0.0336441289530835,0,0,0,-7.53527715354402,-7.50163302459093,-7.53527715354401,1.03421671160341,23442.6040395864,1.31006316905768e-16
550,-7.79456851820105,0.477101722314521,-0.345856047031671,5.26942585580096e-11,1.0436420389557,626980.461584623,3.09474668114262e-17,0.0427160624537729,0.0211111111111111,0,0,-7.79456851820105,-7.75185245574728,-7.79456851820105,1.0436420389557,626980.461584623,6.66210913596248e-17
551,-7.54044690082513,0.499219556589903,-0.393873898879123,9.05863662118399e-11,1.05259177807393,36711.5397564373,2.34010341968214e-16,0.0512554751012143,0.0211111111111111,0,0,-7.54044690082513,-7.48919142572391,-7.54044690082513,1.05259177807393,36711.5397564372,1.37561644174432e-16
552,-7.89927688647685,0.519306740117658,-0.425259435250418,5.09935523280845e-11,1.08218481912253,214600.65047081,7.83015627645353e-17,0.0789816824569556,0.02,0,0,-7.89927688647685,-7.82029520401989,-7.89927688647685,1.08218481912253,214600.65047081,2.02904340705788e-16
553,-8.007873200939,0.538453229325168,-0.363705152426875,2.73250730569079e-11,1.02017018437352,1558236.12672352,4.82654040191556e-16,0.0199689636090327,0.0222222222222222,0,0,-8.007873200939,-7.98790423732996,-8.007873200939,1.02017018437352,1558236.12672351,2.30089866912506e-16
554,-7.61334911924479,0.498309110003157,-0.458853811574043,8.88135691555362e-10,1.01342373610517,21578.0822247937,3.52002377863098e-16,0.0133343714462345,0,0,0,-7.61334911924479,-7.60001474779856,-7.61334911924479,1.01342373610517,21578.0822247937,5.24144770795863e-16
555,-7.66835156050409,0.555069412076549,-0.40879684640554,2.51252022869977e-10,1.05332504833717,258924.385181962,7.84619283125368e-16,0.0519518120047615,0,0,0,-7.66835156050409,-7.61639974849932,-7.66835156050409,1.05332504833717,258924.38518196,3.1319083129391e-16
556,-7.76710653675431,0.517435510556298,-0.443469796881119,2.75492602421183e-10,1.03275416355038,133409.866781521,-1.55924655902911e-16,0.0322285165868958,0,0,0,-7.76710653675431,-7.73487802016741,-7.76710653675431,1.03275416355038,133409.866781521,1.89752245552091e-16
557,-7.83732234413995,0.532849217515446,-0.38118038514742,1.65334955325318e-09,1.06639007573687,93586.7393204221,6.98823714944612e-17,0.0642791634683125,0,0,0,-7.83732234413995,-7.77304318067164,-7.83732234413995,1.06639007573687,93586.7393204221,1.22278730351076e-16
558,-7.59539562228403,0.529055898959342,-0.401783900544031,3.36643821064447e-12,1.02290247307468,34495.7197436735,2.44989214100618e-16,0.0226441271757418,0.0155555555555556,0,0,-7.59539562228403,-7.57275149510828,-7.59539562228403,1.02290247307468,34495.7197436734,9.53558220039162e-17
559,-7.59416448812293,0.573567298825594,-0.418327307143405,1.45725467560367e-10,1.05745854043993,66956.7674510988,2.53177108907228e-16,0.0558681248459073,0,0,0,-7.59416448812293,-7.53829636327703,-7.59416448812293,1.05745854043993,66956.7674510986,5.08081231408318e-17
560,-8.02557876748144,0.515429337642062,-0.416576731562209,5.50525992188086e-10,1.02558353669662,3500625.02401317,3.63567201036277e-16,0.025261598118662,0,0,0,-8.02557876748144,-8.00031716936277,-8.02557876748144,1.02558353669662,3500625.02401315,7.77348864290496e-17
561,-7.86941897825609,0.487035581687818,-0.334211786559795,3.45583082306789e-11,1.02992091926721,231073.795441806,1.63765606014326e-16,0.029481519592454,0.0211111111111111,0,0,-7.86941897825609,-7.83993745866363,-7.86941897825609,1.02992091926721,231073.795441806,6.90574141081078e-17
562,-8.06642102443764,0.523178806112128,-0.419716081308552,7.00093737777918e-10,1.01037249132575,222587.60643508,-1.57358693976385e-16,0.0103190609723997,0,0,0,-8.06642102443764,-8.05610196346524,-8.06642102443764,1.01037249132576,222587.60643508,7.12393107467809e-17
563,-7.80712942492733,0.453024548058061,-0.379658932340534,5.75375022288103e-10,1.06733430618429,217156.76084047,3.80559781218734e-16,0.0651642368582458,0,0,0,-7.80712942492733,-7.74196518806909,-7.80712942492733,1.06733430618429,217156.76084047,1.70180227934383e-16
564,-7.83780019628242,0.439837993388651,-0.409509781258946,1.217694452769e-09,1.05055708542602,700506.22536332,2.41404118916932e-16,0.0493203574923364,0,0,0,-7.83780019628242,-7.78847983879008,-7.83780019628242,1.05055708542602,700506.225363319,2.72235937496627e-17
565,-7.75086809111688,0.501517325205778,-0.358849499272897,4.2396154816596e-10,1.06261117592388,133017.568779678,-1.21060568976835e-16,0.0607291873873878,0,0,0,-7.75086809111688,-7.6901389037295,-7.75086809111688,1.06261117592388,133017.568779678,3.35919563770264e-17
566,-7.66957773583848,0.537297150006847,-0.359942856216348,1.44338920124577e-12,0.995745059742362,37565.0997209079,2.0736498937721e-16,-0.00426403403798487,0.0122222222222222,0,0,-7.66957773583848,-7.67384176987647,-7.66957773583848,0.995745059742363,37565.0997209078,9.36904874669785e-17
567,-7.63232135781248,0.567166222590571,-0.423006965737482,4.63399399413195e-09,1.04336126497147,77166.9620155923,4.61128049325213e-16,0.0424471475403679,0,0,0,-7.63232135781248,-7.58987421027212,-7.63232135781248,1.04336126497147,77166.962015592,2.04234777238336e-16
568,-7.72780557179627,0.538293550160182,-0.449318835253463,4.12444079059675e-10,1.02981882365325,166862.761377773,-1.38947495484685e-16,0.0293828869673751,0,0,0,-7.72780557179627,-7.69842268482889,-7.72780557179627,1.02981882365325,166862.761377773,1.27567709482277e-16
569,-7.40852623992947,0.551052502317259,-0.370596272122934,1.67517369621339e-11,1.03100174473721,3513.76500989504,1.91821867032458e-16,0.0305307666803576,0.0133333333333333,0,0,-7.40852623992947,-7.37799547324911,-7.40852623992947,1.03100174473721,3513.76500989503,1.08585979714033e-16
570,-7.60907633517919,0.549165468206039,-0.407382186354092,6.62490248400067e-10,1.04724351828066,48823.5138663362,1.02633950720903e-16,0.0461613897190719,0,0,0,-7.60907633517919,-7.56291494546012,-7.60907633517919,1.04724351828066,48823.5138663362,9.82084783866336e-17
571,-7.38208725710867,0.472871374121373,-0.416815468849694,3.36011166476995e-11,1.03614580468028,45553.5794909675,7.13626688606281e-17,0.0355078473147385,0.0211111111111111,0,0,-7.38208725710867,-7.34657940979393,-7.38208725710867,1.03614580468028,45553.5794909675,5.53723733531797e-17
572,-7.99285790647356,0.530949487258624,-0.378787760332383,6.9708026056124e-11,1.03055266836699,672384.717198744,7.14860269744754e-17,0.0300952030987986,0.0233333333333333,0,0,-7.99285790647356,-7.96276270337476,-7.99285790647356,1.03055266836699,672384.717198744,1.01369530053969e-16
573,-7.60836774888305,0.498143972078221,-0.372866028453433,7.09407071830938e-12,1.04814962817758,25423.3878647685,5.01234856089796e-16,0.0470261497575445,0.02,0,0,-7.60836774888305,-7.56134159912551,-7.60836774888305,1.04814962817758,25423.3878647684,1.80025747395815e-16
574,-7.65944192436548,0.546949162880638,-0.370595978690599,6.2070808838624e-11,1.08224724798741,163682.219882384,-7.7715611723761e-18,0.0790396126679879,0.0188888888888889,0,0,-7.65944192436548,-7.58040231169749,-7.65944192436548,1.08224724798741,163682.219882384,2.69691676398528e-17
575,-7.9391095846806,0.553782687010194,-0.444127900896574,3.91608193546668e-10,1.03125427752663,436283.94578615,3.89842479285739e-16,0.0307756965579339,0,0,0,-7.9391095846806,-7.90833388812267,-7.9391095846806,1.03125427752663,436283.945786148,6.6717464886068e-16
576,-7.51392766701695,0.541214798500777,-0.389796251228612,6.49678997874766e-10,1.05851695856761,18427.2497738601,-3.62364459426266e-16,0.0568688190106836,0,0,0,-7.51392766701695,-7.45705884800627,-7.51392766701695,1.05851695856761,18427.2497738602,5.15667755409923e-16
577,-7.68683000482344,0.539633401997687,-0.393747100654909,1.21326255108292e-10,1.03150116152304,188306.052641362,8.5980605351526e-17,0.0310151354821953,0,0,0,-7.68683000482344,-7.65581486934124,-7.68683000482344,1.03150116152304,188306.052641361,1.2702030785208e-16
578,-7.95005614325023,0.552388097234023,-0.406787777901963,1.32009954515051e-10,1.05002623716824,1267437.53457221,-1.12872674170224e-17,0.0488151426159432,0,0,0,-7.95005614325023,-7.90124100063429,-7.95005614325023,1.05002623716824,1267437.53457221,1.39505437969336e-16
579,-7.43604459453445,0.512870656932577,-0.369052331759999,5.63703512457022e-12,1.02282696471151,2924.24718981938,4.65044669439862e-16,0.0225693711747031,0.01,0,0,-7.43604459453445,-7.41347522335974,-7.43604459453445,1.02282696471151,2924.24718981937,1.55593130971946e-16
580,-7.6735511101356,0.564748340855786,-0.416941807873078,1.1705101642672e-09,1.01719449302296,239064.981211848,-2.0702575456413e-16,0.0170483322655511,0,0,0,-7.6735511101356,-7.65650277787005,-7.6735511101356,1.01719449302296,239064.981211849,9.7090545479893e-17
581,-7.72743367626578,0.537057096286205,-0.359545228764319,3.56517496278457e-10,1.02205421922214,306947.570819868,4.08870468346676e-16,0.0218136719597853,0,0,0,-7.72743367626578,-7.705620004306,-7.72743367626578,1.02205421922214,306947.570819866,7.25268610600614e-17
582,-7.79880954277354,0.578666827685329,-0.394236545127919,5.01934344569294e-10,1.05411992275164,738276.460857217,5.42532839641218e-16,0.0527058968883573,0,0,0,-7.79880954277353,-7.74610364588518,-7.79880954277354,1.05411992275164,738276.460857214,9.5281614388555e-17
583,-7.62406985714913,0.4938951656172,-0.36363943480285,3.76394451394625e-11,1.04563599405759,375113.912310194,3.98508386783508e-16,0.0446252037063506,0.0255555555555556,0,0,-7.62406985714913,-7.57944465344278,-7.62406985714913,1.04563599405759,375113.912310193,2.91649420663336e-16
584,-7.71247921089533,0.497963667876257,-0.376903483245432,4.65185525253965e-11,1.02322243701875,131502.412295865,3.82965264438755e-16,0.022956752454093,0.02,0,0,-7.71247921089533,-7.68952245844124,-7.71247921089533,1.02322243701875,131502.412295865,1.15494034089478e-16
585,-7.58778455097353,0.506876372452422,-0.373227857903136,1.44862946512958e-10,1.02970481148313,77193.2477261304,5.0299270921212e-17,0.0292721700533138,0,0,0,-7.58778455097353,-7.55851238092022,-7.58778455097353,1.02970481148313,77193.2477261304,2.16431810744982e-16
586,-7.9734178981448,0.524791968172473,-0.436500077664518,2.05689254604228e-10,1.0536078172879,228223.636639757,-1.82693366607762e-16,0.0522202723900179,0,0,0,-7.9734178981448,-7.92119762575478,-7.9734178981448,1.0536078172879,228223.636639758,9.74683297035502e-17
587,-8.09127660204009,0.495934558211831,-0.422913091400899,1.25693997712652e-10,1.04338667491002,320117.266925321,3.92093764863451e-16,0.0424718396279475,0,0,0,-8.09127660204009,-8.04880476241215,-8.09127660204009,1.04338667491002,320117.266925319,6.5210182932497e-17
588,-8.23349612453542,0.498962709643109,-0.385924664738023,9.15140402130864e-11,1.05604880293077,1371126.50545764,1.05656224510161e-16,0.0545343974870044,0.0255555555555556,0,0,-8.23349612453542,-8.17896172704841,-8.23349612453542,1.05604880293077,1371126.50545764,7.92730079110823e-17
589,-7.88405895017805,0.474480354426149,-0.377788485381773,5.96715854635149e-11,1.04971698744945,1736797.60917749,2.86807614694832e-16,0.0485204502892039,0.0277777777777778,0,0,-7.88405895017805,-7.83553849988884,-7.88405895017805,1.04971698744945,1736797.60917749,7.20835428384229e-16
590,-7.87662515760365,0.483041787561115,-0.410780829004372,1.41283153370684e-10,1.04236547422181,469954.859157776,-1.48631107421693e-16,0.0414925533816142,0,0,0,-7.87662515760365,-7.83513260422203,-7.87662515760365,1.04236547422181,469954.859157777,1.86438441845343e-16
591,-7.68969908542477,0.482077879508155,-0.376840098848999,2.57879145550783e-11,1.06412397204925,79609.5738525279,1.77327288655407e-17,0.0621517444283172,0.0244444444444444,0,0,-7.68969908542477,-7.62754734099645,-7.68969908542477,1.06412397204925,79609.573852528,7.22739769266746e-16
592,-7.92218242858754,0.506027697983974,-0.322355645667761,1.90871757607046e-10,1.04552871271545,781482.350976777,2.06223926824123e-16,0.0445227024028682,0,0,0,-7.92218242858754,-7.87765972618467,-7.92218242858754,1.04552871271545,781482.350976776,5.40925329220146e-17
593,-7.6706518908703,0.502166610079633,-0.359597984369906,1.89195892527258e-10,1.05557231953364,235151.252676699,2.78511781538605e-16,0.0540823120317802,0,0,0,-7.6706518908703,-7.61656957883852,-7.6706518908703,1.05557231953364,235151.252676699,1.27737326888817e-16
594,-7.46520853000125,0.505749457622224,-0.38725757472081,9.81990152329234e-10,1.04325365135611,5457.51174545571,-1.19163937976433e-16,0.0423396066132157,0,0,0,-7.46520853000125,-7.42286892338804,-7.46520853000125,1.04325365135611,5457.51174545572,8.65048773353768e-17
595,-7.96500740677394,0.539681026220645,-0.375350002784128,9.66652672874656e-11,1.05348007191162,259169.749145728,1.13088550869457e-16,0.0520987023403441,0.0288888888888889,0,0,-7.96500740677394,-7.9129087044336,-7.96500740677394,1.05348007191162,259169.749145727,1.78892394724844e-16
596,-8.04431440059968,0.472607479920666,-0.429980783112027,1.76850632089352e-10,1.03369865230832,805371.959272503,4.25616332301439e-16,0.0331432538299122,0,0,0,-8.04431440059968,-8.01117114676977,-8.04431440059968,1.03369865230832,805371.9592725,1.30312427515378e-16
597,-7.77643824245626,0.472596739882059,-0.386598141878842,1.12417497358478e-09,1.03899651644178,915216.812926865,3.17512220219622e-16,0.0382552306174546,0,0,0,-7.77643824245626,-7.73818301183881,-7.77643824245626,1.03899651644178,915216.812926862,1.6182657066229e-16
598,-7.63806965240349,0.509132609797382,-0.378087397152792,1.24614520539064e-10,1.07595831398517,78609.5963603004,3.8456891991877e-16,0.0732117060337517,0,0,0,-7.63806965240349,-7.56485794636974,-7.63806965240349,1.07595831398517,78609.5963603002,5.04662862425379e-16
599,-8.00328553375221,0.489131953164053,-0.482559333635228,6.69550709616899e-11,1.02400801691649,210167.696404715,-3.47561485764598e-17,0.0237243323167374,0.0233333333333333,0,0,-8.00328553375221,-7.97956120143547,-8.00328553375221,1.02400801691649,210167.696404715,8.88674743361308e-17
600,-8.20978550524703,0.602543928475058,-0.46893150876124,1.97281459932048e-10,1.03548132695285,781318.823361458,4.09487258915912e-16,0.0348658361078552,0,0,0,-8.20978550524703,-8.17491966913918,-8.20978550524703,1.03548132695285,781318.823361455,9.56642172885343e-17
601,-7.79456609245204,0.535807591213048,-0.446729065153649,4.59137600180242e-12,1.03882628213169,184534.345239641,4.81836792687318e-16,0.0380913771365976,0.0222222222222222,0,0,-7.79456609245203,-7.75647471531544,-7.79456609245204,1.03882628213169,184534.34523964,2.20764764493866e-16
602,-8.14313921282677,0.562445287414966,-0.45457660469872,1.7589066683377e-10,1.05098743993363,2425601.62191455,2.57186247607264e-16,0.0497297722751075,0,0,0,-8.14313921282677,-8.09340944055166,-8.14313921282677,1.05098743993363,2425601.62191454,6.90381394028192e-17
603,-7.4329517325381,0.523623559642124,-0.465863090523799,7.70089779866828e-13,1.04792852717485,26242.5827170111,5.10702591327572e-17,0.0468153825913081,0.01,0,0,-7.4329517325381,-7.38613634994679,-7.4329517325381,1.04792852717485,26242.5827170111,8.92804348969397e-17
604,-7.72209443610011,0.534462904642748,-0.372115643933661,9.60890253214423e-11,1.01999070280752,353072.529229636,4.13249681388253e-17,0.0197931889436579,0.0188888888888889,0,0,-7.72209443610011,-7.70230124715645,-7.72209443610011,1.01999070280752,353072.529229636,8.82010514007763e-17
605,-7.69570405303786,0.593564928212208,-0.428574187862143,1.55127204357639e-10,1.02224691906331,255979.796368048,1.74058298638455e-16,0.0220016306815049,0,0,0,-7.69570405303786,-7.67370242235636,-7.69570405303786,1.02224691906331,255979.796368047,2.15011746832842e-16
606,-7.53715915748267,0.503700971809543,-0.390972003065855,8.45752883600711e-11,1.05360402273874,14896.690584307,2.14951513378815e-17,0.0522165211643679,0.0177777777777778,0,0,-7.53715915748267,-7.4849426363183,-7.53715915748267,1.05360402273874,14896.690584307,1.52200782841147e-16
607,-8.18150712832809,0.535774722674343,-0.405327726755861,1.71796503901011e-10,1.02763745179624,207876.838471099,5.32290261250839e-17,0.0272624310618543,0,0,0,-8.18150712832809,-8.15424469726623,-8.18150712832809,1.02763745179624,207876.838471099,1.07633809272774e-16
608,-7.8458072782987,0.489667058542136,-0.394574324133866,1.91538435359222e-10,1.04435830407368,667257.819402107,-1.68260467287635e-16,0.0434024726904666,0,0,0,-7.8458072782987,-7.80240480560823,-7.8458072782987,1.04435830407368,667257.819402108,6.54723189244224e-17
609,-7.92447203819379,0.54654453544065,-0.444261326563022,7.4016245800088e-10,1.04586239557823,237005.805038105,-3.35133155794488e-16,0.0448417337899488,0,0,0,-7.92447203819379,-7.87963030440384,-7.92447203819379,1.04586239557823,237005.805038106,4.75175454539567e-16
610,-8.12304998626971,0.534533770426134,-0.420491547761268,4.28210756053889e-10,1.03916423335733,497165.21303689,3.42442124039937e-16,0.0384165803583981,0,0,0,-8.12304998626971,-8.08463340591131,-8.12304998626971,1.03916423335733,497165.213036889,6.3506298984982e-17
611,-7.84480620311402,0.601660421555968,-0.439204997860203,8.26947932626483e-11,1.03356758346393,1378573.59834925,1.69871832649764e-16,0.0330157473526151,0.0277777777777778,0,0,-7.84480620311402,-7.8117904557614,-7.84480620311402,1.03356758346393,1378573.59834925,5.96899073378331e-17
612,-7.83360067769408,0.465792972658771,-0.349265485178664,1.81232690238315e-10,1.03562342682214,801943.166248502,9.86248120208681e-17,0.0350035868804513,0,0,0,-7.83360067769408,-7.79859709081363,-7.83360067769408,1.03562342682214,801943.166248501,2.14658537858428e-16
613,-7.6572681027179,0.463278150889851,-0.388022005086467,3.49386766597757e-11,1.03392516551855,76052.2399773659,-1.2490009027033e-17,0.0333623990579717,0.0111111111111111,0,0,-7.6572681027179,-7.62390570365993,-7.6572681027179,1.03392516551855,76052.2399773659,5.90268574759042e-17
614,-7.65512436264563,0.561280864941995,-0.385365797965189,9.03880873644095e-11,1.05101784476885,277595.538373831,4.42254257906585e-16,0.049759056484004,0.0266666666666667,0,0,-7.65512436264563,-7.60536530616162,-7.65512436264563,1.05101784476885,277595.53837383,4.30196002278017e-16
615,-7.7969729265695,0.493029470904814,-0.414916068793866,8.21316283511886e-11,1.01976719408548,382054.475034194,-7.14243479175517e-17,0.0195738362522209,0.0233333333333333,0,0,-7.7969729265695,-7.77739909031728,-7.7969729265695,1.01976719408548,382054.475034195,1.13327557215036e-16
616,-8.11528277295049,0.527374574815249,-0.419429270355107,3.58752936298596e-09,1.01184590928837,351317.439949461,4.17937289714448e-16,0.011776279820413,0,0,0,-8.11528277295049,-8.10350649313008,-8.11528277295049,1.01184590928837,351317.43994946,1.54143673134241e-16
617,-7.75748975118289,0.485278980674106,-0.408558129857379,5.55284893903149e-10,1.04207864620811,235215.659260592,3.50830475781549e-16,0.0412173539432481,0,0,0,-7.75748975118289,-7.71627239723964,-7.75748975118289,1.04207864620811,235215.659260591,3.78092618941789e-16
618,-7.87045388585954,0.49450794094041,-0.487142968133141,7.4778146854927e-11,1.04663086938323,139023.83468515,2.08096464442913e-16,0.0455751965816607,0.0255555555555556,0,0,-7.87045388585954,-7.82487868927787,-7.87045388585954,1.04663086938323,139023.83468515,7.66449018449775e-17
619,-7.54759470816179,0.487718625447249,-0.453706818128288,3.90815417286149e-11,1.01595302488123,8404.51250604003,1.55246186276751e-16,0.0158271124407156,0.0133333333333333,0,0,-7.54759470816179,-7.53176759572108,-7.54759470816179,1.01595302488123,8404.51250604002,6.00831113257211e-17
620,-7.71231064318339,0.507099446373638,-0.381606676474273,8.28648260956728e-11,1.0516335493418,100389.897689815,-9.59417730446906e-17,0.0503447136230367,0.0166666666666667,0,0,-7.71231064318339,-7.66196592956036,-7.71231064318339,1.0516335493418,100389.897689815,1.49617972332471e-16
621,-7.59707939885617,0.500689899012717,-0.384231719453834,7.18365135275591e-12,1.03803489718257,9724.81988356215,9.63426869146941e-17,0.0373280291361511,0.0155555555555556,0,0,-7.59707939885617,-7.55975136972002,-7.59707939885617,1.03803489718257,9724.81988356213,1.20366679586444e-16
622,-7.50523916469761,0.480187246772199,-0.407801796310716,1.01327682396632e-09,1.03938699639928,173356.434365339,4.31753398465339e-18,0.0386309547650092,0,0,0,-7.50523916469761,-7.4666082099326,-7.50523916469761,1.03938699639928,173356.434365339,5.6690763194922e-17
623,-8.00848086288235,0.512795644474696,-0.427585054888423,2.23260997866884e-10,1.02636218397786,101513.370673764,-1.38716199021221e-16,0.02602061680229,0,0,0,-8.00848086288235,-7.98246024608006,-8.00848086288235,1.02636218397786,101513.370673765,1.10297573543663e-16
624,-7.54370819861294,0.522664730878621,-0.403429839812488,7.31133757315273e-10,1.0509973396249,33479.6807702077,1.55862976845987e-16,0.0497394917724754,0,0,0,-7.54370819861294,-7.49396870684047,-7.54370819861294,1.0509973396249,33479.6807702077,1.47968057559764e-16
625,-7.90178787952699,0.473639433393777,-0.405850436287474,1.54496820662272e-10,1.00371637956767,954385.984402966,-2.10017188824925e-17,0.00370916336489745,0,0,0,-7.90178787952699,-7.8980787161621,-7.90178787952699,1.00371637956767,954385.984402966,5.7099386947041e-17
626,-7.34242944570984,0.510947076111697,-0.368351900391735,6.30407420420485e-12,1.05786765110042,5496.59083995696,4.61606062016371e-16,0.0562551194523586,0.0177777777777778,0,0,-7.34242944570984,-7.28617432625748,-7.34242944570984,1.05786765110042,5496.59083995694,2.25190236828136e-16
627,-7.99472902383532,0.529611961176685,-0.408415240995503,4.61984380149203e-11,1.05732958448979,306952.705068328,-2.23586581348122e-17,0.0557464684785514,0.0255555555555556,0,0,-7.99472902383532,-7.93898255535677,-7.99472902383532,1.05732958448979,306952.705068328,1.28785870856518e-16
628,-7.61153944328824,0.527351724920524,-0.406252316899703,5.48144536043622e-11,1.04207625458223,124525.6070879,-1.1262595794253e-16,0.0412151190880432,0.0244444444444444,0,0,-7.61153944328824,-7.57032432420019,-7.61153944328824,1.04207625458223,124525.6070879,5.43161195033627e-17
629,-7.7936670521369,0.50317271889932,-0.39715414625014,2.79803750040241e-10,1.05094170885291,258939.829432474,2.57325025485342e-16,0.0496866116772291,0,0,0,-7.7936670521369,-7.74398044045967,-7.7936670521369,1.05094170885291,258939.829432473,1.84177518914986e-16
630,-7.85129155569689,0.499806953013521,-0.41086241505385,3.0296386441802e-10,1.04796506472742,1869182.60436072,9.56333777600725e-17,0.046850141793209,0,0,0,-7.85129155569689,-7.80444141390368,-7.85129155569689,1.04796506472742,1869182.60436072,6.85716915348343e-17
631,-7.64331877467946,0.514547268069646,-0.291368539848612,8.36047992291793e-11,1.04094424622569,125441.462657549,3.23815048849004e-17,0.0401282180308678,0.0166666666666667,0,0,-7.64331877467946,-7.60319055664859,-7.64331877467946,1.04094424622569,125441.462657549,7.00674086652321e-17
632,-7.70213129960242,0.573773431060605,-0.380895070832655,1.15648743412894e-10,1.03389976340118,66122.6313824226,-2.66885279308503e-16,0.03333780702113,0,0,0,-7.70213129960242,-7.66879349258129,-7.70213129960242,1.03389976340118,66122.6313824227,3.11078323594277e-16
633,-7.69994949349508,0.517929954246313,-0.313078190486137,3.13105783340842e-10,1.04535402023378,240953.592872596,5.84717459635916e-17,0.0443555995035916,0,0,0,-7.69994949349508,-7.65559389399149,-7.69994949349508,1.04535402023378,240953.592872596,1.04360964314765e-16
634,-7.2233517670383,0.534206215696383,-0.367774392286726,6.38157302081217e-12,1.03750622006268,1485.74718107636,2.89891567541013e-18,0.0368198837883779,0.0111111111111111,0,0,-7.2233517670383,-7.18653188324992,-7.2233517670383,1.03750622006268,1485.74718107636,5.57809971052987e-17
635,-7.78864056343506,0.523720215596309,-0.408461392743781,2.75968971711957e-10,1.03555300365794,242716.209638309,-1.89231346641666e-16,0.0349355834247748,0,0,0,-7.78864056343506,-7.75370498001029,-7.78864056343506,1.03555300365794,242716.209638309,3.36150860233728e-17
636,-7.68931045723926,0.50405683447816,-0.366789197263313,4.21528177385253e-11,1.04725125856906,68211.0234141255,4.65214286846402e-16,0.0461688643947393,0.0222222222222222,0,0,-7.68931045723926,-7.64314159284452,-7.68931045723926,1.04725125856906,68211.0234141252,1.47844699445917e-16
637,-7.50841614862619,0.466488246576882,-0.352583061534831,6.74922907171896e-11,1.06813078287863,121444.717887224,6.95431366813813e-17,0.0659100013837122,0.0188888888888889,0,0,-7.50841614862619,-7.44250614724248,-7.50841614862619,1.06813078287863,121444.717887224,5.38824386343685e-17
638,-7.33202400451736,0.553796778647065,-0.359281641402635,1.72929563923224e-05,1.04013250887585,3020.36369197185,-1.97434661212507e-16,0.0393479928637322,0,0,0,-7.33202400451736,-7.29267601165363,-7.33202400451736,1.04013250887585,3020.36369197185,1.21600260724916e-16
639,-7.65017560342743,0.553505764592686,-0.339997843858919,1.69199009611423e-10,1.025282248939,241067.953033734,4.50041238843192e-16,0.0249678043717886,0,0,0,-7.65017560342743,-7.62520779905564,-7.65017560342743,1.025282248939,241067.953033733,2.13394117191494e-16
640,-7.94487202251947,0.550580177647638,-0.378910377509337,1.56945147834883e-09,1.03668431819485,1012607.99796322,-6.17869952732361e-17,0.036027372315634,0,0,0,-7.94487202251947,-7.90884465020383,-7.94487202251947,1.03668431819485,1012607.99796322,1.38511887145161e-16
641,-7.8589445567612,0.52824926193389,-0.381418622835134,3.2727788678599e-11,1.046589181588,647552.626253854,8.17679257636428e-16,0.0455364234361608,0.0233333333333333,0,0,-7.8589445567612,-7.81340813332504,-7.8589445567612,1.046589181588,647552.62625385,1.56387248829838e-16
642,-7.8680045863062,0.56057919885515,-0.386271580773453,1.19576622533138e-10,1.04389325347959,17767.0043148687,-8.5248166550558e-17,0.0429568756772824,0,0,0,-7.8680045863062,-7.82504771062891,-7.8680045863062,1.04389325347959,17767.0043148688,1.04422643371688e-16
643,-7.67573981692118,0.501659662701648,-0.378468530881181,3.77662862924298e-11,1.06399376799395,130405.531307353,-3.83797931707224e-17,0.0620292007121163,0.0177777777777778,0,0,-7.67573981692118,-7.61371061620907,-7.67573981692118,1.06399376799395,130405.531307353,5.27047541412331e-17
644,-7.62653887305672,0.475862420608762,-0.383898932744616,1.09024390668247e-10,1.04992925241506,145945.318090041,3.32157141297924e-16,0.0487219984512533,0,0,0,-7.62653887305672,-7.57781687460546,-7.62653887305672,1.04992925241506,145945.318090041,1.63033167213358e-16
645,-7.73981580909075,0.527804603498044,-0.399996846497215,1.55473449427935e-11,1.03708223225887,752014.721654854,4.48437583363178e-16,0.0364104407124503,0.0233333333333333,0,0,-7.73981580909075,-7.7034053683783,-7.73981580909075,1.03708223225887,752014.721654851,1.10609823769339e-16
646,-7.74660731305952,0.499339792909557,-0.438593411146632,2.79275835673438e-10,1.0564300277696,210868.128093565,7.68706086439074e-16,0.0548952611740596,0,0,0,-7.74660731305952,-7.69171205188546,-7.74660731305952,1.0564300277696,210868.128093564,1.08999229395421e-15
647,-7.3711907313042,0.521035289997106,-0.415688233988777,2.14082485978359e-10,1.0815308232031,10456.5752312698,2.77864151440907e-16,0.0783755138481964,0,0,0,-7.3711907313042,-7.292815217456,-7.3711907313042,1.0815308232031,10456.5752312697,4.15716843665198e-17
648,-7.55199023414905,0.532753576661031,-0.397378265685834,1.73037988603613e-10,1.06689526618251,70515.6631015154,-4.19417587080615e-18,0.0647523829572703,0,0,0,-7.55199023414905,-7.48723785119178,-7.55199023414905,1.06689526618251,70515.6631015154,5.66059544916521e-17
649,-7.4814659959657,0.489426659734588,-0.40435449215553,3.50858664069177e-12,1.03023181079633,63391.8019132007,3.89965837399586e-16,0.0297838259627164,0.02,0,0,-7.4814659959657,-7.45168217000298,-7.4814659959657,1.03023181079633,63391.8019132004,1.75638824472123e-16
650,-7.85391610364154,0.521574544003306,-0.41236902447852,8.52092627789876e-11,1.04796497869363,684793.282142424,2.86722805991562e-16,0.0468501680633706,0.02,0,0,-7.85391610364154,-7.80706593557817,-7.85391610364154,1.04796497869363,684793.282142423,8.17016207774499e-17
651,-7.91366697223478,0.545618812146889,-0.391226575059228,7.89519612489775e-11,1.05148822903876,341833.266696136,2.80269634660928e-16,0.05020643955244,0.0222222222222222,0,0,-7.91366697223478,-7.86346053268234,-7.91366697223478,1.05148822903876,341833.266696135,1.06411792957475e-16
652,-8.13423367469839,0.485847866312815,-0.360950629826858,1.96275239045456e-10,1.04700955202694,2185687.5727754,5.48403914872135e-17,0.0459380550816543,0,0,0,-8.13423367469839,-8.08829561961674,-8.13423367469839,1.04700955202694,2185687.5727754,3.8872261890847e-16
653,-7.41143406351946,0.522431401671083,-0.431008300831347,2.12645775394902e-12,1.03303727710663,5904.12747377233,2.1094237467878e-17,0.0325032302031293,0.00555555555555556,0,0,-7.41143406351946,-7.37893083331633,-7.41143406351946,1.03303727710663,5904.12747377233,5.63129789712649e-17
654,-7.26665689620751,0.504812304609967,-0.369110033583705,4.26564979192902e-11,1.03801945507285,2089.33901778935,-9.70828355977776e-17,0.0373145249399749,0.0155555555555556,0,0,-7.26665689620751,-7.22934237126753,-7.26665689620751,1.03801945507285,2089.33901778935,1.56687934232341e-16
655,-7.72333268156271,0.488275484703187,-0.362327585228226,4.6890903132631e-10,1.06324188887313,141172.6794122,1.99840144432528e-17,0.061321599197221,0,0,0,-7.72333268156271,-7.66201108236548,-7.72333268156271,1.06324188887313,141172.6794122,1.38623680435836e-16
656,-7.71472422616669,0.529609149395872,-0.313481370504973,1.2569655438467e-11,1.03086129153129,20438.3886908994,1.2264494975156e-16,0.0303945870092769,0.0144444444444444,0,0,-7.71472422616669,-7.68432963915741,-7.71472422616669,1.03086129153129,20438.3886908994,3.5611945491275e-17
657,-7.86141885148916,0.593543812079476,-0.383517550996333,1.02773334939243e-10,1.04639996538272,492971.915903923,-9.13466833038809e-17,0.045355495492346,0,0,0,-7.86141885148916,-7.81606335599682,-7.86141885148916,1.04639996538273,492971.915903923,2.18178099044132e-16
658,-7.70543012800788,0.528666858437316,-0.387461670367699,7.860417299232e-12,1.059341998727,23717.7911676409,1.59131966862939e-16,0.0576476125795708,0.0155555555555556,0,0,-7.70543012800788,-7.64778251542831,-7.70543012800788,1.059341998727,23717.7911676409,8.86328047992417e-17
659,-7.73185099143808,0.600835447666047,-0.394596937984923,1.84197318507589e-10,1.04076240743753,108379.449423413,-9.94266397608751e-17,0.0399535050286372,0,0,0,-7.73185099143808,-7.69189748640944,-7.73185099143808,1.04076240743753,108379.449423413,1.30543723978841e-16
660,-7.50211549023555,0.585756389667376,-0.438216046467164,2.62924581706097e-10,1.01154243137643,33886.981437561,-2.65528340056183e-17,0.0114761763346181,0,0,0,-7.50211549023555,-7.49063931390093,-7.50211549023555,1.01154243137643,33886.981437561,6.04454757851474e-17
661,-7.57390465399334,0.544816960271052,-0.429637930992044,2.15963018615596e-09,1.06791455391601,94841.3928922519,-2.34442095366679e-16,0.0657076650082788,0,0,0,-7.57390465399334,-7.50819698898506,-7.57390465399334,1.06791455391601,94841.392892252,1.45069141884354e-16
662,-7.67035263803004,0.552111558639,-0.391501033927108,3.53304537812594e-10,1.02879635953802,361995.188531612,-3.84877315203388e-17,0.0283891522006279,0,0,0,-7.67035263803004,-7.64196348582941,-7.67035263803004,1.02879635953802,361995.188531612,8.39066470624693e-17
663,-7.99748305217491,0.564789098799073,-0.472560681182025,2.62882908555079e-10,1.0399530192953,153994.643526355,-7.70988211545248e-19,0.0391754701825346,0,0,0,-7.99748305217491,-7.95830758199238,-7.99748305217491,1.0399530192953,153994.643526355,4.79863062865762e-17
664,-7.41268059269547,0.506615381036939,-0.360125568268049,4.95063668377825e-10,1.03820770862649,42326.7054498572,1.19965765716441e-17,0.0374958082197376,0,0,0,-7.41268059269547,-7.37518478447574,-7.41268059269547,1.03820770862649,42326.7054498572,4.56955075630224e-17
665,-7.80786314975879,0.55536548644071,-0.393437633008446,1.50458269042945e-10,1.03773704087987,58345.0019305019,3.88084626163416e-16,0.0370424026695565,0,0,0,-7.80786314975879,-7.77082074708924,-7.80786314975879,1.03773704087987,58345.0019305017,1.93882333027812e-16
666,-7.46634044084099,0.505204804830282,-0.340384829036204,5.67628540414742e-10,1.04291825369092,191338.829776264,8.11696389114837e-17,0.0420225958254636,0,0,0,-7.46634044084099,-7.42431784501552,-7.46634044084099,1.04291825369092,191338.829776263,7.22560514507562e-17
667,-7.62822954417347,0.4698360819957,-0.384046215370883,1.15384322428796e-08,1.0455958821286,83008.0451290991,-1.28600833685747e-16,0.0445868880557586,0,0,0,-7.62822954417347,-7.58364265611772,-7.62822954417347,1.0455958821286,83008.0451290992,5.72073252966574e-17
668,-7.75428873459183,0.534427076418381,-0.399248609640635,9.71881953711758e-12,1.07474652933019,123752.381510688,3.96287940734257e-16,0.0720848360921562,0.0211111111111111,0,0,-7.75428873459183,-7.68220389849967,-7.75428873459183,1.07474652933019,123752.381510688,2.64808429813653e-16
669,-7.77637673715684,0.538908685352074,-0.411206748524661,6.78571779421997e-10,1.0541905415551,28711.1240120091,2.71757924805469e-16,0.0527731524443237,0,0,0,-7.77637673715684,-7.72360358471252,-7.77637673715684,1.0541905415551,28711.124012009,1.3698918542736e-16
670,-7.4227074881123,0.53680623879217,-0.41708654395397,2.88504850079697e-05,1.03493404428596,1028.98188348591,-1.45747611510514e-16,0.0343376985972462,0,0,0,-7.4227074881123,-7.38836978951506,-7.4227074881123,1.03493404428596,1028.98188348591,1.41275879883551e-16
671,-7.91132667375724,0.512951288534096,-0.424140151635748,9.7660226397958e-11,1.05864087034245,94809.3469861235,-2.49183389971424e-17,0.0569858768005691,0.0233333333333333,0,0,-7.91132667375724,-7.85434079695667,-7.91132667375724,1.05864087034245,94809.3469861235,6.18640940943907e-17
672,-7.46295358094579,0.482518657260339,-0.412464747525158,2.9202781031245e-10,1.05558709260805,29130.2192734458,-3.68840760403246e-17,0.0540970909379047,0,0,0,-7.46295358094579,-7.40885649000789,-7.46295358094579,1.05558709260805,29130.2192734459,9.17321774096536e-17
673,-7.98235000699746,0.500885534744455,-0.446197434776293,4.10746249126128e-10,1.04994602661155,568530.673419914,2.44202806124842e-16,0.048738361366718,0,0,0,-7.98235000699746,-7.93361164563074,-7.98235000699746,1.04994602661155,568530.673419913,2.73176543114712e-16
674,-7.35093963525134,0.552848894068344,-0.413887598949372,1.7250866016205e-12,1.04086466955921,6026.57945225497,1.19148518212203e-16,0.0400517750316128,0.0122222222222222,0,0,-7.35093963525134,-7.31088786021973,-7.35093963525134,1.04086466955921,6026.57945225496,1.34456489152433e-16
675,-7.90746400771342,0.586023900280072,-0.381805106475135,1.50840094149837e-10,1.04346675246019,157503.315442634,-4.89912894203254e-16,0.0425483184864042,0,0,0,-7.90746400771342,-7.86491568922701,-7.90746400771342,1.04346675246019,157503.315442635,9.05884163978262e-16
676,-7.85150360586278,0.604716863819221,-0.421913451828471,1.93365666332004e-10,1.03657553403236,522106.396282095,4.12478693176707e-16,0.0359225219657617,0,0,0,-7.85150360586278,-7.81558108389701,-7.85150360586278,1.03657553403236,522106.396282093,2.1977404464203e-16
677,-7.7380679229985,0.573307166277622,-0.423314912487232,6.78921772493057e-10,1.05221635748264,50338.0018125182,1.86158958618658e-16,0.0508987527215583,0,0,0,-7.7380679229985,-7.68716917027695,-7.7380679229985,1.05221635748264,50338.0018125181,3.64022084081089e-17
678,-7.46222227669826,0.563738327881247,-0.423139245672284,1.10095018486477e-11,1.05197191100115,40376.0469183681,2.2764197934085e-16,0.050666412401359,0.0188888888888889,0,0,-7.46222227669826,-7.4115558642969,-7.46222227669826,1.05197191100115,40376.046918368,1.44375252493963e-16
679,-7.99639521918204,0.548071963617285,-0.335377398621762,1.67361614980298e-09,1.04434364769215,533014.543968777,1.61005468216994e-16,0.0433884120574288,0,0,0,-7.99639521918204,-7.95300680712461,-7.99639521918204,1.04434364769215,533014.543968776,6.6266436782314e-17
680,-7.3028652460172,0.504606782221928,-0.384963809509424,2.03532951387175e-11,1.04077825594586,24583.0016658685,-1.94103992138632e-16,0.0399668608822921,0.0144444444444444,0,0,-7.3028652460172,-7.26289838513491,-7.3028652460172,1.04077825594586,24583.0016658686,1.34707060321186e-16
681,-7.60565830203439,0.621315140583771,-0.417442718671665,1.39177774960553e-09,1.01356102373499,47403.1351922964,8.14163551391781e-18,0.0134698921635353,0,0,0,-7.60565830203439,-7.59218840987086,-7.60565830203439,1.01356102373499,47403.1351922963,8.56760650079656e-17
682,-7.59240118481284,0.610265025419123,-0.423544889315019,4.6336779673756e-10,1.04503237519599,41673.2509011113,1.20952630627218e-16,0.0440478493411803,0,0,0,-7.59240118481284,-7.54835333547166,-7.59240118481284,1.04503237519599,41673.2509011112,6.30051566474776e-17
683,-7.61085464804058,0.586484785910659,-0.462908590987753,1.94976511603875e-10,1.04364222549279,388033.304937546,-2.46654548637556e-16,0.0427167177193935,0,0,0,-7.61085464804058,-7.56813793032119,-7.61085464804058,1.04364222549279,388033.304937547,1.8164482264006e-16
684,-7.69004167297047,0.596973970380337,-0.411498746308271,2.98519493268176e-10,1.0180841050238,98633.4089643492,2.50046896768355e-16,0.0179221150007897,0,0,0,-7.69004167297047,-7.67211955796969,-7.69004167297047,1.0180841050238,98633.408964349,4.1849240122676e-17
685,-7.68240203063767,0.569731723231495,-0.445755332286493,2.21289600682623e-11,1.02378941768887,279329.350997955,1.58206781009085e-16,0.0235108578758807,0.0222222222222222,0,0,-7.68240203063767,-7.65889117276179,-7.68240203063767,1.02378941768887,279329.350997955,6.43081267249891e-17
686,-7.80274775803858,0.508779006441193,-0.402037194913793,7.52465644639915e-11,1.07927377396664,190444.011560192,1.02171357793976e-16,0.0762883665886,0.0222222222222222,0,0,-7.80274775803858,-7.72645939144997,-7.80274775803858,1.07927377396664,190444.011560192,8.02136135291676e-17
687,-7.58904713099865,0.499967143354339,-0.383719217532603,6.70712501857962e-11,1.03575823926196,72363.240313903,3.32450116818311e-16,0.0351337487514502,0.0255555555555556,0,0,-7.58904713099865,-7.5539133822472,-7.58904713099865,1.03575823926196,72363.2403139028,6.45779725990299e-17
688,-7.72969729691008,0.570711000506728,-0.434499859486056,8.26752420140873e-11,1.00414490527333,87726.3378891049,-4.0399782284971e-17,0.00413633006932746,0.0144444444444444,0,0,-7.72969729691008,-7.72556096684075,-7.72969729691008,1.00414490527333,87726.3378891049,6.59541865566382e-17
689,-7.94035404519365,0.537807980173494,-0.415005583018958,2.27278236744215e-10,1.03768365690687,514685.594071419,8.92495953684779e-17,0.0369908409330278,0,0,0,-7.94035404519365,-7.90336320426062,-7.94035404519365,1.03768365690687,514685.594071419,8.64586180426841e-17
690,-7.79381805083579,0.512740158577126,-0.387753112883821,2.00075794429802e-11,1.02961013092749,74146.1862120087,7.80972508884759e-17,0.0291802169238852,0.0222222222222222,0,0,-7.79381805083579,-7.76463783391191,-7.79381805083579,1.02961013092749,74146.1862120087,1.35127248896478e-16
691,-7.8553006170917,0.581505611514637,-0.4149637479288,2.91624093527594e-12,1.03165512190451,13408.8736967122,5.49699175067531e-16,0.0311643159614109,0.0166666666666667,0,0,-7.8553006170917,-7.82413630113029,-7.8553006170917,1.03165512190451,13408.8736967122,1.16403800179101e-16
692,-7.62005739724956,0.530190441214538,-0.462976465280603,1.58057562766597e-11,1.04299527684406,52195.0398479526,2.65590019113107e-16,0.0420962405728604,0.0177777777777778,0,0,-7.62005739724956,-7.5779611566767,-7.62005739724956,1.04299527684406,52195.0398479524,1.87535172576266e-16
693,-7.61301815629587,0.547160122050129,-0.392782024532752,3.27992675038219e-10,1.0353408422301,173048.580208893,3.28040064248272e-16,0.0347306794964611,0,0,0,-7.61301815629587,-7.57828747679941,-7.61301815629587,1.0353408422301,173048.580208892,2.10618559629931e-16
694,-8.39156229453388,0.504149500347703,-0.433575299188416,2.50225698274321e-10,1.05394896200576,582184.810028386,7.05670090263134e-16,0.0525426512304428,0,0,0,-8.39156229453388,-8.33901964330344,-8.39156229453388,1.05394896200576,582184.810028383,6.9238596337821e-16
695,-7.82873043737058,0.518211570571367,-0.391221936535477,2.50007407084071e-11,1.03203905793231,49390.7804209764,1.83433515290845e-16,0.0315364278258216,0.02,0,0,-7.82873043737058,-7.79719400954475,-7.82873043737058,1.03203905793231,49390.7804209763,1.09819560852505e-16
696,-7.66692021948253,0.520821358761631,-0.392921455400846,2.85428456333444e-10,1.02136253948692,208825.945225193,2.48319883174493e-16,0.0211374999330092,0,0,0,-7.66692021948253,-7.64578271954952,-7.66692021948253,1.02136253948692,208825.945225193,1.51884677674414e-16
697,-7.5645898337915,0.548684048061263,-0.423397298703458,5.65182973762149e-10,1.03997414916754,15930.1183399584,3.10731378899081e-16,0.0391957750707373,0,0,0,-7.5645898337915,-7.52539405872076,-7.5645898337915,1.03997414916754,15930.1183399584,1.57711421083167e-16
698,-7.55150346207813,0.517972428997186,-0.356662824577551,1.09866604415806e-08,1.01512219934838,26463.7840342236,3.67853895492469e-16,0.0150087682837654,0,0,0,-7.55150346207813,-7.53649469379437,-7.55150346207813,1.01512219934838,26463.7840342235,2.45143411742927e-16
699,-7.55636821649222,0.558639692685665,-0.355513392851634,1.74277091094094e-10,1.04440376325889,25991.4333915812,-1.82184514388142e-16,0.043446055153504,0,0,0,-7.55636821649222,-7.51292216133872,-7.55636821649222,1.04440376325889,25991.4333915812,5.66329390790562e-17
700,-7.60910220801647,0.572473114560357,-0.360164223355982,2.60345783494228e-10,1.04785723164522,325547.291475405,2.94764213037979e-16,0.0467473269110323,0,0,0,-7.60910220801647,-7.56235488110544,-7.60910220801647,1.04785723164522,325547.291475404,7.17211783789967e-17
701,-7.56084920613402,0.494899476837,-0.422267628393413,3.59040774226151e-10,1.07056941422931,64738.98402289,3.8475395708954e-16,0.068190605254136,0,0,0,-7.56084920613402,-7.49265860087988,-7.56084920613402,1.07056941422931,64738.9840228898,5.759281940243e-17
702,-7.86081640898937,0.508763360930016,-0.475768598211441,3.87784326225603e-10,1.03379066446496,172426.251996179,-3.85494105772624e-17,0.033232288883749,0,0,0,-7.86081640898937,-7.82758412010562,-7.86081640898937,1.03379066446496,172426.251996179,5.9466320756485e-17
703,-8.03816934742993,0.507506830763224,-0.431858260988713,2.28771730821327e-10,1.02959416431982,349865.67354975,3.21116590108596e-17,0.0291645622172298,0,0,0,-8.03816934742993,-8.0090047852127,-8.03816934742993,1.02959416431982,349865.67354975,6.77621539127118e-17
704,-7.4842932577212,0.52680148589903,-0.434545673929791,3.29918382424575e-11,1.06544316840321,60915.7096295729,2.2833586873124e-16,0.0633906300990763,0.0211111111111111,0,0,-7.4842932577212,-7.42090262762212,-7.4842932577212,1.06544316840321,60915.7096295727,1.20987325096738e-16
705,-7.46182240982748,0.511274896667331,-0.423302360493312,6.06177755064686e-12,1.02099754156655,29080.8852377817,1.95214215163257e-16,0.0207801107929686,0.00666666666666667,0,0,-7.46182240982748,-7.44104229903451,-7.46182240982748,1.02099754156655,29080.8852377816,1.2354315101801e-16
706,-7.52578390319365,0.566460282576801,-0.343518533544654,8.75258749731826e-12,1.04950589609169,10597.5055443414,3.32480956346773e-16,0.0483194643304196,0.00333333333333333,0,0,-7.52578390319365,-7.47746443886323,-7.52578390319365,1.04950589609169,10597.5055443414,4.44089209850063e-17
707,-7.95303856664179,0.530450596386118,-0.399188008993502,9.75180930060215e-11,1.02905087404176,712855.251140761,5.83823113310523e-16,0.0286365783071397,0.0266666666666667,0,0,-7.95303856664179,-7.92440198833465,-7.95303856664179,1.02905087404176,712855.251140757,1.42289729381733e-16
708,-7.55251615640314,0.538524657955659,-0.387102403295497,5.04199205337322e-12,1.03783718893799,15862.1957218561,2.65019487836563e-16,0.0371388979255605,0.0177777777777778,0,0,-7.55251615640314,-7.51537725847758,-7.55251615640314,1.03783718893799,15862.1957218561,5.99828828582203e-17
709,-7.87950074116458,0.544309456618766,-0.412105835556587,4.52067003722402e-10,1.02782902122548,1031259.38368877,1.50003466438243e-16,0.0274487276676549,0,0,0,-7.87950074116458,-7.85205201349693,-7.87950074116458,1.02782902122548,1031259.38368877,2.01952652132162e-16
710,-7.68094354385796,0.546755776116118,-0.452821585482596,7.87499661551541e-11,1.02304655086799,149404.108300997,2.88719665459464e-16,0.0227848586514491,0.0244444444444444,0,0,-7.68094354385796,-7.65815868520651,-7.68094354385796,1.02304655086799,149404.108300997,5.72998438820428e-17
711,-7.94812249513922,0.517267331664332,-0.412475707057813,5.74877488960925e-10,1.03076985220034,1669321.13187247,2.26238780795837e-16,0.030305889394933,0,0,0,-7.94812249513922,-7.91781660574429,-7.94812249513922,1.03076985220034,1669321.13187246,1.22878173685553e-16
712,-7.4870669360767,0.51718202826595,-0.424624972953403,3.48876063050981e-11,1.03969285610859,26922.0015841337,2.58466088038429e-16,0.0389253371702341,0.02,0,0,-7.4870669360767,-7.44814159890647,-7.4870669360767,1.03969285610859,26922.0015841337,1.58885250635245e-16
713,-7.57652289158152,0.507480414185216,-0.423616666557527,6.6346291962722e-11,1.04404465513364,7536.86231650576,1.63141105562974e-16,0.0431018077272567,0.0166666666666667,0,0,-7.57652289158152,-7.53342108385427,-7.57652289158152,1.04404465513364,7536.86231650575,2.37310171513627e-16
714,-7.59558945175518,0.529661447549721,-0.412367944226789,1.20534484571833e-11,1.03657065146521,118211.629146508,3.73651726843289e-16,0.0359177011113285,0.0155555555555556,0,0,-7.59558945175518,-7.55967175064386,-7.59558945175518,1.03657065146521,118211.629146507,8.03369716430148e-17
715,-8.18404290899,0.519389734352659,-0.38556476487486,2.19809874684027e-10,1.05320507131645,3092909.81525587,-4.02764241711237e-17,0.0518379620662143,0,0,0,-8.18404290899,-8.13220494692378,-8.18404290899,1.05320507131645,3092909.81525587,1.41538015875477e-16
716,-8.16396545402852,0.521780902799194,-0.410932454638062,6.02370081045253e-12,1.05143634660576,119237.23908071,7.23433658657137e-16,0.0501571754207504,0.0211111111111111,0,0,-8.16396545402852,-8.11380827860777,-8.16396545402852,1.05143634660576,119237.23908071,5.99520433297585e-17
717,-8.34182588443545,0.501473105954092,-0.358786481106058,1.17350217625124e-10,1.0467835191456,1363738.10448512,1.33365540833097e-16,0.0457212870128046,0,0,0,-8.34182588443545,-8.29610459742265,-8.34182588443545,1.0467835191456,1363738.10448512,2.50463230402589e-16
718,-7.8074698129512,0.541151819251974,-0.344507322186495,6.49662303209979e-11,1.04791638380479,131512.093309963,-2.93900706241048e-17,0.0468037560337692,0.0266666666666667,0,0,-7.8074698129512,-7.76066605691743,-7.8074698129512,1.04791638380479,131512.093309963,1.52744329530287e-16
719,-7.63422921873505,0.524439208627601,-0.413082875083022,1.62756213187846e-10,1.04617652172439,306191.062634046,8.99280649946377e-17,0.0451421096971099,0,0,0,-7.63422921873505,-7.58908710903794,-7.63422921873505,1.04617652172439,306191.062634046,8.36922159661333e-17
720,-7.56286480182997,0.533229813209085,-0.427958681446314,7.53123416460102e-11,1.02520743492522,46310.8144310178,2.28520905902011e-16,0.0248949090285254,0.0211111111111111,0,0,-7.56286480182997,-7.53796989280144,-7.56286480182997,1.02520743492522,46310.8144310177,1.43002893477413e-16
721,-7.94672972986417,0.494972589515732,-0.402343625065698,4.1570876766653e-10,1.0429264594062,76411.8653916749,-9.15394303567672e-17,0.0420283722303965,0,0,0,-7.94672972986417,-7.90470135763377,-7.94672972986417,1.0429264594062,76411.865391675,1.31060286080577e-16
722,-7.73951778417524,0.552747830703616,-0.414610419822583,7.51937288201863e-11,1.07873653114959,129232.487747996,-4.69686018473365e-17,0.0757862568147325,0.0255555555555556,0,0,-7.73951778417524,-7.66373152736051,-7.73951778417524,1.07873653114959,129232.487747997,8.48318329163236e-16
723,-7.93358775266925,0.52636096883161,-0.419181174968288,4.89931020437437e-11,1.06938654731233,443892.540177038,3.4470882938188e-16,0.0670851242947278,0.0244444444444444,0,0,-7.93358775266925,-7.86650262837452,-7.93358775266925,1.06938654731233,443892.540177036,1.14584267999855e-16
724,-8.01944609479497,0.564114907407998,-0.420611859923646,6.83391287032263e-10,1.03102816099037,237432.359978412,9.27344620846624e-17,0.0305565183499961,0,0,0,-8.01944609479497,-7.98888957644497,-8.01944609479497,1.03102816099037,237432.359978412,1.35755604288887e-16
725,-7.51688070606607,0.585179719387564,-0.409795118754664,2.75840973021398e-12,1.01210177942157,7726.26303735595,-4.5580823066555e-17,0.0120291158125017,0.00888888888888889,0,0,-7.51688070606607,-7.50485159025357,-7.51688070606607,1.01210177942157,7726.26303735595,5.060766620583e-17
726,-7.37725646544777,0.504979704179787,-0.347319960985944,2.10020532975325e-11,1.02516354112436,28382.0916134029,-2.47333018263715e-17,0.0248519071265005,0.0122222222222222,0,0,-7.37725646544777,-7.35240455832127,-7.37725646544777,1.02516354112436,28382.0916134029,9.14392018892664e-17
727,-7.90545617318747,0.510553618287875,-0.438830961868849,4.80975683251593e-10,1.06246325284922,92267.1357713917,2.10325584109544e-17,0.0605900335060908,0,0,0,-7.90545617318747,-7.84486613968138,-7.90545617318747,1.06246325284922,92267.1357713916,6.63011312518336e-17
728,-8.24668380792502,0.497755215004845,-0.445558037528489,1.78949995214591e-09,1.03758164021391,530793.171596458,-2.92204532175649e-18,0.0368915664334035,0,0,0,-8.24668380792502,-8.20979224149162,-8.24668380792502,1.03758164021391,530793.171596459,1.9220736113823e-17
729,-7.73394112727631,0.573155718069823,-0.393487697179739,1.67827428785697e-09,1.04516412730996,268646.860090945,1.41584275168169e-16,0.0441739153285742,0,0,0,-7.73394112727631,-7.68976721194774,-7.73394112727631,1.04516412730995,268646.860090944,7.29046452837186e-17
730,-8.07685424664356,0.572387350312076,-0.401028196312926,2.63486837781154e-10,1.00828847295189,284743.713518074,3.47388013417e-16,0.00825425665328088,0,0,0,-8.07685424664356,-8.06859998999028,-8.07685424664356,1.00828847295189,284743.713518073,1.31746465588852e-16
731,-8.08576171807609,0.47217846467649,-0.390300268743019,3.4097704113388e-10,1.0576157968043,228814.745198653,-1.61321573383728e-16,0.0560171162913316,0,0,0,-8.08576171807609,-8.02974460178476,-8.08576171807609,1.0576157968043,228814.745198653,3.92278802034222e-17
732,-7.88385451595178,0.529219283430975,-0.406456219867609,6.72810561026379e-11,1.05281070077852,312777.406167977,4.26202283342213e-17,0.0514634313242836,0.0255555555555556,0,0,-7.88385451595178,-7.8323910846275,-7.88385451595178,1.05281070077852,312777.406167977,8.52867159611353e-17
733,-7.66809784338243,0.507424776293251,-0.420660287813683,2.41678859928371e-10,1.02600345813021,472645.174325665,2.49491785256042e-16,0.0256710463230091,0,0,0,-7.66809784338243,-7.64242679705942,-7.66809784338243,1.02600345813021,472645.174325664,1.72570291390173e-16
734,-7.88450951570698,0.486840479100377,-0.386849811221453,2.30738035474411e-10,1.07100401728212,1112714.22736355,2.73299901228559e-16,0.0685963214732204,0,0,0,-7.88450951570698,-7.81591319423376,-7.88450951570698,1.07100401728212,1112714.22736355,3.47948907340899e-16
735,-7.58787626883298,0.557138334567692,-0.41353999158905,1.94520812832441e-11,1.03961499311941,64212.3144130404,3.70074341541719e-19,0.0388503047780496,0.0177777777777778,0,0,-7.58787626883298,-7.54902596405493,-7.58787626883298,1.03961499311941,64212.3144130404,1.70443327661572e-16
736,-7.69442444089528,0.532821028372971,-0.434115296476143,1.73362535621066e-09,1.04838853911136,61756.4870525293,3.50707117667702e-16,0.0472542580793005,0,0,0,-7.69442444089528,-7.64717018281598,-7.69442444089528,1.04838853911136,61756.4870525291,7.74259129032728e-16
737,-7.51805541171822,0.486642280152014,-0.436731620988821,1.28436491644274e-10,1.01654563172763,33209.723341485,7.81473651222263e-17,0.0164102413633569,0,0,0,-7.51805541171822,-7.50164517035486,-7.51805541171822,1.01654563172763,33209.723341485,6.45471330705681e-17
738,-8.03692936242964,0.510851600055181,-0.401486723065946,1.06758254010463e-10,1.04470045382008,911944.207065526,9.48007104916036e-17,0.0437298004933646,0,0,0,-8.03692936242964,-7.99319956193627,-8.03692936242964,1.04470045382008,911944.207065525,2.77272417988546e-16
739,-7.6145058246308,0.507893415394385,-0.378338654099778,4.46501597716623e-10,1.0524088759563,73687.075047397,-1.90000407382682e-17,0.0510816763919299,0,0,0,-7.6145058246308,-7.56342414823887,-7.6145058246308,1.0524088759563,73687.075047397,5.02019336595044e-17
740,-7.82744538463058,0.451495966649907,-0.415101396463868,4.47281928449497e-10,1.02267897510966,261374.575133071,2.19515763591163e-16,0.0224251465486595,0,0,0,-7.82744538463058,-7.80502023808192,-7.82744538463058,1.02267897510966,261374.57513307,9.5232463890069e-17
741,-7.2414181157461,0.546743502809355,-0.353816318377656,1.84386748709358e-11,1.04823398832834,4554.1433362245,7.16402246167844e-17,0.0471067759657846,0.0155555555555556,0,0,-7.2414181157461,-7.19431133978032,-7.2414181157461,1.04823398832834,4554.14333622449,1.0803086820172e-16
742,-7.7454792133748,0.47878611082858,-0.36434045809997,1.32933229007625e-10,1.04507059716826,4954.68408988728,-9.71445146547012e-17,0.0440842337687834,0,0,0,-7.7454792133748,-7.70139497960601,-7.7454792133748,1.04507059716826,4954.68408988729,1.67412380254935e-16
743,-7.973086818693,0.522596560237033,-0.375520390928291,2.47664946439945e-10,1.05686844763125,1411819.33629379,-2.72760209480478e-16,0.055310214796462,0,0,0,-7.973086818693,-7.91777660389654,-7.973086818693,1.05686844763125,1411819.3362938,7.34134975033385e-17
744,-7.63231125919417,0.522526961864517,-0.34346423348549,4.38939812660045e-12,1.02640695429816,64498.2467078975,-2.10757337508009e-16,0.0260642979891595,0.02,0,0,-7.63231125919417,-7.60624696120501,-7.63231125919417,1.02640695429816,64498.2467078976,6.76156661525182e-17
745,-8.17714766848121,0.521306731680509,-0.422533539454838,2.02235553673874e-09,1.03426525186682,1987504.20719296,-6.8463753185218e-16,0.0336912404469644,0,0,0,-8.17714766848121,-8.14345642803425,-8.17714766848121,1.03426525186682,1987504.20719298,1.96416956773267e-16
746,-7.83786357373203,0.504665889462481,-0.395156990170787,4.35823048099376e-10,1.04257046489078,41468.1734047337,-1.27984043116511e-17,0.0416862241975845,0,0,0,-7.83786357373203,-7.79617734953445,-7.83786357373203,1.04257046489078,41468.1734047337,1.71745334003819e-16
747,-7.65145594063394,0.502340112149981,-0.412709222401764,1.35373687192598e-10,1.03713478290187,167505.779430191,3.21116590108596e-17,0.0364617736104884,0,0,0,-7.65145594063394,-7.61499416702345,-7.65145594063394,1.03713478290187,167505.779430191,6.68215482946266e-17
748,-7.84181215439051,0.4687370092513,-0.341170447495374,1.10296843270889e-09,1.03913143477916,126445.224357305,-2.24619705551592e-16,0.0383851833019284,0,0,0,-7.84181215439051,-7.80342697108858,-7.84181215439051,1.03913143477916,126445.224357305,1.54506037593668e-16
749,-7.42414239815955,0.445547825997563,-0.353330759563384,2.90371507913082e-12,1.05593920894971,63669.947695053,2.56153123403793e-16,0.0544306148681315,0.0155555555555556,0,0,-7.42414239815955,-7.36971178329141,-7.42414239815955,1.05593920894971,63669.9476950529,2.32113710967812e-16
750,-7.69188053468716,0.491251146319516,-0.401821968430043,1.86358311960869e-10,1.0848272813666,104025.995349452,8.17247504237963e-17,0.0814204238492297,0,0,0,-7.69188053468716,-7.61046011083793,-7.69188053468716,1.0848272813666,104025.995349452,1.39117112891224e-16
751,-7.11540050693007,0.456662080826041,-0.40368385965547,5.29607889989689e-14,1.03265905643318,784.941055892691,7.74226362033738e-17,0.032136923418311,0.00111111111111111,0,0,-7.11540050693007,-7.08326358351176,-7.11540050693007,1.03265905643318,784.94105589269,8.59112164124869e-17
752,-7.21100117290904,0.466681839649295,-0.364835413289461,0.00382170519426124,1.00229051440119,966.959818322623,1.28292438401129e-16,0.00228789465306609,0,0,0,-7.21100117290904,-7.20871327825597,-7.21100117290904,1.00229051440119,966.959818322622,6.7534712390306e-17
753,-7.52510316666861,0.521617058655585,-0.328634238137921,1.73432259848665e-10,1.02521880943299,50718.2253272117,1.03497457517834e-16,0.0249043886571505,0,0,0,-7.52510316666861,-7.50019877801146,-7.52510316666861,1.02521880943299,50718.2253272116,1.05717903567084e-16
754,-7.761320047431,0.481942489022388,-0.358951996246956,1.58155857664411e-10,1.06061541085623,154450.261483204,1.24036583473399e-16,0.0588493078545885,0,0,0,-7.761320047431,-7.70247073957641,-7.761320047431,1.06061541085623,154450.261483204,6.23729463140105e-17
755,-7.66896402646551,0.497369745212095,-0.399487625384269,2.67560707399814e-11,1.04321617604845,50240.3089290548,2.18035466224996e-17,0.0423084138418796,0.0222222222222222,0,0,-7.66896402646551,-7.62665561262363,-7.66896402646551,1.04321617604845,50240.3089290548,6.29357677084386e-17
756,-7.88345053714468,0.509469511892687,-0.390411764097537,4.97211786637972e-10,1.03296861161568,1122076.36063964,2.09400398255689e-16,0.0324367875955929,0,0,0,-7.88345053714468,-7.85101374954909,-7.88345053714468,1.03296861161568,1122076.36063964,9.60728410406533e-17
757,-7.92011102605376,0.510053260674263,-0.384903714534844,2.30867689570398e-10,1.04620809602369,1592063.91499171,4.6499841014717e-16,0.0451721028995427,0,0,0,-7.92011102605375,-7.87493892315421,-7.92011102605375,1.04620809602369,1592063.9149917,1.40229263386379e-16
758,-7.87863766717667,0.497015313974799,-0.394657701694809,6.41448728976575e-11,1.02076859852987,77533.5097852895,6.49172074121099e-17,0.0205557672866534,0.01,0,0,-7.87863766717667,-7.85808189989002,-7.87863766717667,1.02076859852987,77533.5097852894,4.3144500318072e-17
759,-7.93830301419426,0.473418313122095,-0.413981312217444,2.84236518481564e-11,1.04888278704313,713197.267732059,-1.38777878078145e-16,0.0477247332003772,0.0166666666666667,0,0,-7.93830301419426,-7.89057828099388,-7.93830301419426,1.04888278704313,713197.26773206,1.64590563400679e-16
760,-7.68214823474196,0.477855054599253,-0.385859933599559,7.05960317625596e-10,1.04673683562777,81125.9200489823,3.31771647192151e-16,0.0456775361613621,0,0,0,-7.68214823474196,-7.6364706985806,-7.68214823474196,1.04673683562777,81125.9200489821,1.6213111100585e-16
761,-7.37178604323693,0.508768697689465,-0.397793663573124,1.37307761751217e-12,1.00746581358847,953.202075001283,-3.23969246491313e-17,0.0074379070535341,0.00555555555555556,0,0,-7.37178604323693,-7.3643481361834,-7.37178604323693,1.00746581358847,953.202075001284,9.7175354183163e-17
762,-7.75223766490337,0.55211074238634,-0.386258970386874,5.49480919682176e-11,1.06195230495436,120605.307394229,-1.02017160151667e-16,0.0601087684202294,0.0222222222222222,0,0,-7.75223766490337,-7.69212889648314,-7.75223766490337,1.06195230495436,120605.307394229,7.93356507032704e-17
763,-8.1793863721642,0.546209464530641,-0.349974717581816,1.99461281798548e-10,1.03711589671509,652329.237111497,-2.88657986402541e-17,0.036443680353835,0,0,0,-8.1793863721642,-8.14294269181036,-8.1793863721642,1.03711589671509,652329.237111498,6.1436195636983e-17
764,-7.50262320670819,0.527738156799651,-0.409813988507981,3.17883586364767e-11,1.04277177993982,27637.2510009796,1.09649943445965e-16,0.0418823242195907,0.0111111111111111,0,0,-7.50262320670819,-7.4607408824886,-7.50262320670819,1.04277177993982,27637.2510009795,1.03196772115331e-16
765,-7.77842993566131,0.506072196475433,-0.420780080415565,2.47708741971434e-10,1.04446326090487,1300926.39133744,6.08155501266891e-17,0.0435023984872344,0,0,0,-7.77842993566131,-7.73492753717408,-7.77842993566131,1.04446326090487,1300926.39133744,1.06862821061229e-16
766,-7.42597147944392,0.472086514733462,-0.417150820308664,7.89151814865605e-12,1.04780476358232,40357.1874439677,3.38494664396826e-16,0.0466966981046536,0.0188888888888889,0,0,-7.42597147944392,-7.37927478133927,-7.42597147944392,1.04780476358232,40357.1874439675,6.99055011408076e-17
767,-8.05197397923366,0.528901844696955,-0.365855611723432,4.60953239546849e-12,1.05148594907665,83415.1305591847,2.66391846853114e-16,0.0502042173518588,0.0166666666666667,0,0,-8.05197397923366,-8.0017697618818,-8.05197397923366,1.05148594907665,83415.1305591844,9.95249407578472e-17
768,-7.95803009897234,0.521996561711166,-0.379007114419271,4.61589387500313e-11,1.04067272243709,29302.6923144923,2.37287041867281e-16,0.0398669339480313,0.0233333333333333,0,0,-7.95803009897234,-7.91816316502431,-7.95803009897234,1.04067272243709,29302.6923144922,1.13759310613501e-16
769,-7.60859071283764,0.490298492980896,-0.403880086145088,5.2009980290316e-10,1.02066249342591,18053.0534128254,2.57494642891882e-16,0.0204517586461818,0,0,0,-7.60859071283764,-7.58813895419146,-7.60859071283764,1.02066249342592,18053.0534128254,6.69986828362291e-16
770,-7.60453491729726,0.485851235021878,-0.370702459344857,3.34493248719858e-11,1.05223433820102,250102.672648523,3.74931567274454e-16,0.0509158295199164,0.0255555555555556,0,0,-7.60453491729726,-7.55361908777734,-7.60453491729726,1.05223433820102,250102.672648522,1.13859539081002e-16
771,-7.94403650514645,0.5565404405852,-0.431346813797118,1.86208623325864e-10,1.04510577263118,3180166.23185007,1.53233907044618e-16,0.0441180737450168,0,0,0,-7.94403650514645,-7.89991843140143,-7.94403650514645,1.04510577263118,3180166.23185007,8.14549045497554e-17
772,-7.85860403710927,0.524691287998799,-0.47264731573637,2.03389228336104e-11,1.00376731554214,222764.53674828,8.3390084960734e-17,0.00376023530658295,0.0188888888888889,0,0,-7.85860403710927,-7.85484380180269,-7.85860403710927,1.00376731554214,222764.53674828,6.04262010798588e-17
773,-8.22325253415892,0.533629884113677,-0.431807569768036,2.16693294375101e-11,1.04419631181154,510980.472399329,8.99897440515613e-17,0.0432474942986356,0.0177777777777778,0,0,-8.22325253415892,-8.18000503986028,-8.22325253415892,1.04419631181154,510980.472399329,1.39672224403537e-16
774,-7.47899822654382,0.462187899781852,-0.381304403432813,9.08450876369915e-12,1.04927798162733,4811.36399302839,1.69000615970718e-16,0.0481022395468279,0.0122222222222222,0,0,-7.47899822654382,-7.43089598699699,-7.47899822654382,1.04927798162733,4811.36399302838,1.04764769390562e-16
775,-7.58515586822035,0.552488574587255,-0.376424335871161,7.18180277538158e-11,1.04519106341454,28771.5455312783,2.8233588306787e-16,0.0441996720580735,0.0211111111111111,0,0,-7.58515586822035,-7.54095619616227,-7.58515586822035,1.04519106341454,28771.5455312782,1.25177646026486e-16
776,-8.02757158087127,0.558352840479409,-0.374289975350124,4.15056563746555e-10,1.02375730925427,176251.455387975,1.45362117404741e-16,0.023479371753327,0,0,0,-8.02757158087127,-8.00409220911794,-8.02757158087127,1.02375730925427,176251.455387974,1.09171930754807e-16
777,-8.32094320941741,0.533248011814642,-0.4459140004972,3.3718089074059e-10,1.03613326261851,3756894.1832994,2.42090298425208e-16,0.0354956534257451,0,0,0,-8.32094320941741,-8.28544755599167,-8.32094320941741,1.03613326261851,3756894.1832994,1.64718017389401e-16
778,-7.96601452190038,0.550322234253066,-0.460633674668734,2.07228584288695e-10,1.03251428781542,1006665.47043325,3.07100024422703e-16,0.0319949604365137,0,0,0,-7.96601452190038,-7.93401956146386,-7.96601452190038,1.03251428781542,1006665.47043325,9.99509117447259e-17
779,-7.98037958612033,0.585148475947099,-0.343449642342951,1.30923133437451e-11,1.07166186209193,25277.1787342164,6.76372538224415e-16,0.0692105843472475,0.02,0,0,-7.98037958612032,-7.91116900177308,-7.98037958612032,1.07166186209193,25277.1787342163,8.67361737988404e-17
780,-7.65694013649822,0.52620778016497,-0.431964637545578,2.88844737186291e-11,1.02286428958347,31311.2452534682,2.4110343351443e-16,0.0226066602019335,0.0144444444444444,0,0,-7.65694013649822,-7.63433347629629,-7.65694013649822,1.02286428958347,31311.2452534681,9.97347941116771e-17
781,-7.43127916233326,0.539428764174081,-0.420744091366085,2.71986680859941e-11,1.02717437583515,32850.5036625562,-1.38777878078145e-16,0.0268114169861651,0.00888888888888889,0,0,-7.43127916233326,-7.4044677453471,-7.43127916233326,1.02717437583515,32850.5036625562,1.04438063135919e-16
782,-7.94813964289508,0.534457411624363,-0.409892025426367,1.27034265104392e-10,1.02162856673295,122290.430784116,2.23586581348122e-18,0.0213977463641829,0,0,0,-7.94813964289508,-7.9267418965309,-7.94813964289508,1.02162856673295,122290.430784116,5.37841376373965e-17
783,-7.74540919629346,0.525492870188634,-0.411235646461483,5.69329010273357e-11,1.04949975762585,11171.6678357676,1.83736128163877e-17,0.0483136292152824,0.0177777777777778,0,0,-7.74540919629346,-7.69709556707817,-7.74540919629346,1.04949975762585,11171.6678357676,5.82565167739897e-17
784,-7.59923765993589,0.523956822914426,-0.408879674697649,2.96792106242831e-11,1.03603391765833,16400.5561359731,3.52310773147716e-16,0.0353998669230538,0.0177777777777778,0,0,-7.59923765993589,-7.56383779301284,-7.59923765993589,1.03603391765833,16400.5561359731,2.07573156194327e-16
785,-7.7536478061222,0.584876881138688,-0.392764437505536,6.35817530312479e-11,1.06186400671312,11159.5281233477,-2.49553464312966e-16,0.0600256342073502,0.0166666666666667,0,0,-7.7536478061222,-7.69362217191484,-7.7536478061222,1.06186400671313,11159.5281233477,9.21947703365807e-17
786,-7.76196194499218,0.518974235469732,-0.387656211961398,4.12015051177307e-10,1.04380505397627,356713.781659658,5.18412473443024e-16,0.0428720054009226,0,0,0,-7.76196194499218,-7.71908993959126,-7.76196194499218,1.04380505397627,356713.781659656,4.78321086442672e-17
787,-7.91569229977875,0.494417854391884,-0.337441947717354,4.23224780610956e-11,1.05985418394627,346286.43719399,4.92168034722024e-16,0.0581313358992996,0.0244444444444444,0,0,-7.91569229977875,-7.85756096387945,-7.91569229977875,1.05985418394627,346286.437193988,7.29913814575175e-17
788,-7.63083370458488,0.445880825751159,-0.352905408001457,2.95214403742637e-11,1.04781273459775,132613.801280614,-5.42158910358618e-17,0.0467048785469765,0.0244444444444444,0,0,-7.63083370458488,-7.5841288260379,-7.63083370458488,1.04781273459775,132613.801280614,7.55260052029725e-17
789,-7.30686136027013,0.512507638380016,-0.401918379340093,3.14692814435478e-12,1.02959510140965,5011.81918507347,2.39037185107489e-16,0.0291628577496293,0.00666666666666667,0,0,-7.30686136027013,-7.2776985025205,-7.30686136027013,1.02959510140965,5011.81918507346,7.85791185206916e-17
790,-7.49413753284067,0.50571848514977,-0.373453229263349,1.30968999740113e-10,1.03710652121526,16990.4712958209,4.77025826247276e-16,0.0364346371672797,0,0,0,-7.49413753284066,-7.45770289567339,-7.49413753284066,1.03710652121526,16990.4712958208,1.43423082052705e-16
791,-7.30718827345332,0.515978973635138,-0.375352736299681,4.37368425880707e-10,1.03455638639713,14310.8341487307,1.54629395707515e-16,0.0339676697122281,0,0,0,-7.30718827345332,-7.27322060374109,-7.30718827345332,1.03455638639713,14310.8341487307,1.24121392176669e-16
792,-7.77598931181356,0.537071871406327,-0.307148610016286,5.67408101430562e-10,1.04756036840719,55495.8971710627,-7.82090441791499e-17,0.0464636852855588,0,0,0,-7.77598931181356,-7.729525626528,-7.77598931181356,1.04756036840719,55495.8971710627,1.56125112837913e-16
793,-7.48621564819992,0.52836016898081,-0.333317153443329,4.54498860249355e-11,1.0553717367445,40317.7296999477,4.81096644004235e-17,0.0538930392901405,0.0111111111111111,0,0,-7.48621564819992,-7.43232260890978,-7.48621564819992,1.0553717367445,40317.7296999477,8.04140704641693e-17
794,-7.80832073113957,0.516655649288448,-0.409283690225321,1.23103675421295e-10,1.05053545870241,194182.926914373,-2.72158838675472e-17,0.0492999640945634,0,0,0,-7.80832073113957,-7.759020767045,-7.80832073113957,1.05053545870241,194182.926914373,6.79105691434343e-17
795,-7.81637167796061,0.549001042012243,-0.347723306363065,5.75336539556296e-11,1.02706470853858,128796.266957583,6.1290478865001e-16,0.0267049319361248,0.0233333333333333,0,0,-7.81637167796061,-7.78966674602448,-7.81637167796061,1.02706470853858,128796.266957582,1.03297000582832e-16
796,-7.97831408800159,0.507753136366388,-0.397996865666632,6.67257063317414e-11,1.03669950950285,211676.979994599,1.2335811384724e-16,0.0360420847054157,0.0255555555555556,0,0,-7.97831408800159,-7.94227200329617,-7.97831408800159,1.03669950950285,211676.979994598,4.08006961549745e-17
797,-7.60584020307164,0.449048260863505,-0.43462611412882,2.65877344250182e-11,1.03891474009703,65263.7711467829,2.77077743465131e-16,0.0381765277252501,0.0177777777777778,0,0,-7.60584020307164,-7.56766367534639,-7.60584020307164,1.03891474009703,65263.7711467827,8.65819761565313e-17
798,-7.92432814360227,0.496513050370858,-0.404575049484524,1.86984884941086e-10,1.03718570962694,879253.802770184,-1.06087977908626e-17,0.0365109904178561,0,0,0,-7.92432814360227,-7.88781715318442,-7.92432814360227,1.03718570962694,879253.802770184,3.22581467710532e-17
799,-7.77188659365638,0.57012442981661,-0.459500267062871,1.73064754200212e-11,1.06048980482905,278036.773468519,4.25924727586057e-16,0.0587308788459004,0.0222222222222222,0,0,-7.77188659365638,-7.71315571481048,-7.77188659365638,1.06048980482905,278036.773468518,2.78265065310911e-16
800,-7.79142753807567,0.524472997543773,-0.393122724457873,9.90330641724556e-11,1.04508688378695,748474.33897235,2.92451248403343e-16,0.0440999339779088,0.0255555555555556,0,0,-7.79142753807567,-7.74732760409777,-7.79142753807567,1.04508688378695,748474.338972348,6.90959635186851e-17
801,-7.37582627890871,0.541119045017821,-0.44908659027005,1.0287244311641e-09,1.02720171505096,24248.1029618542,-1.94967498935562e-16,0.0268379369814432,0,0,0,-7.37582627890871,-7.34898834192727,-7.37582627890871,1.02720171505096,24248.1029618543,1.71579571538337e-16
802,-7.49554901723269,0.527747130392891,-0.433982023190828,5.71467650710477e-12,1.04516395785065,44096.3298791223,3.21471244685906e-16,0.0441728268232239,0.0155555555555556,0,0,-7.49554901723269,-7.45137619040947,-7.49554901723269,1.04516395785065,44096.3298791222,8.72604457826911e-17
803,-7.45041107639511,0.535877512651372,-0.425537372814837,3.81491822070334e-12,1.03458532918938,38964.9497024906,-1.64621402929141e-16,0.034000665214839,0.0122222222222222,0,0,-7.45041107639511,-7.41641041118027,-7.45041107639511,1.03458532918938,38964.9497024907,7.85636987564607e-17
804,-7.91681943286419,0.474210230964852,-0.399436298626219,1.23939263029306e-10,1.03856791417868,1005704.00790212,2.34257058195908e-16,0.0378426298112772,0,0,0,-7.91681943286419,-7.87897680305292,-7.91681943286419,1.03856791417868,1005704.00790212,1.44886032184112e-16
805,-7.33845870721218,0.497786825768093,-0.412241505237047,5.80368710313257e-10,1.02455501008206,26507.0508467587,2.60516916681139e-16,0.0242583215895825,0,0,0,-7.33845870721218,-7.31420038562259,-7.33845870721218,1.02455501008206,26507.0508467587,2.01806164371969e-16
806,-7.99107874526437,0.549023579369779,-0.417186390329339,5.26835249649317e-11,1.03362259256295,895789.925591226,1.07383238104022e-16,0.0330696621975076,0.0255555555555556,0,0,-7.99107874526437,-7.95800908306687,-7.99107874526437,1.03362259256295,895789.925591225,1.32779589792323e-16
807,-7.36545165307928,0.558995892437207,-0.38503263063789,4.20926188176659e-09,1.04267465336987,6775.67815433966,3.49843610870772e-16,0.0417882997471202,0,0,0,-7.36545165307928,-7.32366335333216,-7.36545165307928,1.04267465336987,6775.67815433965,2.00044456308588e-16
808,-8.02099263398455,0.485393716766191,-0.331868594301889,1.08206640721031e-10,1.04164100801101,1746486.72236421,-1.22926360448774e-16,0.0407973589381324,0,0,0,-8.02099263398455,-7.98019527504642,-8.02099263398455,1.04164100801101,1746486.72236421,5.13169753604517e-17
809,-7.95060321844913,0.534972399754114,-0.425527801664049,2.88243547235479e-10,1.07157270963878,1114716.97183805,-2.7228219678932e-16,0.0691273907019183,0,0,0,-7.95060321844913,-7.88147582774721,-7.95060321844913,1.07157270963878,1114716.97183805,8.74300631892311e-17
810,-7.65850169657906,0.515289134709695,-0.451747927853163,7.18716917021165e-10,1.03410869840818,34929.9063627103,-1.18547147407197e-16,0.0335397207361275,0,0,0,-7.65850169657906,-7.62496197584293,-7.65850169657906,1.03410869840818,34929.9063627103,6.40537006151792e-17
811,-7.90452512190635,0.501053846493007,-0.444709264894649,1.15207198310683e-10,1.05306719801419,861688.160639316,1.59378683090634e-16,0.0517062742523096,0,0,0,-7.90452512190635,-7.85281884765404,-7.90452512190635,1.05306719801419,861688.160639315,1.30667082092689e-16
812,-8.11536719267537,0.556358926613259,-0.411509438088098,3.22137635668787e-10,1.0307773247294,765725.434177801,2.22784753608115e-16,0.0303130705816083,0,0,0,-8.11536719267537,-8.08505412209376,-8.11536719267537,1.0307773247294,765725.4341778,2.27117707356999e-16
813,-7.5984822801409,0.54490887402912,-0.352796438381614,1.70260735629112e-10,1.03634289164648,65282.7404486631,-1.55677939675216e-16,0.0356980534632687,0,0,0,-7.5984822801409,-7.56278422667763,-7.5984822801409,1.03634289164648,65282.7404486632,7.47550169914272e-17
814,-7.6554059542433,0.587576204388346,-0.37088575283547,7.19260197640824e-11,1.04164473810084,374630.252549723,4.78922457247677e-16,0.0408009390943057,0.0222222222222222,0,0,-7.6554059542433,-7.61460501514899,-7.6554059542433,1.04164473810084,374630.252549721,5.95572973654473e-16
815,-7.7560699575857,0.506203364079941,-0.390413796238381,4.97512573594372e-10,1.05033036333202,329903.107496497,-2.17788749997302e-16,0.0491045596156622,0,0,0,-7.7560699575857,-7.70696539797003,-7.7560699575857,1.05033036333202,329903.107496498,9.19179373818728e-17
816,-7.84327615367962,0.49337980461227,-0.461040471261095,1.17808981748335e-10,1.04249389498057,352907.956142132,1.54814432878286e-17,0.0416158155015757,0,0,0,-7.84327615367962,-7.80166033817805,-7.84327615367962,1.04249389498057,352907.956142132,4.59354776438659e-17
817,-7.82790148661221,0.4915070089341,-0.422821863322105,7.26952382475618e-11,1.0152433326651,538651.335137128,4.83502127224256e-16,0.0151283039886899,0.0233333333333333,0,0,-7.8279014866122,-7.81277318262352,-7.8279014866122,1.0152433326651,538651.335137126,1.39198066653437e-16
818,-7.97974918382255,0.482765536844341,-0.393945751384776,2.84075542203869e-10,1.04342490444147,58161.8002754079,-2.29384412698942e-16,0.0425076398895242,0,0,0,-7.97974918382255,-7.93724154393303,-7.97974918382255,1.04342490444147,58161.800275408,9.90500602062985e-17
819,-7.7945442493169,0.533610906207751,-0.415407886427194,2.34616656545423e-10,1.03184709390718,178450.558873092,-2.02453794469667e-16,0.0313504887303522,0,0,0,-7.7945442493169,-7.76319376058654,-7.7945442493169,1.03184709390718,178450.558873092,1.72435368453152e-16
820,-7.42990905855458,0.56882177196193,-0.44515340656213,8.64907319499248e-11,1.03698043639928,87416.0441437626,2.32653402715894e-16,0.0363125043743261,0.0211111111111111,0,0,-7.42990905855458,-7.39359655418025,-7.42990905855458,1.03698043639928,87416.0441437625,1.95468159405434e-16
821,-7.98660612390264,0.501701879774431,-0.434868918117954,1.38220175783831e-10,1.0200469945017,1889674.84247833,7.04467348653124e-16,0.0198486985523921,0,0,0,-7.98660612390264,-7.96675742535024,-7.98660612390264,1.0200469945017,1889674.84247832,2.85868936547276e-16
822,-7.91065094672711,0.517942221187668,-0.388577861341641,2.11338058279066e-10,1.05487649674205,80709.749333543,7.61736353006705e-17,0.0534236903799179,0,0,0,-7.91065094672711,-7.85722725634719,-7.91065094672711,1.05487649674205,80709.7493335429,1.45192499998201e-16
823,-7.81406054726185,0.514498362392517,-0.396873028777566,1.7568107935394e-10,1.0203781923289,1159033.79667256,-2.50972082622209e-16,0.0201733353589821,0,0,0,-7.81406054726185,-7.79388721190287,-7.81406054726185,1.0203781923289,1159033.79667256,7.44065303198088e-16
824,-7.7081297058744,0.496337881967801,-0.40430798265557,7.33486486484196e-11,1.0361390387564,11353.6758373667,1.57651669496772e-16,0.0355013281533875,0.0222222222222222,0,0,-7.7081297058744,-7.67262837772101,-7.7081297058744,1.0361390387564,11353.6758373667,4.9158208368125e-17
825,-7.67836377780941,0.494987826188409,-0.39508424228351,6.70336649371071e-11,1.04075794572944,23483.224598105,2.3888298746518e-16,0.03994923804748,0.0177777777777778,0,0,-7.67836377780941,-7.63841453976193,-7.67836377780941,1.04075794572944,23483.224598105,1.51052010405945e-16
826,-7.6739492581092,0.506584551696583,-0.365690862989886,1.98100447512406e-09,1.02398131445125,653567.183488227,2.58558606623814e-16,0.0236980420987797,0,0,0,-7.6739492581092,-7.65025121601042,-7.6739492581092,1.02398131445125,653567.183488226,5.47710025481744e-17
827,-7.46357108146815,0.483383735201908,-0.38808718639242,1.16791401868478e-11,1.04305951294634,9982.10518950005,5.03732857895203e-16,0.0421581583861395,0.02,0,0,-7.46357108146815,-7.42141292308201,-7.46357108146815,1.04305951294634,9982.1051895,3.29828756899057e-16
828,-8.04560632988076,0.528609092947113,-0.384502838702572,2.99557412683261e-09,1.05716210330229,82805.6598418873,-2.78480942010143e-17,0.0555877484950595,0,0,0,-8.04560632988076,-7.9900185813857,-8.04560632988076,1.05716210330229,82805.6598418873,1.37266741183516e-16
829,-7.5762682479444,0.525093328183785,-0.414110754089983,3.32792800824727e-11,1.05508154623821,358811.657015427,4.59539813609429e-16,0.0536180423152262,0.0233333333333333,0,0,-7.57626824794439,-7.52265020562917,-7.57626824794439,1.05508154623821,358811.657015425,2.32589796188441e-16
830,-7.88892936118852,0.531114743066179,-0.395356879899325,4.58695549723974e-10,1.05281482137147,31339.9259804237,8.28349734484214e-17,0.051467328066128,0,0,0,-7.88892936118852,-7.83746203312239,-7.88892936118852,1.05281482137147,31339.9259804237,9.03868029805071e-17
831,-7.56084989281603,0.48422484490678,-0.399844945942676,4.25744147536478e-11,1.04949722871026,18126.4849582404,4.48406743834716e-17,0.048310887024993,0.00555555555555556,0,0,-7.56084989281603,-7.51253900579104,-7.56084989281603,1.04949722871026,18126.4849582404,8.88486814984743e-17
832,-7.74628532184948,0.525998788682119,-0.418136065974681,1.72164747959909e-10,1.03838432192587,105195.909652781,-6.15248592813108e-17,0.0376659538468005,0,0,0,-7.74628532184948,-7.70861936800268,-7.74628532184948,1.03838432192587,105195.909652781,9.92955717649124e-17
833,-7.41630193351994,0.472121008832196,-0.40354657752827,1.31818568503865e-12,1.03534880940361,4519.23933617019,2.08937805328762e-16,0.0347383193833967,0.0133333333333333,0,0,-7.41630193351994,-7.38156361413655,-7.41630193351994,1.03534880940361,4519.23933617018,1.14283582597352e-16
834,-7.51635339319851,0.55339498041779,-0.397473556753392,6.76482734941833e-10,1.0257076948993,36261.1229994632,-2.1502861219997e-16,0.0253825952372116,0,0,0,-7.51635339319851,-7.49097079796129,-7.51635339319851,1.0257076948993,36261.1229994633,7.22107558933279e-17
835,-7.57251986054581,0.559414865897489,-0.404166364569195,1.10734677934912e-12,1.03339780408155,29969.3018068532,-1.162033432441e-16,0.0328504410047705,0.0111111111111111,0,0,-7.57251986054581,-7.53966941954104,-7.57251986054581,1.03339780408155,29969.3018068533,7.95428537851232e-17
836,-8.02409463330094,0.532204622546171,-0.366760869996953,2.83857073646039e-10,1.04112313399274,1490554.64290342,1.54814432878286e-16,0.0402999179162822,0,0,0,-8.02409463330094,-7.98379471538466,-8.02409463330094,1.04112313399274,1490554.64290342,1.94628264122482e-16
837,-8.27166585323032,0.575317144254269,-0.463185048852003,6.20886892918463e-10,1.01453119725405,630213.618263928,2.22661395494268e-16,0.0144264645310633,0,0,0,-8.27166585323032,-8.25723938869926,-8.27166585323032,1.01453119725405,630213.618263927,7.10080142833173e-17
838,-8.02506380822064,0.566061649870541,-0.429655001067383,1.95968816778553e-10,1.04332322807088,738255.019152389,4.2836105033454e-17,0.0424109105506858,0,0,0,-8.02506380822064,-7.98265289766995,-8.02506380822064,1.04332322807088,738255.019152389,1.18994320569894e-16
839,-7.59242221172127,0.550430679727498,-0.441436769068844,1.7281794186669e-10,1.05683396187522,131170.629084376,1.39764742988922e-16,0.0552770845214333,0,0,0,-7.59242221172127,-7.53714512719983,-7.59242221172127,1.05683396187522,131170.629084376,2.11011763617819e-16
840,-7.90170993990673,0.578999206553913,-0.399397563153253,1.31981043375569e-10,1.07505149095244,59467.4206299819,-4.19618044015616e-16,0.0723683220663047,0,0,0,-7.90170993990673,-7.82934161784043,-7.90170993990673,1.07505149095244,59467.4206299821,4.42223418378123e-16
841,-7.84427940240337,0.525955788989246,-0.412357054999889,7.53614673688777e-12,1.0503096945612,140670.75894973,6.50467334316495e-16,0.0490848948822561,0.0211111111111111,0,0,-7.84427940240337,-7.79519450752112,-7.84427940240337,1.0503096945612,140670.758949729,3.44600891032264e-16
842,-7.51730710922598,0.47970473484849,-0.391793785090043,3.97001583825507e-09,1.03506645532525,15555.0658087869,2.02739060107938e-16,0.0344656289854696,0,0,0,-7.51730710922598,-7.48284148024051,-7.51730710922598,1.03506645532525,15555.0658087868,9.79733269821123e-17
843,-7.67192849153634,0.553768005932031,-0.408614426086184,8.03827421973983e-11,1.02796126778888,412106.546410672,2.35521478862842e-16,0.0275768603783026,0.0244444444444444,0,0,-7.67192849153634,-7.64435163115804,-7.67192849153634,1.02796126778888,412106.546410671,1.68823288682063e-16
844,-7.31598348873834,0.531424605812119,-0.421565643794001,1.14709111271054e-10,1.07080714583412,46153.4487944452,-1.61290733855266e-16,0.0684124772984221,0,0,0,-7.31598348873834,-7.24757101143992,-7.31598348873834,1.07080714583412,46153.4487944453,2.86037951619275e-16
845,-7.65323622804744,0.52790530541899,-0.373296230439413,3.80449737303972e-10,1.03110134974155,122766.788066829,-1.67767034832246e-16,0.0306275007022208,0,0,0,-7.65323622804744,-7.62260872734522,-7.65323622804744,1.03110134974155,122766.788066829,1.36788728492358e-16
846,-7.49051862427556,0.540442159466745,-0.363638601161917,1.38274432275069e-10,1.04254503135107,26972.5259720492,2.62197670982308e-16,0.041664869279973,0,0,0,-7.49051862427556,-7.44885375499559,-7.49051862427556,1.04254503135107,26972.5259720492,6.62124676075059e-17
847,-7.53933713292823,0.542734529103237,-0.382344737626304,3.16986846747799e-12,1.05583917997474,28902.711129887,-1.92454077365925e-16,0.0543341907856438,0.0166666666666667,0,0,-7.53933713292823,-7.48500294214259,-7.53933713292823,1.05583917997474,28902.711129887,4.96670605877448e-17
848,-7.536919892114,0.486326518203244,-0.384157992413958,1.25411638587643e-10,1.07565171607689,33436.2312297195,-1.70604271450732e-16,0.0729266944579385,0,0,0,-7.536919892114,-7.46399319765606,-7.536919892114,1.07565171607689,33436.2312297196,9.09766089623392e-17
849,-7.78527968648925,0.468404612154692,-0.36062495055953,1.13456020435399e-09,1.02855354076844,271473.261102915,1.02356394964747e-16,0.0281534849864146,0,0,0,-7.78527968648925,-7.75712620150284,-7.78527968648925,1.02855354076844,271473.261102915,1.44677865366995e-16
850,-7.68471201438627,0.552696775257451,-0.367924009073467,3.12613299116759e-11,1.03381058501587,40079.3201947604,-1.09094831933653e-18,0.0332509492357993,0.0144444444444444,0,0,-7.68471201438627,-7.65146106515047,-7.68471201438627,1.03381058501587,40079.3201947604,4.2820685269223e-17
851,-7.6519244140677,0.511627302915695,-0.425685935463919,2.19144457272374e-12,1.0466057362875,41463.6773448127,3.03460960064209e-16,0.0455518876183447,0.0155555555555556,0,0,-7.6519244140677,-7.60637252644936,-7.6519244140677,1.0466057362875,41463.6773448126,1.45146240705508e-16
852,-7.8298070101437,0.50107475316766,-0.394588205126365,3.38592667317734e-10,1.04391196932644,84151.9322463587,-2.25745348340449e-17,0.0429751484282566,0,0,0,-7.8298070101437,-7.78683186171544,-7.8298070101437,1.04391196932644,84151.9322463587,1.56335207125559e-16
853,-7.90831070812444,0.51664749641801,-0.44248530793775,3.59218866570095e-10,1.05020198280212,228781.457466799,-1.11145660576363e-16,0.0489807634714422,0,0,0,-7.90831070812444,-7.859329944653,-7.90831070812444,1.05020198280212,228781.457466799,5.83792273782061e-17
854,-7.60574481412414,0.523827474908188,-0.406158955334057,2.18468635252307e-11,1.06326679569646,100376.669762694,4.05262243516644e-16,0.0613460175448748,0.0188888888888889,0,0,-7.60574481412414,-7.54439879657926,-7.60574481412414,1.06326679569646,100376.669762694,1.46470172025021e-16
855,-7.77727788145449,0.46782547963344,-0.396220724374179,4.11916708851302e-10,1.02748092110118,31888.0354590225,-1.36711629671203e-16,0.0271100989193373,0,0,0,-7.77727788145449,-7.75016778253515,-7.77727788145449,1.02748092110118,31888.0354590225,1.80550019379666e-16
856,-7.73308018280277,0.484724763661853,-0.433649345237815,7.8726531585933e-12,1.0476134239608,74137.7041373038,3.73219973444823e-16,0.0465146468459725,0.0211111111111111,0,0,-7.73308018280277,-7.6865655359568,-7.73308018280277,1.0476134239608,74137.7041373036,2.53243606640474e-16
857,-7.58481045349571,0.522748551311587,-0.452456315924891,1.04796165466941e-10,1.02213312921163,15102.6363529989,9.96039670495305e-17,0.021891734161992,0,0,0,-7.58481045349571,-7.56291871933372,-7.58481045349571,1.02213312921163,15102.6363529989,6.77351693253077e-17
858,-7.96355741159613,0.488748914874534,-0.42597383234935,1.25914238384962e-10,1.07824140574122,1283175.81353578,1.85970066506829e-16,0.0753307068610193,0,0,0,-7.96355741159613,-7.88822670473511,-7.96355741159613,1.07824140574122,1283175.81353578,1.01531437578394e-16
859,-7.73313267113776,0.593440520956772,-0.402278509836341,1.50023699066298e-10,1.0487135762854,238442.151371586,-1.08616819242494e-16,0.0475641927422914,0,0,0,-7.73313267113776,-7.68556847839546,-7.73313267113776,1.0487135762854,238442.151371586,6.44700342494136e-17
860,-8.02741835937348,0.593952458014234,-0.417869661377209,2.98545889395257e-10,1.03452582894682,530818.015114253,2.290143383574e-16,0.0339431754068826,0,0,0,-8.02741835937348,-7.9934751839666,-8.02741835937348,1.03452582894682,530818.015114252,1.51526168156045e-16
861,-7.85037102935987,0.544111930051343,-0.431968913084751,2.55732813740776e-10,1.02660441250243,96120.5487427324,5.30748284827748e-16,0.0262561589702228,0,0,0,-7.85037102935987,-7.82411487038964,-7.85037102935987,1.02660441250243,96120.5487427319,1.38461772911411e-16
862,-8.08137852832079,0.51195462986641,-0.414946793292856,1.99942568761509e-11,1.03773719516024,1524311.36226387,6.05441622762252e-16,0.0370425560572472,0.0233333333333333,0,0,-8.08137852832079,-8.04433597226354,-8.08137852832079,1.03773719516024,1524311.36226386,7.15446220785528e-16
863,-7.84193711774822,0.522429386072835,-0.361353901541395,1.93536965881908e-10,1.04846657772429,74931.1155862916,-7.58652400160524e-17,0.0473286844802585,0,0,0,-7.84193711774822,-7.79460843326796,-7.84193711774822,1.04846657772429,74931.1155862916,1.04214235620755e-16
864,-7.74176710519168,0.4410757979525,-0.410079928977958,1.20421411096469e-09,1.05347090271198,766245.490501634,6.90805437544542e-17,0.0520902393657739,0,0,0,-7.74176710519168,-7.68967686582591,-7.74176710519168,1.05347090271198,766245.490501634,1.21646520017609e-16
865,-7.89793612686471,0.522109614683643,-0.415464515415334,2.65530600630898e-10,1.03736298531977,243300.617554016,-1.48554008600538e-16,0.0366817338026104,0,0,0,-7.89793612686471,-7.8612543930621,-7.89793612686471,1.03736298531977,243300.617554016,6.95277169171504e-17
866,-7.72090032379172,0.516329009889581,-0.398948615809279,7.33429742540602e-11,1.02847824419901,49015.0328683995,-1.81336427355442e-17,0.0280802755329403,0.0233333333333333,0,0,-7.72090032379172,-7.69282004825878,-7.72090032379172,1.02847824419901,49015.0328683995,1.12564278885606e-16
867,-7.34304741988314,0.514906549221198,-0.391133462017064,5.87142438746237e-12,1.02696044676385,9921.35223708345,1.14183354129851e-17,0.0266033083038795,0.0111111111111111,0,0,-7.34304741988314,-7.31644411157926,-7.34304741988314,1.02696044676385,9921.35223708345,5.77329826499508e-17
868,-7.72439425338022,0.540527313834353,-0.418661676743846,1.8093937140769e-10,1.04279735393314,198444.447302123,-1.12872674170224e-17,0.0419062739748812,0,0,0,-7.72439425338022,-7.68248797940534,-7.72439425338022,1.04279735393314,198444.447302123,4.92584368356259e-17
869,-7.89223222848055,0.519986897496268,-0.434415071004323,8.13583224041048e-11,1.03657564526748,1225686.95950243,4.4541530957392e-16,0.035922438405171,0.0222222222222222,0,0,-7.89223222848055,-7.85630979007538,-7.89223222848055,1.03657564526748,1225686.95950242,2.77725373562829e-16
870,-8.05948531333187,0.58792693611479,-0.404255387323806,1.27586440573433e-10,1.02743372532161,4129208.08941007,6.72147522825147e-17,0.0270641262375294,0,0,0,-8.05948531333187,-8.03242118709434,-8.05948531333187,1.02743372532161,4129208.08941007,1.25593979660721e-16
871,-8.20877037862381,0.55800676504532,-0.375981296793159,2.40110765465789e-10,1.04720342015913,108134.868953147,4.08654591647443e-16,0.0461230836765192,0,0,0,-8.20877037862381,-8.1626472949473,-8.20877037862381,1.04720342015913,108134.868953147,2.01557520673745e-16
872,-7.42367736695204,0.563434986839248,-0.383551503875785,1.20485506670732e-12,1.03014469471798,15608.4378072913,3.02134860340352e-16,0.0296992705989827,0.0133333333333333,0,0,-7.42367736695204,-7.39397809635306,-7.42367736695204,1.03014469471798,15608.4378072912,1.72747618678828e-16
873,-7.64468943719945,0.538378903351535,-0.454974540993545,5.89794488488242e-12,1.03746564533191,74970.4979581147,-6.91422228113778e-17,0.036780452901192,0.0133333333333333,0,0,-7.64468943719945,-7.60790898429825,-7.64468943719945,1.03746564533191,74970.4979581148,1.14162151954034e-16
874,-7.40838162553494,0.469456941889394,-0.388558409816708,6.06498201107045e-11,1.03768738464113,6162.83500920969,9.96039670495305e-17,0.0369945241806503,0.0122222222222222,0,0,-7.40838162553494,-7.37138710135429,-7.40838162553494,1.03768738464113,6162.83500920969,9.27575917310087e-17
875,-7.57399541425204,0.503933339511861,-0.389414782607305,2.00930106953665e-10,1.04289034882084,31170.3192566684,1.95399252334028e-16,0.0419959424412594,0,0,0,-7.57399541425204,-7.53199947181078,-7.57399541425204,1.04289034882084,31170.3192566683,4.29132038546085e-17
876,-7.64611463518389,0.451071954658879,-0.368258461524518,1.00727566273577e-10,1.05379053882907,151796.643497937,-1.28292438401129e-16,0.0523934181062726,0,0,0,-7.64611463518389,-7.59372121707762,-7.64611463518389,1.05379053882907,151796.643497938,1.56572286000609e-16
877,-7.81051265221648,0.467538755000428,-0.424513988024881,1.84090407424164e-10,1.02947959448954,184119.287850998,-1.48399810958229e-16,0.0290507955885477,0,0,0,-7.81051265221648,-7.78146185662793,-7.81051265221648,1.02947959448954,184119.287850999,1.98591143529825e-16
878,-7.390526564255,0.518206196152164,-0.329704788895475,1.74208909542537e-11,1.04608850516039,14917.235574943,3.63875596320895e-16,0.0450563401103812,0.0177777777777778,0,0,-7.390526564255,-7.34547022414461,-7.39052656425499,1.04608850516039,14917.2355749429,7.65591294064431e-17
879,-8.0240281862383,0.54205904330655,-0.379580905862437,1.3571505512445e-10,1.02214107822681,1972888.45287213,-3.08395284618099e-18,0.0218994997742172,0,0,0,-8.0240281862383,-8.00212868646408,-8.0240281862383,1.02214107822681,1972888.45287213,4.70688303148374e-17
880,-7.96043241832545,0.570804273933577,-0.403854179428061,1.05777880445992e-10,1.03993156591288,563879.221121155,-1.52964061170577e-17,0.0391542570223272,0,0,0,-7.96043241832545,-7.92127816130312,-7.96043241832545,1.03993156591288,563879.221121155,9.33647449476006e-17
881,-7.888034846332,0.562869920381301,-0.375127360181034,8.14132164341525e-11,1.03692498198413,422230.293000735,-8.65627014512427e-17,0.0362595742876458,0.02,0,0,-7.888034846332,-7.85177527204435,-7.888034846332,1.03692498198413,422230.293000736,1.24017308768111e-16
882,-7.68621769306678,0.556228709912811,-0.350551064458931,1.04381062981541e-10,1.04477380732452,144555.448886997,-1.53210777398272e-16,0.0438004094455628,0,0,0,-7.68621769306678,-7.64241728362122,-7.68621769306678,1.04477380732452,144555.448886997,4.69763117294519e-17
883,-7.85078758534764,0.470106738673962,-0.408072627168222,1.24692139664381e-11,1.05883945247657,310665.125649095,3.43614026121486e-16,0.0571733732497976,0.0233333333333333,0,0,-7.85078758534764,-7.79361421209785,-7.85078758534764,1.05883945247657,310665.125649094,8.17902844217776e-17
884,-7.99064892057467,0.48080480712642,-0.399028780000731,5.47817631507733e-10,1.03833347920137,2412004.30107776,-2.60223941160752e-16,0.0376170040430745,0,0,0,-7.99064892057467,-7.9530319165316,-7.99064892057467,1.03833347920137,2412004.30107777,7.08692364052392e-17
885,-7.62099767664584,0.518678838800305,-0.443803351566446,2.83159356627349e-11,1.05049382520322,29576.1998932741,3.34917279095256e-16,0.0492602956132712,0.0211111111111111,0,0,-7.62099767664584,-7.57173738103257,-7.62099767664584,1.05049382520323,29576.199893274,1.0282669777379e-16
886,-7.88937443861784,0.533124857407996,-0.41307118984357,5.86094808397055e-12,1.05305088195548,69282.819402034,3.7895612573872e-16,0.0516914210705522,0.0177777777777778,0,0,-7.88937443861784,-7.83768301754729,-7.88937443861784,1.05305088195548,69282.8194020338,1.77944079224643e-16
887,-7.75733547942126,0.491166002255993,-0.386094486572861,2.13567053950937e-10,1.04898415216365,540978.676722831,2.46469511466785e-16,0.0478221250703069,0,0,0,-7.75733547942126,-7.70951335435096,-7.75733547942126,1.04898415216365,540978.67672283,1.39225051240841e-16
888,-7.82992788801071,0.502365260268534,-0.358730111518799,1.20022703983103e-09,1.02155635225729,583853.641068098,-1.73503187126143e-16,0.0213260120744316,0,0,0,-7.82992788801071,-7.80860187593627,-7.82992788801071,1.02155635225729,583853.641068099,2.17202798956527e-16
889,-7.8312381180502,0.517536600969773,-0.392657052209609,1.72763631757022e-10,1.03832578158251,89270.7249291175,-9.14083623608046e-17,0.0376095698335693,0,0,0,-7.8312381180502,-7.79362854821663,-7.8312381180502,1.03832578158251,89270.7249291176,9.55254394104562e-17
890,-7.51649705643727,0.512445471998298,-0.423929847500662,3.6431473054815e-12,1.06762537084222,43147.016325939,2.89891567541013e-16,0.0654369008154646,0.01,0,0,-7.51649705643727,-7.45106015562181,-7.51649705643727,1.06762537084222,43147.0163259389,1.38145667744677e-16
891,-7.88607785149165,0.546976385241719,-0.415443421426743,2.69422860286029e-09,1.0290105873071,197357.541594783,2.57941816054578e-16,0.0285972539276696,0,0,0,-7.88607785149165,-7.85748059756398,-7.88607785149165,1.0290105873071,197357.541594782,1.81953217924678e-16
892,-8.23880996304149,0.53212370544061,-0.396488165902446,1.99536310558907e-10,1.01715070420675,3596902.72527454,1.1978072854567e-16,0.0170051147367164,0,0,0,-8.23880996304149,-8.22180484830478,-8.23880996304149,1.01715070420675,3596902.72527454,1.61785611913551e-16
893,-7.43188350771663,0.528993475867374,-0.416385940545234,9.79936514510787e-12,1.01792075423011,9429.99312530874,4.48252546192407e-17,0.0177620015897516,0.00222222222222222,0,0,-7.43188350771663,-7.41412150612687,-7.43188350771663,1.01792075423011,9429.99312530874,7.48244059304663e-17
894,-7.9710068369007,0.530271413471978,-0.358555094610317,4.62808069183247e-10,1.03825178433106,973314.90826972,2.71214378116329e-16,0.0375382882668236,0,0,0,-7.9710068369007,-7.93346854863388,-7.9710068369007,1.03825178433106,973314.908269717,6.21609245558356e-17
895,-7.41676117763853,0.493500038490458,-0.366843256463236,4.50688067902983e-11,1.04816305456374,9682.58044379065,2.32961798000512e-16,0.0470391600377075,0.0155555555555556,0,0,-7.41676117763853,-7.36972201760082,-7.41676117763853,1.04816305456374,9682.58044379063,9.25340051496606e-17
896,-7.53431238725235,0.509569404117056,-0.408744669938821,1.33185188708023e-11,1.01645741775015,56212.0443993997,-1.24530015928788e-16,0.0163232053939764,0.0133333333333333,0,0,-7.53431238725235,-7.51798918185837,-7.53431238725235,1.01645741775015,56212.0443993998,5.25177894999334e-17
897,-7.73044116790036,0.459974860936439,-0.398508410031913,2.32803430315216e-11,1.04909741963906,150163.324067629,1.26503745750344e-16,0.0479301129879905,0.0233333333333333,0,0,-7.73044116790036,-7.68251105491237,-7.73044116790036,1.04909741963906,150163.324067629,4.25045801024895e-17
898,-8.20420227178171,0.495656071580822,-0.466535715221371,5.84913969294094e-11,1.02282503436398,1874063.23509587,3.62857891881655e-16,0.0225684326777037,0.0266666666666667,0,0,-8.20420227178171,-8.18163383910401,-8.20420227178171,1.02282503436398,1874063.23509587,8.80468537584673e-17
899,-7.93708807603636,0.517701126325261,-0.415322420694118,9.56958252336028e-11,1.00899002932445,380113.411959406,3.34732241924485e-16,0.00894981673750329,0.02,0,0,-7.93708807603636,-7.92813825929886,-7.93708807603636,1.00899002932445,380113.411959405,1.78664953202438e-16
900,-7.53455550999291,0.479933795845983,-0.360637507825491,1.32089726118867e-11,1.04419894159901,59208.5758715816,2.12792746386488e-16,0.0432496967965498,0.0211111111111111,0,0,-7.53455550999291,-7.49130581319636,-7.53455550999291,1.04419894159901,59208.5758715814,1.39579705818152e-16
901,-8.2051428870881,0.533265171655639,-0.470739716257445,1.28782604955511e-10,1.03646456000225,1880154.08023377,-3.56813344303141e-16,0.035812397802441,0,0,0,-8.2051428870881,-8.16933048928566,-8.2051428870881,1.03646456000225,1880154.08023378,2.65921544044071e-16
902,-7.72599458326972,0.547219078286129,-0.422042299320232,6.33811590682776e-11,1.03238048021845,238027.843577059,4.36086352214223e-16,0.0318671589102355,0.0244444444444444,0,0,-7.72599458326972,-7.69412742435948,-7.72599458326972,1.03238048021845,238027.843577058,1.42933504538373e-16
903,-7.44579137641743,0.61619483082723,-0.423075220699137,1.15401188780774e-09,1.03099431198663,20837.706660902,-1.85098849827783e-16,0.0305236835267867,0,0,0,-7.44579137641743,-7.41526769289065,-7.44579137641743,1.03099431198663,20837.706660902,1.09403227218271e-16
904,-7.68171568065632,0.585267231173872,-0.449360685879818,6.85416018210338e-09,1.02508546645622,234719.745953923,4.12509532705169e-16,0.024775755519806,0,0,0,-7.68171568065632,-7.65693992513651,-7.68171568065632,1.02508546645622,234719.745953922,1.98999767281944e-16
905,-8.02735938572402,0.588460907811098,-0.44697608101342,3.05837619702748e-10,1.03426118651689,3055529.21805801,-1.49386675869007e-16,0.0336873214029464,0,0,0,-8.02735938572402,-7.99367206432107,-8.02735938572402,1.03426118651689,3055529.21805802,7.9010871919157e-17
906,-7.99074921312813,0.545521242230432,-0.451880768257919,9.25955767410249e-11,1.03877712632603,47268.9668798332,4.36302228913456e-17,0.0380441556207975,0.0177777777777778,0,0,-7.99074921312813,-7.95270505750733,-7.99074921312813,1.03877712632603,47268.9668798332,1.19082984214221e-16
907,-8.02315210900439,0.520740276060681,-0.392364874969567,3.15455299758556e-09,1.04937642981584,315221.707240882,3.38186269112207e-16,0.0481959548898321,0,0,0,-8.02315210900439,-7.97495615411455,-8.02315210900439,1.04937642981584,315221.707240882,1.98606563294056e-16
908,-8.0149986804545,0.539788510076202,-0.395773978722171,3.45954436803256e-10,1.03255389389097,1106253.35754297,8.02752925860912e-16,0.0320339450681679,0,0,0,-8.0149986804545,-7.98296473538634,-8.0149986804545,1.03255389389097,1106253.35754296,2.89243937443315e-16
909,-7.65622461746091,0.543988382900554,-0.388185898303079,7.02860663729731e-12,1.03560089965861,38662.5707626074,2.69969232154684e-16,0.0349818049710837,0.00888888888888889,0,0,-7.65622461746091,-7.62124281248983,-7.65622461746091,1.03560089965861,38662.5707626073,1.21665794722898e-16
910,-8.13068297718474,0.541589480665294,-0.422582088880358,2.70923138947412e-10,1.04333480862728,544210.940158436,2.86119507716028e-16,0.042421553634434,0,0,0,-8.13068297718474,-8.0882614235503,-8.13068297718474,1.04333480862728,544210.940158435,6.43033080486669e-17
911,-8.04666512552788,0.597824777837604,-0.364947167156894,2.38140545515482e-10,1.03997134735273,125071.629452858,1.37675364935635e-16,0.0391931518632386,0,0,0,-8.04666512552788,-8.00747197366464,-8.04666512552788,1.03997134735273,125071.629452858,4.31252256127834e-16
912,-7.95155489827843,0.52613807196146,-0.361532640750976,1.89741395422626e-10,1.04281541424981,1140339.29949609,3.21286207515136e-16,0.0419241816530377,0,0,0,-7.95155489827843,-7.90963071662539,-7.95155489827843,1.04281541424981,1140339.29949609,6.82309147453313e-16
913,-8.18361616735506,0.605473778194751,-0.413615348058419,7.10351777929346e-11,1.05276281315267,1606482.09754653,4.66632905155646e-16,0.0514178034147572,0.0277777777777778,0,0,-8.18361616735506,-8.13219836394031,-8.18361616735506,1.05276281315267,1606482.09754652,1.4833042201919e-16
914,-7.07662494573576,0.539787877484966,-0.34633726867512,2.88292790949445e-12,1.02836590378912,703.225111770779,1.15378385857746e-16,0.0279707939153441,0.00333333333333333,0,0,-7.07662494573576,-7.04865415182042,-7.07662494573576,1.02836590378912,703.225111770778,6.88492472909906e-17
915,-7.70210100432508,0.457510772424592,-0.437817255233616,1.46602840092498e-10,1.05483617272403,96972.7606357424,4.12532662351516e-16,0.053385464154042,0,0,0,-7.70210100432508,-7.64871554017103,-7.70210100432508,1.05483617272403,96972.7606357419,1.39556576171805e-16
916,-7.93047984290468,0.567265564978119,-0.409262153321541,1.81022791208619e-11,1.0412767473226,268315.312670815,2.90369580232171e-16,0.0404475872869863,0.0233333333333333,0,0,-7.93047984290468,-7.89003225561769,-7.93047984290468,1.0412767473226,268315.312670814,1.83603132697385e-16
917,-7.25681232241492,0.546524771572213,-0.435215382260579,8.50416061326278e-08,1.0383745949797,2752.50822851933,5.93969318174459e-17,0.0376565987137246,0,0,0,-7.25681232241492,-7.2191557237012,-7.25681232241492,1.0383745949797,2752.50822851933,4.37516535346639e-17
918,-8.07225182011824,0.545498683172425,-0.410383763258435,9.71807188707793e-11,1.03213356980977,368617.242245081,4.65923596001024e-16,0.0316280630282987,0.0233333333333333,0,0,-8.07225182011824,-8.04062375708995,-8.07225182011824,1.03213356980977,368617.24224508,2.55968086233022e-16
919,-7.83142718714179,0.519818468291402,-0.412736950919888,9.74493034554685e-11,1.03772196510602,1066038.26187312,-3.28132582833657e-17,0.037027882350561,0.0188888888888889,0,0,-7.83142718714179,-7.79439930479123,-7.83142718714179,1.03772196510602,1066038.26187312,8.86328047992417e-17
920,-7.7495370466689,0.554238003595596,-0.444588857034722,1.35381528058756e-11,1.0446929191587,23596.1581506382,-4.87264549696596e-18,0.0437228341290203,0.0155555555555556,0,0,-7.7495370466689,-7.70581421253988,-7.7495370466689,1.0446929191587,23596.1581506382,5.33215447104693e-17
921,-8.01142174028322,0.557217239214975,-0.37035599055608,4.06419007090503e-10,1.05078533685163,539237.859087808,-2.59375854128052e-16,0.0495378232101724,0,0,0,-8.01142174028322,-7.96188391707305,-8.01142174028322,1.05078533685163,539237.859087809,1.60735140475321e-16
922,-8.04428279777966,0.539851259099767,-0.427229335075821,1.44311534273578e-09,1.03932897201168,3862602.5037371,2.73669975570101e-16,0.0385751711399279,0,0,0,-8.04428279777966,-8.00570762663973,-8.04428279777966,1.03932897201168,3862602.50373709,4.6081001668795e-17
923,-7.67476086202883,0.530248894318036,-0.396163934412663,4.9963383374776e-11,1.05891123338674,43048.9696962659,1.5284070305673e-16,0.0572412412281166,0.0222222222222222,0,0,-7.67476086202883,-7.61751962080071,-7.67476086202883,1.05891123338674,43048.9696962658,6.63820850140458e-17
924,-7.92665619775701,0.554496035404324,-0.393031284097728,1.12756216506204e-09,1.05638928273307,311755.774930173,1.54444358536744e-16,0.0548563629545108,0,0,0,-7.92665619775701,-7.8717998348025,-7.92665619775701,1.05638928273307,311755.774930173,1.49220913403525e-16
925,-7.954264171425,0.531466853946833,-0.383641520071434,4.06436158874452e-10,1.0636396862257,909595.991639647,2.12530610394563e-16,0.0616965940672375,0,0,0,-7.954264171425,-7.89256757735776,-7.954264171425,1.0636396862257,909595.991639645,1.25888882651637e-16
926,-7.75263693386861,0.539298440361707,-0.39520011410271,1.08494110689985e-11,1.02576525883612,207935.839532515,7.33980777391076e-18,0.0254389241886013,0.0188888888888889,0,0,-7.75263693386861,-7.72719800968001,-7.75263693386861,1.02576525883612,207935.839532515,3.71577768554232e-17
927,-7.73455747356998,0.552074773097268,-0.407520125205746,1.35695198315646e-10,1.05592946320958,851324.640698691,-3.33375302672165e-17,0.0544213645235565,0,0,0,-7.73455747356998,-7.68013610904642,-7.73455747356998,1.05592946320958,851324.640698691,8.29197821516914e-17
928,-7.78020931569693,0.527024271378957,-0.462478803611363,2.14630107336237e-09,1.04201514992976,51030.2189766776,1.35508888061193e-16,0.0411542532294199,0,0,0,-7.78020931569693,-7.73905506246751,-7.78020931569693,1.04201514992976,51030.2189766776,1.06287952975996e-16
929,-7.70450908505104,0.44976001892632,-0.416260385932149,2.1239945410169e-11,1.02732067249741,277851.560753337,-3.35225674379874e-17,0.0269541180951846,0.0177777777777778,0,0,-7.70450908505104,-7.67755496695585,-7.70450908505104,1.02732067249741,277851.560753337,6.69526162905893e-17
930,-7.91852425246155,0.535505143471653,-0.42030688756464,1.00548004936032e-10,1.05990756865128,2016294.02711303,4.81220002118082e-16,0.058181641011484,0,0,0,-7.91852425246155,-7.86034261145006,-7.91852425246155,1.05990756865128,2016294.02711302,2.68242218560823e-16
931,-7.61410480225768,0.470868207805058,-0.408474848283176,2.12125321541462e-12,1.04832782244648,187268.637119175,7.5994766035592e-16,0.0471956169374122,0.0188888888888889,0,0,-7.61410480225768,-7.56690918532026,-7.61410480225768,1.04832782244648,187268.637119174,1.61899814542387e-16
932,-7.71425744381114,0.489998008966172,-0.437110033484903,9.22465638969503e-11,1.02086211428919,165980.520258015,-5.67447323697302e-17,0.0206474789147436,0.02,0,0,-7.71425744381114,-7.6936099648964,-7.71425744381114,1.02086211428919,165980.520258015,9.45655590870823e-17
933,-7.41341784464215,0.475226302756519,-0.407182120461595,1.07572642209626e-10,1.05216858778192,10754.301422974,-7.90725509760806e-17,0.0508524319709448,0,0,0,-7.41341784464215,-7.3625654126712,-7.41341784464215,1.05216858778192,10754.3014229741,7.59141495807223e-17
934,-7.56001277242991,0.544354475866322,-0.406287192142725,2.73868003210907e-11,1.06087297011377,39791.9190597546,-8.67207540346094e-17,0.0590914645695894,0.00888888888888889,0,0,-7.56001277242991,-7.50092130786032,-7.56001277242991,1.06087297011377,39791.9190597546,2.0468580534209e-16
935,-7.8928948929057,0.492053823167461,-0.394548828756525,7.4384809282302e-11,1.05239941179209,456792.431875531,3.24400999889778e-16,0.0510726885791967,0.0222222222222222,0,0,-7.8928948929057,-7.8418222043265,-7.8928948929057,1.05239941179209,456792.43187553,2.14365562338041e-16
936,-7.63012280899531,0.467265635808585,-0.390418544693978,1.56007669230641e-10,1.04079269869086,110601.466587577,3.81084053202585e-16,0.0399825824681865,0,0,0,-7.63012280899531,-7.59014022652712,-7.63012280899531,1.04079269869086,110601.466587577,4.03635458390283e-16
937,-7.96301949648893,0.486137390988778,-0.420746860137542,2.05413312924464e-10,1.01656996713677,869999.531664187,-1.39024594305839e-16,0.0164341658234869,0,0,0,-7.96301949648893,-7.94658533066544,-7.96301949648893,1.01656996713677,869999.531664187,9.64506252643105e-17
938,-7.83686932286939,0.527062715213208,-0.371029285298435,2.39716998509963e-09,1.05839057342053,81543.6634015442,-1.00906937127042e-16,0.0567481755147007,0,0,0,-7.83686932286939,-7.78012114735469,-7.83686932286939,1.05839057342053,81543.6634015443,1.23419792904163e-16
939,-7.68411000378683,0.521040238575038,-0.393082329002027,5.26060272291244e-07,1.01520290629703,8081.35343337387,1.60365548001411e-18,0.0150883331207351,0,0,0,-7.68411000378683,-7.66902167066609,-7.68411000378683,1.01520290629703,8081.35343337388,4.47018965053935e-17
940,-7.45312999810095,0.502620118412187,-0.38674758176079,2.07824706157735e-11,1.02287423868448,575.987237651252,-5.3691619052011e-17,0.0226163478070903,0.00555555555555556,0,0,-7.45312999810095,-7.43051365029386,-7.45312999810095,1.02287423868448,575.987237651252,7.10027137393629e-17
941,-7.53927379599201,0.524095192730694,-0.378255789947137,2.85961556344827e-11,1.05225123043291,12862.8301869502,-1.3359683729656e-16,0.0509311330567989,0.01,0,0,-7.53927379599201,-7.48834266293521,-7.53927379599201,1.05225123043291,12862.8301869502,4.86956154411978e-17
942,-7.84004473102983,0.521070385453514,-0.470795975073676,3.07868333807886e-10,1.04651690269638,138841.230718844,-1.9765053791174e-16,0.0454674012873558,0,0,0,-7.84004473102983,-7.79457732974248,-7.84004473102983,1.04651690269638,138841.230718844,5.53962739877376e-16
943,-7.54435860463149,0.521121422184315,-0.409740119359298,3.19115804158721e-12,1.02924972879906,22583.3631863147,-5.96436480451404e-17,0.0288300387420006,0.00444444444444444,0,0,-7.54435860463149,-7.51552856588949,-7.54435860463149,1.02924972879906,22583.3631863148,1.28623963332094e-16
944,-7.74613650246592,0.501190349199788,-0.459406074417105,2.67635911536087e-10,1.03202528993608,69560.2203026141,-9.62193288008469e-17,0.0315231444571019,0,0,0,-7.74613650246592,-7.71461335800881,-7.74613650246592,1.03202528993608,69560.2203026142,7.19794594298643e-17
945,-7.63202766833062,0.551972838767798,-0.434679095780547,5.06034231428771e-09,1.00634676982088,133859.693558792,-1.3180910838104e-16,0.00632671272246011,0,0,0,-7.63202766833062,-7.62570095560816,-7.63202766833062,1.00634676982088,133859.693558792,5.92745374388631e-17
946,-7.75983115229152,0.484099677994432,-0.356133292534723,1.97429880212056e-11,1.03231009194983,436934.9587995,2.23463223234275e-16,0.0317990486960193,0.0211111111111111,0,0,-7.75983115229152,-7.7280321035955,-7.75983115229152,1.03231009194983,436934.958799499,1.58422657708317e-16
947,-7.48720190988285,0.538675856276543,-0.407123096943696,2.22410736379723e-11,1.05877817723417,40114.685061633,3.59897297149322e-16,0.0571155634956542,0.02,0,0,-7.48720190988285,-7.43008634638719,-7.48720190988285,1.05877817723417,40114.6850616329,9.73758111181648e-17
948,-7.69638202804739,0.511945415240981,-0.434705313355438,8.8136341979603e-10,1.04150317198314,228134.967527021,1.38238186330063e-16,0.0406650264142529,0,0,0,-7.69638202804739,-7.65571700163313,-7.69638202804739,1.04150317198314,228134.967527021,8.41803478775679e-17
949,-7.87162418964967,0.474888207239922,-0.45325152906883,4.03590761725323e-11,1.03224097553573,98384.79446029,-3.61439273572412e-17,0.0317321137547711,0.01,0,0,-7.87162418964967,-7.8398920758949,-7.87162418964967,1.03224097553573,98384.79446029,6.96202355025359e-17
950,-7.86148286195426,0.506950489992134,-0.414337222275263,6.90883117848847e-10,1.03822551538256,74015.2234752368,-1.66040021238385e-16,0.0375130190304007,0,0,0,-7.86148286195426,-7.82396984292386,-7.86148286195426,1.03822551538256,74015.223475237,2.22090864217724e-16
951,-8.00147433356653,0.556532319387985,-0.42780258097162,4.01700236237667e-10,1.03631999685475,264537.419590569,2.86190824125596e-17,0.0356759610387345,0,0,0,-8.00147433356653,-7.9657983725278,-8.00147433356653,1.03631999685475,264537.419590569,5.18701594022354e-17
952,-7.74495408489512,0.541411953611323,-0.426075862488837,2.08260616835565e-11,1.02612982201332,21989.9092944934,5.51842522295626e-16,0.0257942706209616,0.0166666666666667,0,0,-7.74495408489512,-7.71915981427416,-7.74495408489512,1.02612982201332,21989.9092944933,9.1951909049944e-17
953,-7.604411035922,0.520740201752021,-0.423226457155548,3.24022342735305e-10,1.05605731592087,265911.649290959,-6.6181628079044e-17,0.0545423722886341,0,0,0,-7.604411035922,-7.54986866363337,-7.604411035922,1.05605731592087,265911.649290958,9.87327503704844e-17
954,-6.9065116997329,0.519503590020795,-0.393409750183087,0.00113355250234942,1.01247771711853,545.489774599472,1.97434661212507e-16,0.0123992392968775,0,0,0,-6.9065116997329,-6.89411246043603,-6.9065116997329,1.01247771711853,545.489774599471,1.34776449260225e-16
955,-7.59446847609569,0.550682206098951,-0.384191390807169,7.51491593877773e-12,1.0450597408338,26769.5386762037,1.81213069241595e-16,0.0440740479425287,0.0166666666666667,0,0,-7.59446847609569,-7.55039442815317,-7.59446847609569,1.0450597408338,26769.5386762036,1.02032579915898e-16
956,-7.81233384186548,0.52519761348739,-0.389084223845689,1.2005216285068e-10,1.04218753014557,236277.123890988,6.55278300756537e-16,0.0413199313723576,0,0,0,-7.81233384186548,-7.77101391049313,-7.81233384186548,1.04218753014557,236277.123890986,1.9015653249552e-16
957,-7.65048325367743,0.503657797413108,-0.417208768307739,1.51548195417489e-11,1.03892209450132,291574.256361841,6.80134960696756e-16,0.0381833083281446,0.0211111111111111,0,0,-7.65048325367743,-7.61229994534929,-7.65048325367743,1.03892209450132,291574.256361839,3.12373583789673e-16
958,-8.33686072268436,0.537049964929549,-0.43087124287841,3.11997924770719e-10,1.03676355758173,3623484.79296696,5.22514130728445e-16,0.0361035781156081,0,0,0,-8.33686072268436,-8.30075714456876,-8.33686072268436,1.03676355758173,3623484.79296695,1.61360122794305e-16
959,-8.02727832771133,0.552080761867494,-0.432378983080846,9.94792818359702e-10,1.04513458894985,469950.321586593,-4.34405597913054e-16,0.0441452989473611,0,0,0,-8.02727832771133,-7.98313302876397,-8.02727832771133,1.04513458894985,469950.321586595,1.89015469942433e-16
960,-7.66090041703121,0.550031783483232,-0.440734784650789,2.31932404775524e-10,1.01453001626244,33319.6163887304,-1.01585406753202e-16,0.0144254669266779,0,0,0,-7.66090041703121,-7.64647495010454,-7.66090041703121,1.01453001626244,33319.6163887305,1.99161674806368e-16
961,-7.67841795330206,0.580989591748551,-0.457142751977466,4.90385739945627e-10,1.02994856813303,38559.5486289222,2.97909844941084e-17,0.0295073006381201,0,0,0,-7.67841795330206,-7.64891065266394,-7.67841795330206,1.02994856813303,38559.5486289222,1.65269033026839e-16
962,-7.59976500824116,0.531824299715975,-0.371192623964682,7.33420617151087e-12,1.03444272457311,128934.670316852,5.86043559359774e-16,0.0338628104488904,0.0188888888888889,0,0,-7.59976500824116,-7.56590219779227,-7.59976500824116,1.03444272457311,128934.670316851,4.89423316688923e-16
963,-7.38313279945023,0.461924295292034,-0.401787674175749,9.24323117184635e-12,1.04966153388556,17167.6444912468,6.99748900798467e-17,0.0484672298715116,0.00111111111111111,0,0,-7.38313279945023,-7.33466556957872,-7.38313279945023,1.04966153388556,17167.6444912468,5.04843080919828e-17
964,-7.84941179811135,0.458323300508286,-0.394438092140426,1.3453258593481e-10,1.0450665175638,11327.4378779662,-3.83026943495679e-17,0.0440804867028315,0,0,0,-7.84941179811135,-7.80533131140852,-7.84941179811135,1.0450665175638,11327.4378779662,7.53178383858552e-17
965,-7.59433021410792,0.41635744551267,-0.372171277405068,1.74824039658269e-11,1.03705776834031,169768.258002732,3.86419291626478e-16,0.0363875105221276,0.0222222222222222,0,0,-7.59433021410792,-7.55794270358579,-7.59433021410791,1.03705776834031,169768.258002732,1.5999547365987e-16
966,-7.78044317562907,0.460921793845253,-0.426622603370522,9.9752994887173e-11,1.03107863943916,402667.492935674,4.81281681175005e-16,0.0306050863411787,0.0266666666666667,0,0,-7.78044317562907,-7.7498380892879,-7.78044317562907,1.03107863943916,402667.492935673,6.78631533684242e-16
967,-7.54227887608798,0.532680894220953,-0.349297696089133,9.37635633081193e-11,1.03660615124672,97773.088566765,1.44205635087423e-16,0.0359514680293799,0.00777777777777778,0,0,-7.54227887608798,-7.5063274080586,-7.54227887608798,1.03660615124672,97773.0885667649,6.82170369575235e-17
968,-7.82544046458627,0.576740066538618,-0.406806428258798,3.46529311578056e-10,1.0182688400815,108915.472683617,-4.50257115542425e-17,0.0181039246792603,0,0,0,-7.82544046458627,-7.80733653990701,-7.82544046458627,1.0182688400815,108915.472683617,7.89029335695406e-17
969,-7.52093680914696,0.510767050825034,-0.401622613118619,1.485672157847e-11,1.04690516541739,21960.7545842595,-5.42775700927854e-18,0.045838036215406,0.0122222222222222,0,0,-7.52093680914696,-7.47509877293155,-7.52093680914696,1.04690516541739,21960.7545842595,2.14334722809579e-16
970,-8.09817038385181,0.473608814327886,-0.374321880009602,1.30003499062908e-09,1.0316248512692,299933.409214274,-3.7963459536488e-16,0.0311348377047362,0,0,0,-8.09817038385181,-8.06703554614707,-8.09817038385181,1.0316248512692,299933.409214275,3.45402718772271e-16
971,-7.8961364435635,0.515979490644163,-0.427389049294331,5.12165872031326e-11,1.03103729224332,592985.110089837,2.30803031008185e-16,0.0305651779408895,0.0266666666666667,0,0,-7.8961364435635,-7.86557126562261,-7.8961364435635,1.03103729224332,592985.110089835,6.61893379611595e-17
972,-7.59903220662741,0.584548816119502,-0.367275587998256,2.12673887300992e-11,1.03922227689093,51297.1777935381,7.78081303091464e-17,0.0384726213179524,0.0222222222222222,0,0,-7.59903220662741,-7.56055958530946,-7.59903220662741,1.03922227689093,51297.1777935381,1.41293227118311e-16
973,-8.16269318618302,0.483272932706351,-0.435822026830722,3.32401808921224e-09,1.0552790736625,2084936.57278133,8.08562322034905e-16,0.0538052455231487,0,0,0,-8.16269318618302,-8.10888794065987,-8.16269318618302,1.0552790736625,2084936.57278131,9.62667445758569e-16
974,-7.71844844049204,0.52081868056759,-0.368164519787498,8.98999854756336e-11,1.02547661167089,336618.642476289,3.09289630943492e-16,0.0251574836787812,0.0233333333333333,0,0,-7.71844844049204,-7.69329095681326,-7.71844844049204,1.02547661167089,336618.642476288,5.0819687964005e-17
975,-7.92995341210059,0.570190733705664,-0.371369647206045,2.47216575313219e-11,1.03402034470196,54229.9366754865,-2.09708793540307e-18,0.0334541825027768,0.0211111111111111,0,0,-7.92995341210059,-7.89649922959781,-7.92995341210059,1.03402034470196,54229.9366754865,5.69606090689629e-17
976,-7.87462469104286,0.539507002784494,-0.400887984810933,1.4696389166504e-10,0.999737798696269,874826.129782799,-4.34528956026902e-17,-0.000262254578310154,0,0,0,-7.87462469104286,-7.87488694562117,-7.87462469104286,0.999737798696269,874826.1297828,7.33017042126644e-17
977,-7.81257330754258,0.522342892079344,-0.43533285479258,1.44691597158797e-10,1.0457128247543,161519.860062431,3.55903578213517e-16,0.044698780986084,0,0,0,-7.81257330754258,-7.76787452655649,-7.81257330754258,1.0457128247543,161519.86006243,1.31761885353083e-16
978,-7.83168794250448,0.559084675794319,-0.420160187182056,5.78965105280165e-10,1.04891030386266,383957.586437641,4.38661452840784e-16,0.047751738325904,0,0,0,-7.83168794250448,-7.78393620417857,-7.83168794250448,1.04891030386266,383957.58643764,8.03520059131399e-16
979,-7.51443486790751,0.516367850341328,-0.34796017373511,2.07420215461548e-09,1.03861985203637,29968.0605376484,-2.60331879510368e-16,0.0378905929102582,0,0,0,-7.51443486790751,-7.47654427499726,-7.51443486790751,1.03861985203637,29968.0605376484,8.42015500533853e-17
980,-8.48684759185517,0.524764959623149,-0.379794648960199,9.36591804173932e-10,1.02244945438972,248561.151762897,-2.01474639441004e-16,0.0222009740951393,0,0,0,-8.48684759185517,-8.46464661776003,-8.48684759185517,1.02244945438972,248561.151762897,5.37687178731656e-17
981,-7.23937413193185,0.471437564342497,-0.415691167751121,6.6011151686418e-11,1.05022058295998,2193.7680265947,1.17190208154878e-18,0.0490002085064617,0.0133333333333333,0,0,-7.23937413193185,-7.19037392342538,-7.23937413193185,1.05022058295998,2193.7680265947,6.89263461121451e-17
982,-7.63086495274285,0.511736565333914,-0.424280469247356,2.16878434227349e-10,1.02197864871625,8353.60093696801,1.2676588174227e-16,0.0217405998781482,0,0,0,-7.63086495274285,-7.6091243528647,-7.63086495274285,1.02197864871625,8353.600936968,1.07044003290942e-16
983,-7.8165766162049,0.526557986801858,-0.377198805928682,1.1976140723535e-10,1.05494757427377,33408.6049446807,-9.12233251900337e-17,0.0534910700107764,0,0,0,-7.8165766162049,-7.76308554619413,-7.8165766162049,1.05494757427377,33408.6049446807,1.31754175470967e-16
984,-7.26118914008988,0.450077303353223,-0.429976004995618,2.89277215422243e-13,1.02628376962472,5139.85961812284,2.81719092498633e-16,0.0259442475008971,0.00555555555555556,0,0,-7.26118914008988,-7.23524489258899,-7.26118914008988,1.02628376962472,5139.85961812283,4.52261684892442e-17
985,-7.72923659109623,0.487507889700039,-0.40995948791449,1.06545531077645e-11,1.04461184510067,31454.2467929291,1.5216223343057e-16,0.043644192179541,0.0177777777777778,0,0,-7.72923659109623,-7.68559239891669,-7.72923659109623,1.04461184510067,31454.246792929,2.30325018317027e-16
986,-7.63261008925843,0.53316446214366,-0.397225193892611,2.16294218339607e-11,1.04159325460834,178443.269168369,-9.74529099393193e-18,0.0407509654768229,0.0166666666666667,0,0,-7.63261008925843,-7.59185912378161,-7.63261008925843,1.04159325460834,178443.269168369,4.753913312388e-17
987,-7.55746056348478,0.545804323417755,-0.410464060443977,9.03915540406251e-11,1.0415937374016,141720.025013737,1.2301887903416e-16,0.0407518861088634,0.0233333333333333,0,0,-7.55746056348478,-7.51670867737592,-7.55746056348478,1.0415937374016,141720.025013737,4.03381032280474e-17
988,-7.78544369361936,0.52202106043943,-0.381440734150909,4.16698568577533e-11,1.06231490141646,137109.036713853,4.98983570512084e-16,0.0604503711031373,0.0233333333333333,0,0,-7.78544369361936,-7.72499332251623,-7.78544369361936,1.06231490141646,137109.036713852,2.71757924805469e-16
989,-8.0265274236858,0.560745525174879,-0.371863936641098,9.38565100643588e-11,1.0146474421194,223387.766300337,-8.9557990653096e-17,0.0145406037039855,0.0177777777777778,0,0,-8.0265274236858,-8.01198681998181,-8.0265274236858,1.0146474421194,223387.766300337,9.06682136777211e-17
990,-7.67259682748975,0.495096478363796,-0.431379253495724,2.29038108191396e-10,1.07982042224469,73619.3203665491,1.94134831667093e-17,0.0767947452609304,0,0,0,-7.67259682748975,-7.59580208222882,-7.67259682748975,1.07982042224469,73619.3203665491,7.13009898037045e-17
991,-7.65981717048273,0.488048937348279,-0.422110288620711,8.29073274085308e-10,1.03300621896536,291307.588825778,1.56942360342151e-16,0.0324728929428932,0,0,0,-7.65981717048273,-7.62734427753984,-7.65981717048273,1.03300621896536,291307.588825777,1.52779023999806e-16
992,-7.82833349536212,0.528716022210769,-0.379507231202316,2.10168343748476e-10,1.05184186563423,607008.19681638,-7.14243479175517e-17,0.0505425177478098,0,0,0,-7.82833349536212,-7.77779097761431,-7.82833349536212,1.05184186563423,607008.19681638,9.88561084843316e-17
993,-8.19492082909573,0.525487388054318,-0.418592069945904,2.41678450479069e-09,1.01238800741781,2299299.78980176,-2.8097894381555e-16,0.0123111947743909,0,0,0,-8.19492082909573,-8.18260963432134,-8.19492082909573,1.01238800741781,2299299.78980177,2.3428789772437e-16
994,-7.95957088196379,0.491195045337326,-0.4194708758529,1.83454376048829e-09,1.01201694780628,1186545.39575953,-6.22650079643942e-17,0.0119450691082508,0,0,0,-7.95957088196379,-7.94762581285554,-7.95957088196379,1.01201694780628,1186545.39575953,3.96596336018875e-17
995,-8.03641488947421,0.479669321423028,-0.342515755892507,7.22603893478804e-11,1.05655682161997,187105.100169683,2.62321029096155e-16,0.0550153393729405,0.0244444444444444,0,0,-8.03641488947421,-7.98139955010127,-8.03641488947421,1.05655682161997,187105.100169682,2.9477963280221e-16
996,-7.64974496975035,0.553980833452355,-0.407179858823098,2.86720938431934e-11,1.04853249779105,13143.1072822638,5.74848810528137e-17,0.0473915058231865,0.0133333333333333,0,0,-7.64974496975035,-7.60235346392717,-7.64974496975035,1.04853249779105,13143.1072822638,1.18182855477242e-16
997,-7.70837745448536,0.498869845232155,-0.367027982758629,2.83134557471594e-10,1.02983130813708,521539.603421574,3.87275088541293e-16,0.0293950094644287,0,0,0,-7.70837745448536,-7.67898244502093,-7.70837745448536,1.02983130813708,521539.603421572,5.52127787933898e-16
998,-7.83076234249438,0.58762398242615,-0.447605461739377,1.84135417922537e-10,1.05080763974088,187427.413241692,7.49092146337363e-17,0.0495590343828206,0,0,0,-7.83076234249438,-7.78120330811156,-7.83076234249438,1.05080763974088,187427.413241692,1.12949772991379e-16
999,-7.91082806249559,0.520905721572635,-0.453698948608908,4.54411569385181e-10,1.04995973780509,97203.2917428317,4.47543237037785e-16,0.0487518141210492,0,0,0,-7.91082806249559,-7.86207624837454,-7.91082806249559,1.04995973780509,97203.2917428314,1.78460641326378e-16
1000,-7.33796738813277,0.51461756540512,-0.418760679002492,4.03087168162674e-12,1.00296935448754,1953.44556303225,4.17875610657524e-16,0.00296495408934172,0.01,0,0,-7.33796738813277,-7.33500243404343,-7.33796738813277,1.00296935448754,1953.44556303224,1.14198773894082e-16
