"scenario","rep","parameter","n_draws","elapsed_sec","ess","ess_per_sec","rhat","rhat_note"
"S1","rep01","beta0",4000,120.372999999672,3689.04942396278,30.6468180071347,NA,"NA: current manifest has one chain only; rerun multiple chains for formal R-hat"
"S1","rep01","beta1",4000,120.372999999672,1724.06591328837,14.322696229994,NA,"NA: current manifest has one chain only; rerun multiple chains for formal R-hat"
"S1","rep01","beta2",4000,120.372999999672,2359.99839592039,19.6057122106022,NA,"NA: current manifest has one chain only; rerun multiple chains for formal R-hat"
"S1","rep01","r_mean",4000,120.372999999672,2779.14264062144,23.0877575588297,NA,"NA: current manifest has one chain only; rerun multiple chains for formal R-hat"
"S1","rep01","phi_mean",4000,120.372999999672,967.227435997582,8.03525239048804,NA,"NA: current manifest has one chain only; rerun multiple chains for formal R-hat"
"S1","rep01","loglik",4000,120.372999999672,922.611029356847,7.66460110954583,NA,"NA: current manifest has one chain only; rerun multiple chains for formal R-hat"
"S1","rep02","beta0",4000,117.793999999762,3563.91724107505,30.2555074204311,NA,"NA: current manifest has one chain only; rerun multiple chains for formal R-hat"
"S1","rep02","beta1",4000,117.793999999762,2040.70042268585,17.3243155227769,NA,"NA: current manifest has one chain only; rerun multiple chains for formal R-hat"
"S1","rep02","beta2",4000,117.793999999762,1845.60918157163,15.6681085757795,NA,"NA: current manifest has one chain only; rerun multiple chains for formal R-hat"
"S1","rep02","r_mean",4000,117.793999999762,2971.81118303994,25.2288841795503,NA,"NA: current manifest has one chain only; rerun multiple chains for formal R-hat"
"S1","rep02","phi_mean",4000,117.793999999762,757.892139253024,6.43404705888719,NA,"NA: current manifest has one chain only; rerun multiple chains for formal R-hat"
"S1","rep02","loglik",4000,117.793999999762,1091.27616652425,9.26427633433335,NA,"NA: current manifest has one chain only; rerun multiple chains for formal R-hat"
"S1","rep03","beta0",4000,118.419000000693,3679.0980900157,31.0684779469019,NA,"NA: current manifest has one chain only; rerun multiple chains for formal R-hat"
"S1","rep03","beta1",4000,118.419000000693,2109.87813618006,17.8170575344136,NA,"NA: current manifest has one chain only; rerun multiple chains for formal R-hat"
"S1","rep03","beta2",4000,118.419000000693,1896.53951868069,16.0155002041023,NA,"NA: current manifest has one chain only; rerun multiple chains for formal R-hat"
"S1","rep03","r_mean",4000,118.419000000693,2553.16213258271,21.5604094998925,NA,"NA: current manifest has one chain only; rerun multiple chains for formal R-hat"
"S1","rep03","phi_mean",4000,118.419000000693,977.262835184445,8.2525847640896,NA,"NA: current manifest has one chain only; rerun multiple chains for formal R-hat"
"S1","rep03","loglik",4000,118.419000000693,1380.77304217616,11.6600633527397,NA,"NA: current manifest has one chain only; rerun multiple chains for formal R-hat"
"S1","rep04","beta0",4000,117.388000000268,3521.31261187713,29.9972110596405,NA,"NA: current manifest has one chain only; rerun multiple chains for formal R-hat"
"S1","rep04","beta1",4000,117.388000000268,2014.61805763132,17.1620443114008,NA,"NA: current manifest has one chain only; rerun multiple chains for formal R-hat"
"S1","rep04","beta2",4000,117.388000000268,1908.28470344682,16.2562161672612,NA,"NA: current manifest has one chain only; rerun multiple chains for formal R-hat"
"S1","rep04","r_mean",4000,117.388000000268,2632.13418703919,22.422514967741,NA,"NA: current manifest has one chain only; rerun multiple chains for formal R-hat"
"S1","rep04","phi_mean",4000,117.388000000268,642.182779580056,5.47059988736999,NA,"NA: current manifest has one chain only; rerun multiple chains for formal R-hat"
"S1","rep04","loglik",4000,117.388000000268,946.065652137284,8.05930463194809,NA,"NA: current manifest has one chain only; rerun multiple chains for formal R-hat"
"S1","rep05","beta0",4000,115.30700000003,3143.87591509712,27.2652650324465,NA,"NA: current manifest has one chain only; rerun multiple chains for formal R-hat"
"S1","rep05","beta1",4000,115.30700000003,1927.17561954668,16.7134312708351,NA,"NA: current manifest has one chain only; rerun multiple chains for formal R-hat"
"S1","rep05","beta2",4000,115.30700000003,2154.40544252636,18.6840819943785,NA,"NA: current manifest has one chain only; rerun multiple chains for formal R-hat"
"S1","rep05","r_mean",4000,115.30700000003,2583.07458179746,22.4017152627056,NA,"NA: current manifest has one chain only; rerun multiple chains for formal R-hat"
"S1","rep05","phi_mean",4000,115.30700000003,1024.24951495637,8.88280429597604,NA,"NA: current manifest has one chain only; rerun multiple chains for formal R-hat"
"S1","rep05","loglik",4000,115.30700000003,905.748332435362,7.85510274688551,NA,"NA: current manifest has one chain only; rerun multiple chains for formal R-hat"
"S1","rep06","beta0",4000,115.575999999419,3735.63589499141,32.3218998322333,NA,"NA: current manifest has one chain only; rerun multiple chains for formal R-hat"
"S1","rep06","beta1",4000,115.575999999419,1539.28533053567,13.3183821082527,NA,"NA: current manifest has one chain only; rerun multiple chains for formal R-hat"
"S1","rep06","beta2",4000,115.575999999419,2281.37828972513,19.7392044173237,NA,"NA: current manifest has one chain only; rerun multiple chains for formal R-hat"
"S1","rep06","r_mean",4000,115.575999999419,2921.37671728333,25.276672642227,NA,"NA: current manifest has one chain only; rerun multiple chains for formal R-hat"
"S1","rep06","phi_mean",4000,115.575999999419,711.436482473599,6.15557280471011,NA,"NA: current manifest has one chain only; rerun multiple chains for formal R-hat"
"S1","rep06","loglik",4000,115.575999999419,1085.04857910875,9.3881824869714,NA,"NA: current manifest has one chain only; rerun multiple chains for formal R-hat"
"S1","rep07","beta0",4000,116.969000000507,2963.6991825085,25.3374755917864,NA,"NA: current manifest has one chain only; rerun multiple chains for formal R-hat"
"S1","rep07","beta1",4000,116.969000000507,1808.68750641094,15.4629646009037,NA,"NA: current manifest has one chain only; rerun multiple chains for formal R-hat"
"S1","rep07","beta2",4000,116.969000000507,2106.251349916,18.0069193539046,NA,"NA: current manifest has one chain only; rerun multiple chains for formal R-hat"
"S1","rep07","r_mean",4000,116.969000000507,2897.3242569216,24.7700181835277,NA,"NA: current manifest has one chain only; rerun multiple chains for formal R-hat"
"S1","rep07","phi_mean",4000,116.969000000507,1070.46517127578,9.15169977747218,NA,"NA: current manifest has one chain only; rerun multiple chains for formal R-hat"
"S1","rep07","loglik",4000,116.969000000507,1252.08100925728,10.7043832917428,NA,"NA: current manifest has one chain only; rerun multiple chains for formal R-hat"
"S1","rep08","beta0",4000,115.713999999687,3449.01357169229,29.8063637217762,NA,"NA: current manifest has one chain only; rerun multiple chains for formal R-hat"
"S1","rep08","beta1",4000,115.713999999687,1897.20687461198,16.3956554489267,NA,"NA: current manifest has one chain only; rerun multiple chains for formal R-hat"
"S1","rep08","beta2",4000,115.713999999687,2302.03792520651,19.8942040307373,NA,"NA: current manifest has one chain only; rerun multiple chains for formal R-hat"
"S1","rep08","r_mean",4000,115.713999999687,2982.29012279559,25.772941241368,NA,"NA: current manifest has one chain only; rerun multiple chains for formal R-hat"
"S1","rep08","phi_mean",4000,115.713999999687,1058.07275706872,9.14386121879447,NA,"NA: current manifest has one chain only; rerun multiple chains for formal R-hat"
"S1","rep08","loglik",4000,115.713999999687,743.938628011311,6.42911512879447,NA,"NA: current manifest has one chain only; rerun multiple chains for formal R-hat"
"S1","rep09","beta0",4000,115.88300000038,3194.58629937381,27.5673420550326,NA,"NA: current manifest has one chain only; rerun multiple chains for formal R-hat"
"S1","rep09","beta1",4000,115.88300000038,2105.83383178239,18.1720686535168,NA,"NA: current manifest has one chain only; rerun multiple chains for formal R-hat"
"S1","rep09","beta2",4000,115.88300000038,2087.53382484081,18.0141506936649,NA,"NA: current manifest has one chain only; rerun multiple chains for formal R-hat"
"S1","rep09","r_mean",4000,115.88300000038,2677.12510783078,23.1019658433247,NA,"NA: current manifest has one chain only; rerun multiple chains for formal R-hat"
"S1","rep09","phi_mean",4000,115.88300000038,1198.6592047702,10.3437018783279,NA,"NA: current manifest has one chain only; rerun multiple chains for formal R-hat"
"S1","rep09","loglik",4000,115.88300000038,1207.0083241819,10.4157497146082,NA,"NA: current manifest has one chain only; rerun multiple chains for formal R-hat"
"S1","rep10","beta0",4000,116.416999999434,3732.19383697676,32.0588388035674,NA,"NA: current manifest has one chain only; rerun multiple chains for formal R-hat"
"S1","rep10","beta1",4000,116.416999999434,1906.39863240575,16.3756034979,NA,"NA: current manifest has one chain only; rerun multiple chains for formal R-hat"
"S1","rep10","beta2",4000,116.416999999434,1990.34705401703,17.0967045536881,NA,"NA: current manifest has one chain only; rerun multiple chains for formal R-hat"
"S1","rep10","r_mean",4000,116.416999999434,2765.04674468876,23.7512282974326,NA,"NA: current manifest has one chain only; rerun multiple chains for formal R-hat"
"S1","rep10","phi_mean",4000,116.416999999434,1097.9894032437,9.43152119749732,NA,"NA: current manifest has one chain only; rerun multiple chains for formal R-hat"
"S1","rep10","loglik",4000,116.416999999434,1098.82510208946,9.43869969244012,NA,"NA: current manifest has one chain only; rerun multiple chains for formal R-hat"
"S1","rep11","beta0",4000,115.574000000022,3214.92345973544,27.817012993708,NA,"NA: current manifest has one chain only; rerun multiple chains for formal R-hat"
"S1","rep11","beta1",4000,115.574000000022,2137.13188629775,18.4914590331505,NA,"NA: current manifest has one chain only; rerun multiple chains for formal R-hat"
"S1","rep11","beta2",4000,115.574000000022,2356.80219806985,20.3921487364753,NA,"NA: current manifest has one chain only; rerun multiple chains for formal R-hat"
"S1","rep11","r_mean",4000,115.574000000022,2813.05533194296,24.3398630482843,NA,"NA: current manifest has one chain only; rerun multiple chains for formal R-hat"
"S1","rep11","phi_mean",4000,115.574000000022,901.973953684084,7.80429814390702,NA,"NA: current manifest has one chain only; rerun multiple chains for formal R-hat"
"S1","rep11","loglik",4000,115.574000000022,922.54991224759,7.98233090701552,NA,"NA: current manifest has one chain only; rerun multiple chains for formal R-hat"
"S1","rep12","beta0",4000,115.13599999994,3098.22634867956,26.9092755409357,NA,"NA: current manifest has one chain only; rerun multiple chains for formal R-hat"
"S1","rep12","beta1",4000,115.13599999994,2064.39495025713,17.9300561966561,NA,"NA: current manifest has one chain only; rerun multiple chains for formal R-hat"
"S1","rep12","beta2",4000,115.13599999994,2039.64936304192,17.7151313493866,NA,"NA: current manifest has one chain only; rerun multiple chains for formal R-hat"
"S1","rep12","r_mean",4000,115.13599999994,2718.1967647574,23.6085739018101,NA,"NA: current manifest has one chain only; rerun multiple chains for formal R-hat"
"S1","rep12","phi_mean",4000,115.13599999994,955.901118549524,8.30236519029685,NA,"NA: current manifest has one chain only; rerun multiple chains for formal R-hat"
"S1","rep12","loglik",4000,115.13599999994,1345.76183239128,11.6884539361449,NA,"NA: current manifest has one chain only; rerun multiple chains for formal R-hat"
"S1","rep13","beta0",4000,115.901000000536,2652.91967497761,22.8895322297938,NA,"NA: current manifest has one chain only; rerun multiple chains for formal R-hat"
"S1","rep13","beta1",4000,115.901000000536,2170.67380202577,18.7286891572612,NA,"NA: current manifest has one chain only; rerun multiple chains for formal R-hat"
"S1","rep13","beta2",4000,115.901000000536,1991.89974011824,17.1862170309921,NA,"NA: current manifest has one chain only; rerun multiple chains for formal R-hat"
"S1","rep13","r_mean",4000,115.901000000536,2800.06293760966,24.159092135501,NA,"NA: current manifest has one chain only; rerun multiple chains for formal R-hat"
"S1","rep13","phi_mean",4000,115.901000000536,1041.19674808505,8.98350098860433,NA,"NA: current manifest has one chain only; rerun multiple chains for formal R-hat"
"S1","rep13","loglik",4000,115.901000000536,1101.99933011142,9.50810890420551,NA,"NA: current manifest has one chain only; rerun multiple chains for formal R-hat"
"S1","rep14","beta0",4000,115.608000000007,3379.17125238882,29.2295624211871,NA,"NA: current manifest has one chain only; rerun multiple chains for formal R-hat"
"S1","rep14","beta1",4000,115.608000000007,2015.71047813074,17.4357352270657,NA,"NA: current manifest has one chain only; rerun multiple chains for formal R-hat"
"S1","rep14","beta2",4000,115.608000000007,2039.88730154164,17.644862825596,NA,"NA: current manifest has one chain only; rerun multiple chains for formal R-hat"
"S1","rep14","r_mean",4000,115.608000000007,2629.08547341869,22.7413801243731,NA,"NA: current manifest has one chain only; rerun multiple chains for formal R-hat"
"S1","rep14","phi_mean",4000,115.608000000007,1053.54117598048,9.11304733219507,NA,"NA: current manifest has one chain only; rerun multiple chains for formal R-hat"
"S1","rep14","loglik",4000,115.608000000007,1258.80863040285,10.8885944779148,NA,"NA: current manifest has one chain only; rerun multiple chains for formal R-hat"
"S1","rep15","beta0",4000,115.588000000454,3563.40003811691,30.8284600313432,NA,"NA: current manifest has one chain only; rerun multiple chains for formal R-hat"
"S1","rep15","beta1",4000,115.588000000454,2032.44738566936,17.5835500714725,NA,"NA: current manifest has one chain only; rerun multiple chains for formal R-hat"
"S1","rep15","beta2",4000,115.588000000454,2108.26895568043,18.2395140989735,NA,"NA: current manifest has one chain only; rerun multiple chains for formal R-hat"
"S1","rep15","r_mean",4000,115.588000000454,2913.31891453976,25.2043370810837,NA,"NA: current manifest has one chain only; rerun multiple chains for formal R-hat"
"S1","rep15","phi_mean",4000,115.588000000454,976.258830605695,8.44602234316587,NA,"NA: current manifest has one chain only; rerun multiple chains for formal R-hat"
"S1","rep15","loglik",4000,115.588000000454,1321.1453752288,11.429779693598,NA,"NA: current manifest has one chain only; rerun multiple chains for formal R-hat"
"S1","rep16","beta0",4000,114.898999999277,3217.95620166681,28.0068251393576,NA,"NA: current manifest has one chain only; rerun multiple chains for formal R-hat"
"S1","rep16","beta1",4000,114.898999999277,2115.11156168166,18.4084418636799,NA,"NA: current manifest has one chain only; rerun multiple chains for formal R-hat"
"S1","rep16","beta2",4000,114.898999999277,2225.24091069173,19.3669301795989,NA,"NA: current manifest has one chain only; rerun multiple chains for formal R-hat"
"S1","rep16","r_mean",4000,114.898999999277,2498.63095878679,21.7463246747361,NA,"NA: current manifest has one chain only; rerun multiple chains for formal R-hat"
"S1","rep16","phi_mean",4000,114.898999999277,922.707530423364,8.0305967017047,NA,"NA: current manifest has one chain only; rerun multiple chains for formal R-hat"
"S1","rep16","loglik",4000,114.898999999277,1329.56578497073,11.5716044959407,NA,"NA: current manifest has one chain only; rerun multiple chains for formal R-hat"
"S1","rep17","beta0",4000,115.394999999553,3779.84007086126,32.7556659376568,NA,"NA: current manifest has one chain only; rerun multiple chains for formal R-hat"
"S1","rep17","beta1",4000,115.394999999553,2490.15663831693,21.5794153847791,NA,"NA: current manifest has one chain only; rerun multiple chains for formal R-hat"
"S1","rep17","beta2",4000,115.394999999553,1905.58045354048,16.5135443784207,NA,"NA: current manifest has one chain only; rerun multiple chains for formal R-hat"
"S1","rep17","r_mean",4000,115.394999999553,2947.97369571216,25.5468061503841,NA,"NA: current manifest has one chain only; rerun multiple chains for formal R-hat"
"S1","rep17","phi_mean",4000,115.394999999553,628.110053343303,5.44313058057746,NA,"NA: current manifest has one chain only; rerun multiple chains for formal R-hat"
"S1","rep17","loglik",4000,115.394999999553,1081.73229093554,9.37416951288819,NA,"NA: current manifest has one chain only; rerun multiple chains for formal R-hat"
"S1","rep18","beta0",4000,115.391999999993,3290.46812500547,28.515565420529,NA,"NA: current manifest has one chain only; rerun multiple chains for formal R-hat"
"S1","rep18","beta1",4000,115.391999999993,2318.91427841499,20.0959709374579,NA,"NA: current manifest has one chain only; rerun multiple chains for formal R-hat"
"S1","rep18","beta2",4000,115.391999999993,2040.1311235476,17.6800048837678,NA,"NA: current manifest has one chain only; rerun multiple chains for formal R-hat"
"S1","rep18","r_mean",4000,115.391999999993,2852.18294118211,24.7173369140174,NA,"NA: current manifest has one chain only; rerun multiple chains for formal R-hat"
"S1","rep18","phi_mean",4000,115.391999999993,842.27179368863,7.29922172844465,NA,"NA: current manifest has one chain only; rerun multiple chains for formal R-hat"
"S1","rep18","loglik",4000,115.391999999993,1275.20398248155,11.051060580297,NA,"NA: current manifest has one chain only; rerun multiple chains for formal R-hat"
"S1","rep19","beta0",4000,114.904000000097,3755.22027922668,32.6813712248792,NA,"NA: current manifest has one chain only; rerun multiple chains for formal R-hat"
"S1","rep19","beta1",4000,114.904000000097,1730.15704494051,15.057413535987,NA,"NA: current manifest has one chain only; rerun multiple chains for formal R-hat"
"S1","rep19","beta2",4000,114.904000000097,2070.7614238303,18.0216652495001,NA,"NA: current manifest has one chain only; rerun multiple chains for formal R-hat"
"S1","rep19","r_mean",4000,114.904000000097,2992.73272186495,26.0455051335239,NA,"NA: current manifest has one chain only; rerun multiple chains for formal R-hat"
"S1","rep19","phi_mean",4000,114.904000000097,993.829589578213,8.64921664674315,NA,"NA: current manifest has one chain only; rerun multiple chains for formal R-hat"
"S1","rep19","loglik",4000,114.904000000097,1005.95046752321,8.75470364410602,NA,"NA: current manifest has one chain only; rerun multiple chains for formal R-hat"
"S1","rep20","beta0",4000,115.588000000454,3640.09674752539,31.4919952547935,NA,"NA: current manifest has one chain only; rerun multiple chains for formal R-hat"
"S1","rep20","beta1",4000,115.588000000454,1970.55011915225,17.048051001354,NA,"NA: current manifest has one chain only; rerun multiple chains for formal R-hat"
"S1","rep20","beta2",4000,115.588000000454,1991.63460744193,17.230461703932,NA,"NA: current manifest has one chain only; rerun multiple chains for formal R-hat"
"S1","rep20","r_mean",4000,115.588000000454,2787.20854093,24.1133036380856,NA,"NA: current manifest has one chain only; rerun multiple chains for formal R-hat"
"S1","rep20","phi_mean",4000,115.588000000454,954.674042402973,8.25928333736391,NA,"NA: current manifest has one chain only; rerun multiple chains for formal R-hat"
"S1","rep20","loglik",4000,115.588000000454,1102.71505105683,9.54004785144213,NA,"NA: current manifest has one chain only; rerun multiple chains for formal R-hat"
"S2","rep01","beta0",4000,225.36699999962,3632.78273006056,16.1194084762484,NA,"NA: current manifest has one chain only; rerun multiple chains for formal R-hat"
"S2","rep01","beta1",4000,225.36699999962,1409.75872478492,6.25539109446944,NA,"NA: current manifest has one chain only; rerun multiple chains for formal R-hat"
"S2","rep01","beta2",4000,225.36699999962,1769.5365893609,7.85179990577096,NA,"NA: current manifest has one chain only; rerun multiple chains for formal R-hat"
"S2","rep01","r_mean",4000,225.36699999962,2732.61716744329,12.1251876603402,NA,"NA: current manifest has one chain only; rerun multiple chains for formal R-hat"
"S2","rep01","phi_mean",4000,225.36699999962,4000,17.7488274681153,NA,"NA: current manifest has one chain only; rerun multiple chains for formal R-hat"
"S2","rep01","loglik",4000,225.36699999962,4000,17.7488274681153,NA,"NA: current manifest has one chain only; rerun multiple chains for formal R-hat"
"S2","rep01","lambda_mean",4000,225.36699999962,1324.71537154258,5.87803614346739,NA,"NA: current manifest has one chain only; rerun multiple chains for formal R-hat"
"S2","rep01","kappa_mean",4000,225.36699999962,3671.75569474671,16.2923395827823,NA,"NA: current manifest has one chain only; rerun multiple chains for formal R-hat"
"S2","rep02","beta0",4000,225.321000000462,3737.67829032005,16.5882376268186,NA,"NA: current manifest has one chain only; rerun multiple chains for formal R-hat"
"S2","rep02","beta1",4000,225.321000000462,1520.97779176581,6.75027091022447,NA,"NA: current manifest has one chain only; rerun multiple chains for formal R-hat"
"S2","rep02","beta2",4000,225.321000000462,1948.17498437997,8.64622021194638,NA,"NA: current manifest has one chain only; rerun multiple chains for formal R-hat"
"S2","rep02","r_mean",4000,225.321000000462,2786.84294768198,12.3683231819328,NA,"NA: current manifest has one chain only; rerun multiple chains for formal R-hat"
"S2","rep02","phi_mean",4000,225.321000000462,4000,17.7524509477226,NA,"NA: current manifest has one chain only; rerun multiple chains for formal R-hat"
"S2","rep02","loglik",4000,225.321000000462,3959.55478720726,17.5729505336793,NA,"NA: current manifest has one chain only; rerun multiple chains for formal R-hat"
"S2","rep02","lambda_mean",4000,225.321000000462,1462.55155981279,6.49096870602293,NA,"NA: current manifest has one chain only; rerun multiple chains for formal R-hat"
"S2","rep02","kappa_mean",4000,225.321000000462,3735.58791307509,16.5789602969427,NA,"NA: current manifest has one chain only; rerun multiple chains for formal R-hat"
"S2","rep03","beta0",4000,229.785000000149,4000,17.4075766477246,NA,"NA: current manifest has one chain only; rerun multiple chains for formal R-hat"
"S2","rep03","beta1",4000,229.785000000149,1475.33037412703,6.42048164208312,NA,"NA: current manifest has one chain only; rerun multiple chains for formal R-hat"
"S2","rep03","beta2",4000,229.785000000149,1815.02471724604,7.89879547074379,NA,"NA: current manifest has one chain only; rerun multiple chains for formal R-hat"
"S2","rep03","r_mean",4000,229.785000000149,2862.40444703999,12.4568812021591,NA,"NA: current manifest has one chain only; rerun multiple chains for formal R-hat"
"S2","rep03","phi_mean",4000,229.785000000149,4000,17.4075766477246,NA,"NA: current manifest has one chain only; rerun multiple chains for formal R-hat"
"S2","rep03","loglik",4000,229.785000000149,4000,17.4075766477246,NA,"NA: current manifest has one chain only; rerun multiple chains for formal R-hat"
"S2","rep03","lambda_mean",4000,229.785000000149,820.974379566759,3.57279360953163,NA,"NA: current manifest has one chain only; rerun multiple chains for formal R-hat"
"S2","rep03","kappa_mean",4000,229.785000000149,4000,17.4075766477246,NA,"NA: current manifest has one chain only; rerun multiple chains for formal R-hat"
"S2","rep04","beta0",4000,227.389999999665,3571.55719786231,15.7067469891709,NA,"NA: current manifest has one chain only; rerun multiple chains for formal R-hat"
"S2","rep04","beta1",4000,227.389999999665,1401.16375502358,6.1619409605772,NA,"NA: current manifest has one chain only; rerun multiple chains for formal R-hat"
"S2","rep04","beta2",4000,227.389999999665,1889.28033523601,8.30854626517788,NA,"NA: current manifest has one chain only; rerun multiple chains for formal R-hat"
"S2","rep04","r_mean",4000,227.389999999665,2598.67974784426,11.4282938908839,NA,"NA: current manifest has one chain only; rerun multiple chains for formal R-hat"
"S2","rep04","phi_mean",4000,227.389999999665,4000,17.5909230837148,NA,"NA: current manifest has one chain only; rerun multiple chains for formal R-hat"
"S2","rep04","loglik",4000,227.389999999665,3685.70960783548,16.2087585550856,NA,"NA: current manifest has one chain only; rerun multiple chains for formal R-hat"
"S2","rep04","lambda_mean",4000,227.389999999665,1233.68956481006,5.42543456093884,NA,"NA: current manifest has one chain only; rerun multiple chains for formal R-hat"
"S2","rep04","kappa_mean",4000,227.389999999665,3589.17475347996,15.7842242556192,NA,"NA: current manifest has one chain only; rerun multiple chains for formal R-hat"
"S2","rep05","beta0",4000,226.774000000209,3260.21277320565,14.3764839584902,NA,"NA: current manifest has one chain only; rerun multiple chains for formal R-hat"
"S2","rep05","beta1",4000,226.774000000209,1392.36408212515,6.13987530371148,NA,"NA: current manifest has one chain only; rerun multiple chains for formal R-hat"
"S2","rep05","beta2",4000,226.774000000209,1648.10390900091,7.26760523251956,NA,"NA: current manifest has one chain only; rerun multiple chains for formal R-hat"
"S2","rep05","r_mean",4000,226.774000000209,2553.48948116462,11.26006279892,NA,"NA: current manifest has one chain only; rerun multiple chains for formal R-hat"
"S2","rep05","phi_mean",4000,226.774000000209,3884.17414870491,17.1279518317856,NA,"NA: current manifest has one chain only; rerun multiple chains for formal R-hat"
"S2","rep05","loglik",4000,226.774000000209,4000,17.6387063772581,NA,"NA: current manifest has one chain only; rerun multiple chains for formal R-hat"
"S2","rep05","lambda_mean",4000,226.774000000209,900.680237536768,3.97170856242753,NA,"NA: current manifest has one chain only; rerun multiple chains for formal R-hat"
"S2","rep05","kappa_mean",4000,226.774000000209,3299.9609581974,14.5517605995148,NA,"NA: current manifest has one chain only; rerun multiple chains for formal R-hat"
"S2","rep06","beta0",4000,227.202000000514,3460.96366781272,15.2329806419173,NA,"NA: current manifest has one chain only; rerun multiple chains for formal R-hat"
"S2","rep06","beta1",4000,227.202000000514,1675.15040436915,7.37295624319048,NA,"NA: current manifest has one chain only; rerun multiple chains for formal R-hat"
"S2","rep06","beta2",4000,227.202000000514,2012.35557996862,8.8571208878622,NA,"NA: current manifest has one chain only; rerun multiple chains for formal R-hat"
"S2","rep06","r_mean",4000,227.202000000514,2582.47073742262,11.36640847095,NA,"NA: current manifest has one chain only; rerun multiple chains for formal R-hat"
"S2","rep06","phi_mean",4000,227.202000000514,3373.67747167706,14.8488018224726,NA,"NA: current manifest has one chain only; rerun multiple chains for formal R-hat"
"S2","rep06","loglik",4000,227.202000000514,4000,17.6054788249705,NA,"NA: current manifest has one chain only; rerun multiple chains for formal R-hat"
"S2","rep06","lambda_mean",4000,227.202000000514,1067.0125239291,4.69631659900304,NA,"NA: current manifest has one chain only; rerun multiple chains for formal R-hat"
"S2","rep06","kappa_mean",4000,227.202000000514,3342.07255469141,14.7096968982837,NA,"NA: current manifest has one chain only; rerun multiple chains for formal R-hat"
"S2","rep07","beta0",4000,223.758999999613,3643.76845292526,16.284343659614,NA,"NA: current manifest has one chain only; rerun multiple chains for formal R-hat"
"S2","rep07","beta1",4000,223.758999999613,1523.53659687671,6.80882823430277,NA,"NA: current manifest has one chain only; rerun multiple chains for formal R-hat"
"S2","rep07","beta2",4000,223.758999999613,1679.18183191714,7.50442141732868,NA,"NA: current manifest has one chain only; rerun multiple chains for formal R-hat"
"S2","rep07","r_mean",4000,223.758999999613,2630.37594140691,11.7553972864174,NA,"NA: current manifest has one chain only; rerun multiple chains for formal R-hat"
"S2","rep07","phi_mean",4000,223.758999999613,3978.74113259161,17.7813680459713,NA,"NA: current manifest has one chain only; rerun multiple chains for formal R-hat"
"S2","rep07","loglik",4000,223.758999999613,4000,17.8763759223402,NA,"NA: current manifest has one chain only; rerun multiple chains for formal R-hat"
"S2","rep07","lambda_mean",4000,223.758999999613,1340.58098853704,5.99118242635763,NA,"NA: current manifest has one chain only; rerun multiple chains for formal R-hat"
"S2","rep07","kappa_mean",4000,223.758999999613,3565.51742948807,15.9346324817962,NA,"NA: current manifest has one chain only; rerun multiple chains for formal R-hat"
"S2","rep08","beta0",4000,223.564000000246,3520.27805762389,15.7461758495107,NA,"NA: current manifest has one chain only; rerun multiple chains for formal R-hat"
"S2","rep08","beta1",4000,223.564000000246,1389.8228252082,6.21666648121646,NA,"NA: current manifest has one chain only; rerun multiple chains for formal R-hat"
"S2","rep08","beta2",4000,223.564000000246,1710.57265045685,7.65137790724343,NA,"NA: current manifest has one chain only; rerun multiple chains for formal R-hat"
"S2","rep08","r_mean",4000,223.564000000246,2753.97360543849,12.3185021087271,NA,"NA: current manifest has one chain only; rerun multiple chains for formal R-hat"
"S2","rep08","phi_mean",4000,223.564000000246,3882.7285271091,17.3674139266824,NA,"NA: current manifest has one chain only; rerun multiple chains for formal R-hat"
"S2","rep08","loglik",4000,223.564000000246,3919.52389602919,17.5319993202165,NA,"NA: current manifest has one chain only; rerun multiple chains for formal R-hat"
"S2","rep08","lambda_mean",4000,223.564000000246,1249.70246562703,5.58990922342441,NA,"NA: current manifest has one chain only; rerun multiple chains for formal R-hat"
"S2","rep08","kappa_mean",4000,223.564000000246,3468.26127784174,15.5135052058378,NA,"NA: current manifest has one chain only; rerun multiple chains for formal R-hat"
"S2","rep09","beta0",4000,220.987999999896,3515.12358668426,15.9064002872822,NA,"NA: current manifest has one chain only; rerun multiple chains for formal R-hat"
"S2","rep09","beta1",4000,220.987999999896,1668.56412443293,7.55047389194763,NA,"NA: current manifest has one chain only; rerun multiple chains for formal R-hat"
"S2","rep09","beta2",4000,220.987999999896,1872.54658832271,8.47352158634675,NA,"NA: current manifest has one chain only; rerun multiple chains for formal R-hat"
"S2","rep09","r_mean",4000,220.987999999896,2723.04761593691,12.3221515011593,NA,"NA: current manifest has one chain only; rerun multiple chains for formal R-hat"
"S2","rep09","phi_mean",4000,220.987999999896,3539.64731274202,16.0173733992058,NA,"NA: current manifest has one chain only; rerun multiple chains for formal R-hat"
"S2","rep09","loglik",4000,220.987999999896,3471.68390736414,15.7098299788485,NA,"NA: current manifest has one chain only; rerun multiple chains for formal R-hat"
"S2","rep09","lambda_mean",4000,220.987999999896,1103.11897438547,4.99175961765339,NA,"NA: current manifest has one chain only; rerun multiple chains for formal R-hat"
"S2","rep09","kappa_mean",4000,220.987999999896,3583.26202617772,16.2147357602196,NA,"NA: current manifest has one chain only; rerun multiple chains for formal R-hat"
"S2","rep10","beta0",4000,233.082000000402,3332.50530025619,14.2975660936942,NA,"NA: current manifest has one chain only; rerun multiple chains for formal R-hat"
"S2","rep10","beta1",4000,233.082000000402,1253.66635570773,5.37864938393167,NA,"NA: current manifest has one chain only; rerun multiple chains for formal R-hat"
"S2","rep10","beta2",4000,233.082000000402,1605.2643221715,6.88712265283775,NA,"NA: current manifest has one chain only; rerun multiple chains for formal R-hat"
"S2","rep10","r_mean",4000,233.082000000402,2833.40910090646,12.1562759067692,NA,"NA: current manifest has one chain only; rerun multiple chains for formal R-hat"
"S2","rep10","phi_mean",4000,233.082000000402,4000,17.1613423601698,NA,"NA: current manifest has one chain only; rerun multiple chains for formal R-hat"
"S2","rep10","loglik",4000,233.082000000402,3821.85988186436,16.3970614713181,NA,"NA: current manifest has one chain only; rerun multiple chains for formal R-hat"
"S2","rep10","lambda_mean",4000,233.082000000402,1526.85997939539,6.55074171061152,NA,"NA: current manifest has one chain only; rerun multiple chains for formal R-hat"
"S2","rep10","kappa_mean",4000,233.082000000402,3211.18429206306,13.7770582544234,NA,"NA: current manifest has one chain only; rerun multiple chains for formal R-hat"
"S2","rep11","beta0",4000,1510.23999999929,3714.43802801273,2.45950181958793,NA,"NA: current manifest has one chain only; rerun multiple chains for formal R-hat"
"S2","rep11","beta1",4000,1510.23999999929,1691.33822078226,1.11991353743978,NA,"NA: current manifest has one chain only; rerun multiple chains for formal R-hat"
"S2","rep11","beta2",4000,1510.23999999929,1783.86337788118,1.18117873840053,NA,"NA: current manifest has one chain only; rerun multiple chains for formal R-hat"
"S2","rep11","r_mean",4000,1510.23999999929,2555.04211516847,1.69181197370595,NA,"NA: current manifest has one chain only; rerun multiple chains for formal R-hat"
"S2","rep11","phi_mean",4000,1510.23999999929,3740.91252469332,2.47703181262254,NA,"NA: current manifest has one chain only; rerun multiple chains for formal R-hat"
"S2","rep11","loglik",4000,1510.23999999929,4000,2.64858565526133,NA,"NA: current manifest has one chain only; rerun multiple chains for formal R-hat"
"S2","rep11","lambda_mean",4000,1510.23999999929,1473.89095441255,0.975931609819129,NA,"NA: current manifest has one chain only; rerun multiple chains for formal R-hat"
"S2","rep11","kappa_mean",4000,1510.23999999929,3648.4863687601,2.41583216492863,NA,"NA: current manifest has one chain only; rerun multiple chains for formal R-hat"
"S2","rep12","beta0",4000,342.702999999747,3762.22473469024,10.9780910429527,NA,"NA: current manifest has one chain only; rerun multiple chains for formal R-hat"
"S2","rep12","beta1",4000,342.702999999747,1355.8183157333,3.95624875105937,NA,"NA: current manifest has one chain only; rerun multiple chains for formal R-hat"
"S2","rep12","beta2",4000,342.702999999747,1525.32879703161,4.4508766979943,NA,"NA: current manifest has one chain only; rerun multiple chains for formal R-hat"
"S2","rep12","r_mean",4000,342.702999999747,2696.17174284455,7.86737128897776,NA,"NA: current manifest has one chain only; rerun multiple chains for formal R-hat"
"S2","rep12","phi_mean",4000,342.702999999747,3931.85081560099,11.4730563070761,NA,"NA: current manifest has one chain only; rerun multiple chains for formal R-hat"
"S2","rep12","loglik",4000,342.702999999747,4000,11.6719141647519,NA,"NA: current manifest has one chain only; rerun multiple chains for formal R-hat"
"S2","rep12","lambda_mean",4000,342.702999999747,1183.05606166678,3.45213220096601,NA,"NA: current manifest has one chain only; rerun multiple chains for formal R-hat"
"S2","rep12","kappa_mean",4000,342.702999999747,3858.64953375021,11.259456537448,NA,"NA: current manifest has one chain only; rerun multiple chains for formal R-hat"
"S2","rep13","beta0",4000,505.429999999702,3882.13190359855,7.68084977860601,NA,"NA: current manifest has one chain only; rerun multiple chains for formal R-hat"
"S2","rep13","beta1",4000,505.429999999702,1222.36507174196,2.41846560699341,NA,"NA: current manifest has one chain only; rerun multiple chains for formal R-hat"
"S2","rep13","beta2",4000,505.429999999702,1668.63022193609,3.30140716209381,NA,"NA: current manifest has one chain only; rerun multiple chains for formal R-hat"
"S2","rep13","r_mean",4000,505.429999999702,3039.47312456297,6.01363813894063,NA,"NA: current manifest has one chain only; rerun multiple chains for formal R-hat"
"S2","rep13","phi_mean",4000,505.429999999702,4000,7.91405338029472,NA,"NA: current manifest has one chain only; rerun multiple chains for formal R-hat"
"S2","rep13","loglik",4000,505.429999999702,4000,7.91405338029472,NA,"NA: current manifest has one chain only; rerun multiple chains for formal R-hat"
"S2","rep13","lambda_mean",4000,505.429999999702,1819.14155208432,3.59919583737687,NA,"NA: current manifest has one chain only; rerun multiple chains for formal R-hat"
"S2","rep13","kappa_mean",4000,505.429999999702,3828.67398638943,7.57508257600793,NA,"NA: current manifest has one chain only; rerun multiple chains for formal R-hat"
"S2","rep14","beta0",4000,504.957999999635,3541.78165481159,7.01401236303643,NA,"NA: current manifest has one chain only; rerun multiple chains for formal R-hat"
"S2","rep14","beta1",4000,504.957999999635,1647.04833266577,3.26175312138229,NA,"NA: current manifest has one chain only; rerun multiple chains for formal R-hat"
"S2","rep14","beta2",4000,504.957999999635,1885.07427648599,3.73313082768737,NA,"NA: current manifest has one chain only; rerun multiple chains for formal R-hat"
"S2","rep14","r_mean",4000,504.957999999635,2344.25851849817,4.6424821836665,NA,"NA: current manifest has one chain only; rerun multiple chains for formal R-hat"
"S2","rep14","phi_mean",4000,504.957999999635,4000,7.92145089295128,NA,"NA: current manifest has one chain only; rerun multiple chains for formal R-hat"
"S2","rep14","loglik",4000,504.957999999635,4000,7.92145089295128,NA,"NA: current manifest has one chain only; rerun multiple chains for formal R-hat"
"S2","rep14","lambda_mean",4000,504.957999999635,1145.84272393396,2.26918421717209,NA,"NA: current manifest has one chain only; rerun multiple chains for formal R-hat"
"S2","rep14","kappa_mean",4000,504.957999999635,3521.06293201252,6.97298177673205,NA,"NA: current manifest has one chain only; rerun multiple chains for formal R-hat"
"S2","rep15","beta0",4000,509.029000000097,3603.10788962669,7.07839413790965,NA,"NA: current manifest has one chain only; rerun multiple chains for formal R-hat"
"S2","rep15","beta1",4000,509.029000000097,1861.44116987445,3.65684699668211,NA,"NA: current manifest has one chain only; rerun multiple chains for formal R-hat"
"S2","rep15","beta2",4000,509.029000000097,1707.40122051795,3.35423172455326,NA,"NA: current manifest has one chain only; rerun multiple chains for formal R-hat"
"S2","rep15","r_mean",4000,509.029000000097,2943.96093838821,5.78348372762191,NA,"NA: current manifest has one chain only; rerun multiple chains for formal R-hat"
"S2","rep15","phi_mean",4000,509.029000000097,4000,7.85809845804314,NA,"NA: current manifest has one chain only; rerun multiple chains for formal R-hat"
"S2","rep15","loglik",4000,509.029000000097,4000,7.85809845804314,NA,"NA: current manifest has one chain only; rerun multiple chains for formal R-hat"
"S2","rep15","lambda_mean",4000,509.029000000097,1006.96524401869,1.97820800783157,NA,"NA: current manifest has one chain only; rerun multiple chains for formal R-hat"
"S2","rep15","kappa_mean",4000,509.029000000097,3555.59787301867,6.98505954084737,NA,"NA: current manifest has one chain only; rerun multiple chains for formal R-hat"
"S2","rep16","beta0",4000,506.490999999456,4000,7.89747497982056,NA,"NA: current manifest has one chain only; rerun multiple chains for formal R-hat"
"S2","rep16","beta1",4000,506.490999999456,1707.73022354297,3.37168917817849,NA,"NA: current manifest has one chain only; rerun multiple chains for formal R-hat"
"S2","rep16","beta2",4000,506.490999999456,2165.85848791846,4.27620330454201,NA,"NA: current manifest has one chain only; rerun multiple chains for formal R-hat"
"S2","rep16","r_mean",4000,506.490999999456,2698.85020149229,5.32852548514225,NA,"NA: current manifest has one chain only; rerun multiple chains for formal R-hat"
"S2","rep16","phi_mean",4000,506.490999999456,4000,7.89747497982056,NA,"NA: current manifest has one chain only; rerun multiple chains for formal R-hat"
"S2","rep16","loglik",4000,506.490999999456,3848.38958394669,7.59814011295526,NA,"NA: current manifest has one chain only; rerun multiple chains for formal R-hat"
"S2","rep16","lambda_mean",4000,506.490999999456,1473.94007772441,2.91010122139583,NA,"NA: current manifest has one chain only; rerun multiple chains for formal R-hat"
"S2","rep16","kappa_mean",4000,506.490999999456,3142.34028632052,6.20413844732463,NA,"NA: current manifest has one chain only; rerun multiple chains for formal R-hat"
"S2","rep17","beta0",4000,506.035000000149,3341.52284878986,6.60334334342265,NA,"NA: current manifest has one chain only; rerun multiple chains for formal R-hat"
"S2","rep17","beta1",4000,506.035000000149,1822.43484872358,3.60140078991185,NA,"NA: current manifest has one chain only; rerun multiple chains for formal R-hat"
"S2","rep17","beta2",4000,506.035000000149,1914.43182992835,3.78320043065753,NA,"NA: current manifest has one chain only; rerun multiple chains for formal R-hat"
"S2","rep17","r_mean",4000,506.035000000149,2596.82219766406,5.13170471936387,NA,"NA: current manifest has one chain only; rerun multiple chains for formal R-hat"
"S2","rep17","phi_mean",4000,506.035000000149,4000,7.90459157963149,NA,"NA: current manifest has one chain only; rerun multiple chains for formal R-hat"
"S2","rep17","loglik",4000,506.035000000149,4000,7.90459157963149,NA,"NA: current manifest has one chain only; rerun multiple chains for formal R-hat"
"S2","rep17","lambda_mean",4000,506.035000000149,1096.46624803126,2.16677946788451,NA,"NA: current manifest has one chain only; rerun multiple chains for formal R-hat"
"S2","rep17","kappa_mean",4000,506.035000000149,3403.19831661893,6.72522318934052,NA,"NA: current manifest has one chain only; rerun multiple chains for formal R-hat"
"S2","rep18","beta0",4000,505.98900000006,3314.16996001712,6.54988539279851,NA,"NA: current manifest has one chain only; rerun multiple chains for formal R-hat"
"S2","rep18","beta1",4000,505.98900000006,1504.27091518586,2.97293205027319,NA,"NA: current manifest has one chain only; rerun multiple chains for formal R-hat"
"S2","rep18","beta2",4000,505.98900000006,1739.79963599239,3.43841394969493,NA,"NA: current manifest has one chain only; rerun multiple chains for formal R-hat"
"S2","rep18","r_mean",4000,505.98900000006,2681.56130869978,5.29964348770322,NA,"NA: current manifest has one chain only; rerun multiple chains for formal R-hat"
"S2","rep18","phi_mean",4000,505.98900000006,3766.21864970429,7.44328167154591,NA,"NA: current manifest has one chain only; rerun multiple chains for formal R-hat"
"S2","rep18","loglik",4000,505.98900000006,4000,7.90531019448946,NA,"NA: current manifest has one chain only; rerun multiple chains for formal R-hat"
"S2","rep18","lambda_mean",4000,505.98900000006,781.557783666784,1.5446141787009,NA,"NA: current manifest has one chain only; rerun multiple chains for formal R-hat"
"S2","rep18","kappa_mean",4000,505.98900000006,3315.34930057835,6.55221615603888,NA,"NA: current manifest has one chain only; rerun multiple chains for formal R-hat"
"S2","rep19","beta0",4000,508.578999999911,3703.86806303566,7.28277821741815,NA,"NA: current manifest has one chain only; rerun multiple chains for formal R-hat"
"S2","rep19","beta1",4000,508.578999999911,1400.75446323521,2.7542514795842,NA,"NA: current manifest has one chain only; rerun multiple chains for formal R-hat"
"S2","rep19","beta2",4000,508.578999999911,1890.19091902425,3.71661220582168,NA,"NA: current manifest has one chain only; rerun multiple chains for formal R-hat"
"S2","rep19","r_mean",4000,508.578999999911,2704.43281780675,5.31762581193329,NA,"NA: current manifest has one chain only; rerun multiple chains for formal R-hat"
"S2","rep19","phi_mean",4000,508.578999999911,4000,7.86505144726916,NA,"NA: current manifest has one chain only; rerun multiple chains for formal R-hat"
"S2","rep19","loglik",4000,508.578999999911,3916.0277119828,7.69993985591911,NA,"NA: current manifest has one chain only; rerun multiple chains for formal R-hat"
"S2","rep19","lambda_mean",4000,508.578999999911,1309.40942297742,2.57464311931411,NA,"NA: current manifest has one chain only; rerun multiple chains for formal R-hat"
"S2","rep19","kappa_mean",4000,508.578999999911,3867.71329167765,7.60494100558288,NA,"NA: current manifest has one chain only; rerun multiple chains for formal R-hat"
"S2","rep20","beta0",4000,1240.19600000046,3256.77283085455,2.62601462257042,NA,"NA: current manifest has one chain only; rerun multiple chains for formal R-hat"
"S2","rep20","beta1",4000,1240.19600000046,1282.48701896972,1.03410027041632,NA,"NA: current manifest has one chain only; rerun multiple chains for formal R-hat"
"S2","rep20","beta2",4000,1240.19600000046,1936.28256857635,1.56127141885285,NA,"NA: current manifest has one chain only; rerun multiple chains for formal R-hat"
"S2","rep20","r_mean",4000,1240.19600000046,2515.15840002862,2.02803298835643,NA,"NA: current manifest has one chain only; rerun multiple chains for formal R-hat"
"S2","rep20","phi_mean",4000,1240.19600000046,3823.55619937481,3.08302574703787,NA,"NA: current manifest has one chain only; rerun multiple chains for formal R-hat"
"S2","rep20","loglik",4000,1240.19600000046,3851.38756717793,3.1054668513497,NA,"NA: current manifest has one chain only; rerun multiple chains for formal R-hat"
"S2","rep20","lambda_mean",4000,1240.19600000046,1884.39433106486,1.51943267924115,NA,"NA: current manifest has one chain only; rerun multiple chains for formal R-hat"
"S2","rep20","kappa_mean",4000,1240.19600000046,3348.49875399783,2.69997545065182,NA,"NA: current manifest has one chain only; rerun multiple chains for formal R-hat"
"S3","rep01","beta0",4000,299.036000000007,3521.88432465437,11.7774593181232,NA,"NA: current manifest has one chain only; rerun multiple chains for formal R-hat"
"S3","rep01","beta1",4000,299.036000000007,1160.74902391078,3.8816364046829,NA,"NA: current manifest has one chain only; rerun multiple chains for formal R-hat"
"S3","rep01","beta2",4000,299.036000000007,1977.56623396391,6.61313766223417,NA,"NA: current manifest has one chain only; rerun multiple chains for formal R-hat"
"S3","rep01","r_mean",4000,299.036000000007,2623.06191740713,8.7717262048953,NA,"NA: current manifest has one chain only; rerun multiple chains for formal R-hat"
"S3","rep01","phi_mean",4000,299.036000000007,3969.85366239874,13.2755041613674,NA,"NA: current manifest has one chain only; rerun multiple chains for formal R-hat"
"S3","rep01","loglik",4000,299.036000000007,3675.8393548269,12.2922970974291,NA,"NA: current manifest has one chain only; rerun multiple chains for formal R-hat"
"S3","rep01","gamma_common",4000,299.036000000007,61.6883629245935,0.206290757382362,NA,"NA: current manifest has one chain only; rerun multiple chains for formal R-hat"
"S3","rep01","lambda_mean",4000,299.036000000007,146.057633608097,0.488428261507289,NA,"NA: current manifest has one chain only; rerun multiple chains for formal R-hat"
"S3","rep01","kappa_mean",4000,299.036000000007,3428.0441617663,11.4636504025141,NA,"NA: current manifest has one chain only; rerun multiple chains for formal R-hat"
"S3","rep02","beta0",4000,298.198999999993,3884.19178316993,13.0255023765003,NA,"NA: current manifest has one chain only; rerun multiple chains for formal R-hat"
"S3","rep02","beta1",4000,298.198999999993,1546.28399159762,5.18540971498112,NA,"NA: current manifest has one chain only; rerun multiple chains for formal R-hat"
"S3","rep02","beta2",4000,298.198999999993,1941.65640455983,6.51127738376008,NA,"NA: current manifest has one chain only; rerun multiple chains for formal R-hat"
"S3","rep02","r_mean",4000,298.198999999993,1304.1285156031,4.37334972821213,NA,"NA: current manifest has one chain only; rerun multiple chains for formal R-hat"
"S3","rep02","phi_mean",4000,298.198999999993,3988.82597285112,13.3763895011426,NA,"NA: current manifest has one chain only; rerun multiple chains for formal R-hat"
"S3","rep02","loglik",4000,298.198999999993,4000,13.4138612134853,NA,"NA: current manifest has one chain only; rerun multiple chains for formal R-hat"
"S3","rep02","gamma_common",4000,298.198999999993,23.0031414115224,0.0771402365920841,NA,"NA: current manifest has one chain only; rerun multiple chains for formal R-hat"
"S3","rep02","lambda_mean",4000,298.198999999993,29.9710870119233,0.100507000398807,NA,"NA: current manifest has one chain only; rerun multiple chains for formal R-hat"
"S3","rep02","kappa_mean",4000,298.198999999993,3859.38570841341,12.9423160654915,NA,"NA: current manifest has one chain only; rerun multiple chains for formal R-hat"
"S3","rep03","beta0",4000,298.645000000004,3790.33207744681,12.6917647288478,NA,"NA: current manifest has one chain only; rerun multiple chains for formal R-hat"
"S3","rep03","beta1",4000,298.645000000004,646.71798515896,2.16550749270522,NA,"NA: current manifest has one chain only; rerun multiple chains for formal R-hat"
"S3","rep03","beta2",4000,298.645000000004,1932.61911829954,6.47129239833085,NA,"NA: current manifest has one chain only; rerun multiple chains for formal R-hat"
"S3","rep03","r_mean",4000,298.645000000004,2175.51465692926,7.28461771310161,NA,"NA: current manifest has one chain only; rerun multiple chains for formal R-hat"
"S3","rep03","phi_mean",4000,298.645000000004,3740.7169522764,12.5256306058241,NA,"NA: current manifest has one chain only; rerun multiple chains for formal R-hat"
"S3","rep03","loglik",4000,298.645000000004,3933.01949999572,13.1695474559951,NA,"NA: current manifest has one chain only; rerun multiple chains for formal R-hat"
"S3","rep03","gamma_common",4000,298.645000000004,7.85658177136424,0.0263074277867171,NA,"NA: current manifest has one chain only; rerun multiple chains for formal R-hat"
"S3","rep03","lambda_mean",4000,298.645000000004,9.36121883221477,0.03134564058402,NA,"NA: current manifest has one chain only; rerun multiple chains for formal R-hat"
"S3","rep03","kappa_mean",4000,298.645000000004,3808.20882698237,12.7516242595132,NA,"NA: current manifest has one chain only; rerun multiple chains for formal R-hat"
"S3","rep04","beta0",4000,303.509999999995,3750.15666925612,12.3559575277789,NA,"NA: current manifest has one chain only; rerun multiple chains for formal R-hat"
"S3","rep04","beta1",4000,303.509999999995,1355.32776638797,4.46551272244075,NA,"NA: current manifest has one chain only; rerun multiple chains for formal R-hat"
"S3","rep04","beta2",4000,303.509999999995,1564.14906945607,5.15353388506508,NA,"NA: current manifest has one chain only; rerun multiple chains for formal R-hat"
"S3","rep04","r_mean",4000,303.509999999995,2440.12648751013,8.03969057859763,NA,"NA: current manifest has one chain only; rerun multiple chains for formal R-hat"
"S3","rep04","phi_mean",4000,303.509999999995,3989.65434139149,13.1450507113161,NA,"NA: current manifest has one chain only; rerun multiple chains for formal R-hat"
"S3","rep04","loglik",4000,303.509999999995,4000,13.1791374254557,NA,"NA: current manifest has one chain only; rerun multiple chains for formal R-hat"
"S3","rep04","gamma_common",4000,303.509999999995,60.1986283060074,0.1983414988172,NA,"NA: current manifest has one chain only; rerun multiple chains for formal R-hat"
"S3","rep04","lambda_mean",4000,303.509999999995,138.182344727369,0.455281027733423,NA,"NA: current manifest has one chain only; rerun multiple chains for formal R-hat"
"S3","rep04","kappa_mean",4000,303.509999999995,3451.03300292519,11.3704095513336,NA,"NA: current manifest has one chain only; rerun multiple chains for formal R-hat"
"S3","rep05","beta0",4000,305.505000000005,3677.65386608342,12.037949840701,NA,"NA: current manifest has one chain only; rerun multiple chains for formal R-hat"
"S3","rep05","beta1",4000,305.505000000005,1399.19837707174,4.57995246255123,NA,"NA: current manifest has one chain only; rerun multiple chains for formal R-hat"
"S3","rep05","beta2",4000,305.505000000005,1470.96529071826,4.8148648654465,NA,"NA: current manifest has one chain only; rerun multiple chains for formal R-hat"
"S3","rep05","r_mean",4000,305.505000000005,658.358577555199,2.15498462400023,NA,"NA: current manifest has one chain only; rerun multiple chains for formal R-hat"
"S3","rep05","phi_mean",4000,305.505000000005,3773.43038757152,12.3514521450433,NA,"NA: current manifest has one chain only; rerun multiple chains for formal R-hat"
"S3","rep05","loglik",4000,305.505000000005,3799.08992237834,12.4354427010304,NA,"NA: current manifest has one chain only; rerun multiple chains for formal R-hat"
"S3","rep05","gamma_common",4000,305.505000000005,22.6651483536121,0.0741891240850779,NA,"NA: current manifest has one chain only; rerun multiple chains for formal R-hat"
"S3","rep05","lambda_mean",4000,305.505000000005,25.6398118344059,0.0839259973958053,NA,"NA: current manifest has one chain only; rerun multiple chains for formal R-hat"
"S3","rep05","kappa_mean",4000,305.505000000005,3703.37480400759,12.1221413855994,NA,"NA: current manifest has one chain only; rerun multiple chains for formal R-hat"
"S3","rep06","beta0",4000,301.275999999998,3678.37695565702,12.2093261848174,NA,"NA: current manifest has one chain only; rerun multiple chains for formal R-hat"
"S3","rep06","beta1",4000,301.275999999998,1507.18784537461,5.00268141297221,NA,"NA: current manifest has one chain only; rerun multiple chains for formal R-hat"
"S3","rep06","beta2",4000,301.275999999998,1922.21796560883,6.38025586375564,NA,"NA: current manifest has one chain only; rerun multiple chains for formal R-hat"
"S3","rep06","r_mean",4000,301.275999999998,1675.23105471256,5.5604530553797,NA,"NA: current manifest has one chain only; rerun multiple chains for formal R-hat"
"S3","rep06","phi_mean",4000,301.275999999998,4000,13.2768624118749,NA,"NA: current manifest has one chain only; rerun multiple chains for formal R-hat"
"S3","rep06","loglik",4000,301.275999999998,3037.27145667284,10.08135880944,NA,"NA: current manifest has one chain only; rerun multiple chains for formal R-hat"
"S3","rep06","gamma_common",4000,301.275999999998,85.7639199655994,0.284668941321579,NA,"NA: current manifest has one chain only; rerun multiple chains for formal R-hat"
"S3","rep06","lambda_mean",4000,301.275999999998,156.650014148071,0.519955171165549,NA,"NA: current manifest has one chain only; rerun multiple chains for formal R-hat"
"S3","rep06","kappa_mean",4000,301.275999999998,3656.61689788729,12.1370998615466,NA,"NA: current manifest has one chain only; rerun multiple chains for formal R-hat"
"S3","rep07","beta0",4000,302.22600000001,3766.55738911359,12.4627179300043,NA,"NA: current manifest has one chain only; rerun multiple chains for formal R-hat"
"S3","rep07","beta1",4000,302.22600000001,1579.64743784004,5.226709276634,NA,"NA: current manifest has one chain only; rerun multiple chains for formal R-hat"
"S3","rep07","beta2",4000,302.22600000001,1863.14501477083,6.16474100431721,NA,"NA: current manifest has one chain only; rerun multiple chains for formal R-hat"
"S3","rep07","r_mean",4000,302.22600000001,1963.5892895524,6.49708922975632,NA,"NA: current manifest has one chain only; rerun multiple chains for formal R-hat"
"S3","rep07","phi_mean",4000,302.22600000001,3602.60607189428,11.9202387349009,NA,"NA: current manifest has one chain only; rerun multiple chains for formal R-hat"
"S3","rep07","loglik",4000,302.22600000001,3726.05809998832,12.3287146042637,NA,"NA: current manifest has one chain only; rerun multiple chains for formal R-hat"
"S3","rep07","gamma_common",4000,302.22600000001,79.2287723412113,0.262150749244634,NA,"NA: current manifest has one chain only; rerun multiple chains for formal R-hat"
"S3","rep07","lambda_mean",4000,302.22600000001,128.872996392583,0.426412672611155,NA,"NA: current manifest has one chain only; rerun multiple chains for formal R-hat"
"S3","rep07","kappa_mean",4000,302.22600000001,3702.4344935188,12.2505492363949,NA,"NA: current manifest has one chain only; rerun multiple chains for formal R-hat"
"S3","rep08","beta0",4000,303.338000000003,3957.39333035979,13.0461509285343,NA,"NA: current manifest has one chain only; rerun multiple chains for formal R-hat"
"S3","rep08","beta1",4000,303.338000000003,1322.80932597884,4.3608427759754,NA,"NA: current manifest has one chain only; rerun multiple chains for formal R-hat"
"S3","rep08","beta2",4000,303.338000000003,1811.79862819998,5.9728706202321,NA,"NA: current manifest has one chain only; rerun multiple chains for formal R-hat"
"S3","rep08","r_mean",4000,303.338000000003,1438.99075849578,4.74385259511094,NA,"NA: current manifest has one chain only; rerun multiple chains for formal R-hat"
"S3","rep08","phi_mean",4000,303.338000000003,3989.43969742478,13.1517966671658,NA,"NA: current manifest has one chain only; rerun multiple chains for formal R-hat"
"S3","rep08","loglik",4000,303.338000000003,3941.91861835281,12.9951361792877,NA,"NA: current manifest has one chain only; rerun multiple chains for formal R-hat"
"S3","rep08","gamma_common",4000,303.338000000003,41.643584626828,0.137284430657641,NA,"NA: current manifest has one chain only; rerun multiple chains for formal R-hat"
"S3","rep08","lambda_mean",4000,303.338000000003,59.6663368024012,0.196699183097405,NA,"NA: current manifest has one chain only; rerun multiple chains for formal R-hat"
"S3","rep08","kappa_mean",4000,303.338000000003,3978.79297047953,13.1166981073241,NA,"NA: current manifest has one chain only; rerun multiple chains for formal R-hat"
"S3","rep09","beta0",4000,299.506999999998,3299.39534219893,11.0160875779162,NA,"NA: current manifest has one chain only; rerun multiple chains for formal R-hat"
"S3","rep09","beta1",4000,299.506999999998,1554.91605010771,5.19158500505071,NA,"NA: current manifest has one chain only; rerun multiple chains for formal R-hat"
"S3","rep09","beta2",4000,299.506999999998,2012.9927262817,6.72102063151018,NA,"NA: current manifest has one chain only; rerun multiple chains for formal R-hat"
"S3","rep09","r_mean",4000,299.506999999998,2432.82731650712,8.12277281167766,NA,"NA: current manifest has one chain only; rerun multiple chains for formal R-hat"
"S3","rep09","phi_mean",4000,299.506999999998,4000,13.3552805109731,NA,"NA: current manifest has one chain only; rerun multiple chains for formal R-hat"
"S3","rep09","loglik",4000,299.506999999998,3975.05728269515,13.2720012643951,NA,"NA: current manifest has one chain only; rerun multiple chains for formal R-hat"
"S3","rep09","gamma_common",4000,299.506999999998,38.1624729081519,0.127417632670195,NA,"NA: current manifest has one chain only; rerun multiple chains for formal R-hat"
"S3","rep09","lambda_mean",4000,299.506999999998,85.4569575698044,0.285325409989766,NA,"NA: current manifest has one chain only; rerun multiple chains for formal R-hat"
"S3","rep09","kappa_mean",4000,299.506999999998,3369.80168124145,11.2511616798321,NA,"NA: current manifest has one chain only; rerun multiple chains for formal R-hat"
"S3","rep10","beta0",4000,298.805999999997,3366.41904440665,11.266236435703,NA,"NA: current manifest has one chain only; rerun multiple chains for formal R-hat"
"S3","rep10","beta1",4000,298.805999999997,1416.61921712423,4.74093297030263,NA,"NA: current manifest has one chain only; rerun multiple chains for formal R-hat"
"S3","rep10","beta2",4000,298.805999999997,1944.51969648261,6.50763269975378,NA,"NA: current manifest has one chain only; rerun multiple chains for formal R-hat"
"S3","rep10","r_mean",4000,298.805999999997,479.099860645213,1.60338099183155,NA,"NA: current manifest has one chain only; rerun multiple chains for formal R-hat"
"S3","rep10","phi_mean",4000,298.805999999997,3707.10173026469,12.406383172576,NA,"NA: current manifest has one chain only; rerun multiple chains for formal R-hat"
"S3","rep10","loglik",4000,298.805999999997,3527.77819525187,11.806249523945,NA,"NA: current manifest has one chain only; rerun multiple chains for formal R-hat"
"S3","rep10","gamma_common",4000,298.805999999997,10.674886785205,0.035725142015907,NA,"NA: current manifest has one chain only; rerun multiple chains for formal R-hat"
"S3","rep10","lambda_mean",4000,298.805999999997,12.4620232137002,0.0417060675277616,NA,"NA: current manifest has one chain only; rerun multiple chains for formal R-hat"
"S3","rep10","kappa_mean",4000,298.805999999997,3090.86533258698,10.3440537759851,NA,"NA: current manifest has one chain only; rerun multiple chains for formal R-hat"
"S3","rep11","beta0",4000,298.040999999997,3613.59112706794,12.1244765890195,NA,"NA: current manifest has one chain only; rerun multiple chains for formal R-hat"
"S3","rep11","beta1",4000,298.040999999997,631.126258161263,2.11758200435936,NA,"NA: current manifest has one chain only; rerun multiple chains for formal R-hat"
"S3","rep11","beta2",4000,298.040999999997,1350.67106094019,4.53182971785829,NA,"NA: current manifest has one chain only; rerun multiple chains for formal R-hat"
"S3","rep11","r_mean",4000,298.040999999997,956.679650763765,3.20989276899411,NA,"NA: current manifest has one chain only; rerun multiple chains for formal R-hat"
"S3","rep11","phi_mean",4000,298.040999999997,4000,13.4209722823371,NA,"NA: current manifest has one chain only; rerun multiple chains for formal R-hat"
"S3","rep11","loglik",4000,298.040999999997,3885.39875976561,13.0364572651603,NA,"NA: current manifest has one chain only; rerun multiple chains for formal R-hat"
"S3","rep11","gamma_common",4000,298.040999999997,32.1901457975396,0.108005763628292,NA,"NA: current manifest has one chain only; rerun multiple chains for formal R-hat"
"S3","rep11","lambda_mean",4000,298.040999999997,42.5079342732943,0.142624451915323,NA,"NA: current manifest has one chain only; rerun multiple chains for formal R-hat"
"S3","rep11","kappa_mean",4000,298.040999999997,3510.75119968375,11.7794236352843,NA,"NA: current manifest has one chain only; rerun multiple chains for formal R-hat"
"S3","rep12","beta0",4000,297.547000000006,3491.79901118997,11.7352855555254,NA,"NA: current manifest has one chain only; rerun multiple chains for formal R-hat"
"S3","rep12","beta1",4000,297.547000000006,1427.90951110826,4.79893768415822,NA,"NA: current manifest has one chain only; rerun multiple chains for formal R-hat"
"S3","rep12","beta2",4000,297.547000000006,2209.4715765024,7.42562209164385,NA,"NA: current manifest has one chain only; rerun multiple chains for formal R-hat"
"S3","rep12","r_mean",4000,297.547000000006,929.031518899769,3.12230175031088,NA,"NA: current manifest has one chain only; rerun multiple chains for formal R-hat"
"S3","rep12","phi_mean",4000,297.547000000006,4000,13.4432543430111,NA,"NA: current manifest has one chain only; rerun multiple chains for formal R-hat"
"S3","rep12","loglik",4000,297.547000000006,3599.92202743421,12.0986668574515,NA,"NA: current manifest has one chain only; rerun multiple chains for formal R-hat"
"S3","rep12","gamma_common",4000,297.547000000006,15.2894012928929,0.0513848275831805,NA,"NA: current manifest has one chain only; rerun multiple chains for formal R-hat"
"S3","rep12","lambda_mean",4000,297.547000000006,19.7375856964347,0.0663343461585374,NA,"NA: current manifest has one chain only; rerun multiple chains for formal R-hat"
"S3","rep12","kappa_mean",4000,297.547000000006,3748.55256561797,12.5981863894373,NA,"NA: current manifest has one chain only; rerun multiple chains for formal R-hat"
"S3","rep13","beta0",4000,298.194000000003,3294.23269931853,11.0472802917513,NA,"NA: current manifest has one chain only; rerun multiple chains for formal R-hat"
"S3","rep13","beta1",4000,298.194000000003,1095.23878775266,3.67290685846346,NA,"NA: current manifest has one chain only; rerun multiple chains for formal R-hat"
"S3","rep13","beta2",4000,298.194000000003,1642.57058826696,5.50839583716287,NA,"NA: current manifest has one chain only; rerun multiple chains for formal R-hat"
"S3","rep13","r_mean",4000,298.194000000003,2132.00567588031,7.14972694246124,NA,"NA: current manifest has one chain only; rerun multiple chains for formal R-hat"
"S3","rep13","phi_mean",4000,298.194000000003,4000,13.4140861318469,NA,"NA: current manifest has one chain only; rerun multiple chains for formal R-hat"
"S3","rep13","loglik",4000,298.194000000003,3878.76763820633,13.00753079608,NA,"NA: current manifest has one chain only; rerun multiple chains for formal R-hat"
"S3","rep13","gamma_common",4000,298.194000000003,49.1616701018627,0.164864719282957,NA,"NA: current manifest has one chain only; rerun multiple chains for formal R-hat"
"S3","rep13","lambda_mean",4000,298.194000000003,89.9418454898592,0.301621915564559,NA,"NA: current manifest has one chain only; rerun multiple chains for formal R-hat"
"S3","rep13","kappa_mean",4000,298.194000000003,3442.15689695444,11.5433472737694,NA,"NA: current manifest has one chain only; rerun multiple chains for formal R-hat"
"S3","rep14","beta0",4000,297.497000000003,3941.454096477,13.2487187987676,NA,"NA: current manifest has one chain only; rerun multiple chains for formal R-hat"
"S3","rep14","beta1",4000,297.497000000003,1922.36411153446,6.46179326693861,NA,"NA: current manifest has one chain only; rerun multiple chains for formal R-hat"
"S3","rep14","beta2",4000,297.497000000003,2084.71457609092,7.00751461725967,NA,"NA: current manifest has one chain only; rerun multiple chains for formal R-hat"
"S3","rep14","r_mean",4000,297.497000000003,1842.32383251863,6.19274759919801,NA,"NA: current manifest has one chain only; rerun multiple chains for formal R-hat"
"S3","rep14","phi_mean",4000,297.497000000003,4000,13.4455137362728,NA,"NA: current manifest has one chain only; rerun multiple chains for formal R-hat"
"S3","rep14","loglik",4000,297.497000000003,3755.46958883353,12.623554485704,NA,"NA: current manifest has one chain only; rerun multiple chains for formal R-hat"
"S3","rep14","gamma_common",4000,297.497000000003,26.3254507044108,0.0884898022649321,NA,"NA: current manifest has one chain only; rerun multiple chains for formal R-hat"
"S3","rep14","lambda_mean",4000,297.497000000003,36.377786315647,0.122279506400557,NA,"NA: current manifest has one chain only; rerun multiple chains for formal R-hat"
"S3","rep14","kappa_mean",4000,297.497000000003,3965.78901660993,13.3305176744972,NA,"NA: current manifest has one chain only; rerun multiple chains for formal R-hat"
"S3","rep15","beta0",4000,296.986000000004,3809.00060631861,12.8255224364736,NA,"NA: current manifest has one chain only; rerun multiple chains for formal R-hat"
"S3","rep15","beta1",4000,296.986000000004,1586.77570585873,5.34293099963874,NA,"NA: current manifest has one chain only; rerun multiple chains for formal R-hat"
"S3","rep15","beta2",4000,296.986000000004,1814.17097075973,6.1086077147061,NA,"NA: current manifest has one chain only; rerun multiple chains for formal R-hat"
"S3","rep15","r_mean",4000,296.986000000004,2572.11707801103,8.66073511212982,NA,"NA: current manifest has one chain only; rerun multiple chains for formal R-hat"
"S3","rep15","phi_mean",4000,296.986000000004,4000,13.4686483537943,NA,"NA: current manifest has one chain only; rerun multiple chains for formal R-hat"
"S3","rep15","loglik",4000,296.986000000004,4000,13.4686483537943,NA,"NA: current manifest has one chain only; rerun multiple chains for formal R-hat"
"S3","rep15","gamma_common",4000,296.986000000004,44.2588118948177,0.149026593492007,NA,"NA: current manifest has one chain only; rerun multiple chains for formal R-hat"
"S3","rep15","lambda_mean",4000,296.986000000004,89.908248559066,0.302735645986897,NA,"NA: current manifest has one chain only; rerun multiple chains for formal R-hat"
"S3","rep15","kappa_mean",4000,296.986000000004,3699.18966017496,12.4557711817221,NA,"NA: current manifest has one chain only; rerun multiple chains for formal R-hat"
"S3","rep16","beta0",4000,297.303,3863.4485011493,12.994986600032,NA,"NA: current manifest has one chain only; rerun multiple chains for formal R-hat"
"S3","rep16","beta1",4000,297.303,1540.85077635488,5.18276228748073,NA,"NA: current manifest has one chain only; rerun multiple chains for formal R-hat"
"S3","rep16","beta2",4000,297.303,1991.21475672612,6.69759389150503,NA,"NA: current manifest has one chain only; rerun multiple chains for formal R-hat"
"S3","rep16","r_mean",4000,297.303,1846.4742654109,6.21074885019963,NA,"NA: current manifest has one chain only; rerun multiple chains for formal R-hat"
"S3","rep16","phi_mean",4000,297.303,3790.85840785709,12.7508246060655,NA,"NA: current manifest has one chain only; rerun multiple chains for formal R-hat"
"S3","rep16","loglik",4000,297.303,4000,13.4542873768512,NA,"NA: current manifest has one chain only; rerun multiple chains for formal R-hat"
"S3","rep16","gamma_common",4000,297.303,31.6527459676504,0.106466285128809,NA,"NA: current manifest has one chain only; rerun multiple chains for formal R-hat"
"S3","rep16","lambda_mean",4000,297.303,46.3791276959501,0.155999528077248,NA,"NA: current manifest has one chain only; rerun multiple chains for formal R-hat"
"S3","rep16","kappa_mean",4000,297.303,3816.22534559975,12.8361481236306,NA,"NA: current manifest has one chain only; rerun multiple chains for formal R-hat"
"S3","rep17","beta0",4000,297.679000000004,3948.03998274922,13.2627426951487,NA,"NA: current manifest has one chain only; rerun multiple chains for formal R-hat"
"S3","rep17","beta1",4000,297.679000000004,1492.29984452172,5.01311763517648,NA,"NA: current manifest has one chain only; rerun multiple chains for formal R-hat"
"S3","rep17","beta2",4000,297.679000000004,1779.34077129433,5.9773809079388,NA,"NA: current manifest has one chain only; rerun multiple chains for formal R-hat"
"S3","rep17","r_mean",4000,297.679000000004,2608.68733293849,8.76342413451554,NA,"NA: current manifest has one chain only; rerun multiple chains for formal R-hat"
"S3","rep17","phi_mean",4000,297.679000000004,4000,13.4372931916593,NA,"NA: current manifest has one chain only; rerun multiple chains for formal R-hat"
"S3","rep17","loglik",4000,297.679000000004,3870.68380668081,13.0028782906445,NA,"NA: current manifest has one chain only; rerun multiple chains for formal R-hat"
"S3","rep17","gamma_common",4000,297.679000000004,43.1100794755114,0.144820694357045,NA,"NA: current manifest has one chain only; rerun multiple chains for formal R-hat"
"S3","rep17","lambda_mean",4000,297.679000000004,64.5435942982233,0.216822800057184,NA,"NA: current manifest has one chain only; rerun multiple chains for formal R-hat"
"S3","rep17","kappa_mean",4000,297.679000000004,4000,13.4372931916593,NA,"NA: current manifest has one chain only; rerun multiple chains for formal R-hat"
"S3","rep18","beta0",4000,299.659,3503.62667645854,11.6920455466332,NA,"NA: current manifest has one chain only; rerun multiple chains for formal R-hat"
"S3","rep18","beta1",4000,299.659,1514.4994237618,5.05407621250087,NA,"NA: current manifest has one chain only; rerun multiple chains for formal R-hat"
"S3","rep18","beta2",4000,299.659,2010.92833460104,6.71072230302124,NA,"NA: current manifest has one chain only; rerun multiple chains for formal R-hat"
"S3","rep18","r_mean",4000,299.659,2788.68935318359,9.30620923510921,NA,"NA: current manifest has one chain only; rerun multiple chains for formal R-hat"
"S3","rep18","phi_mean",4000,299.659,4000,13.3485061353071,NA,"NA: current manifest has one chain only; rerun multiple chains for formal R-hat"
"S3","rep18","loglik",4000,299.659,3993.2773036018,13.3260716467778,NA,"NA: current manifest has one chain only; rerun multiple chains for formal R-hat"
"S3","rep18","gamma_common",4000,299.659,53.4222734487198,0.178276886223073,NA,"NA: current manifest has one chain only; rerun multiple chains for formal R-hat"
"S3","rep18","lambda_mean",4000,299.659,69.9058884531633,0.233284795227787,NA,"NA: current manifest has one chain only; rerun multiple chains for formal R-hat"
"S3","rep18","kappa_mean",4000,299.659,3648.65580749331,12.1760261079871,NA,"NA: current manifest has one chain only; rerun multiple chains for formal R-hat"
"S3","rep19","beta0",4000,299.207999999999,3882.39770512961,12.9755812181814,NA,"NA: current manifest has one chain only; rerun multiple chains for formal R-hat"
"S3","rep19","beta1",4000,299.207999999999,1173.2604758525,3.92122027436602,NA,"NA: current manifest has one chain only; rerun multiple chains for formal R-hat"
"S3","rep19","beta2",4000,299.207999999999,1872.76419420335,6.25907126214326,NA,"NA: current manifest has one chain only; rerun multiple chains for formal R-hat"
"S3","rep19","r_mean",4000,299.207999999999,636.081905543185,2.12588535581665,NA,"NA: current manifest has one chain only; rerun multiple chains for formal R-hat"
"S3","rep19","phi_mean",4000,299.207999999999,3895.67676879681,13.0199619288148,NA,"NA: current manifest has one chain only; rerun multiple chains for formal R-hat"
"S3","rep19","loglik",4000,299.207999999999,3866.03459951887,12.920893156329,NA,"NA: current manifest has one chain only; rerun multiple chains for formal R-hat"
"S3","rep19","gamma_common",4000,299.207999999999,26.222950596957,0.0876412081126075,NA,"NA: current manifest has one chain only; rerun multiple chains for formal R-hat"
"S3","rep19","lambda_mean",4000,299.207999999999,32.1862326649325,0.107571430793738,NA,"NA: current manifest has one chain only; rerun multiple chains for formal R-hat"
"S3","rep19","kappa_mean",4000,299.207999999999,3888.76656942478,12.9968669601909,NA,"NA: current manifest has one chain only; rerun multiple chains for formal R-hat"
"S3","rep20","beta0",4000,297.584000000003,2649.96527947265,8.90493198381844,NA,"NA: current manifest has one chain only; rerun multiple chains for formal R-hat"
"S3","rep20","beta1",4000,297.584000000003,1885.09910822804,6.33467897544231,NA,"NA: current manifest has one chain only; rerun multiple chains for formal R-hat"
"S3","rep20","beta2",4000,297.584000000003,1803.10200454294,6.05913625915009,NA,"NA: current manifest has one chain only; rerun multiple chains for formal R-hat"
"S3","rep20","r_mean",4000,297.584000000003,1936.70640028496,6.5080998988015,NA,"NA: current manifest has one chain only; rerun multiple chains for formal R-hat"
"S3","rep20","phi_mean",4000,297.584000000003,3867.07809054692,12.994912665153,NA,"NA: current manifest has one chain only; rerun multiple chains for formal R-hat"
"S3","rep20","loglik",4000,297.584000000003,4000,13.4415828807999,NA,"NA: current manifest has one chain only; rerun multiple chains for formal R-hat"
"S3","rep20","gamma_common",4000,297.584000000003,29.6951350480327,0.0997874047261695,NA,"NA: current manifest has one chain only; rerun multiple chains for formal R-hat"
"S3","rep20","lambda_mean",4000,297.584000000003,52.9414007228229,0.177904056410366,NA,"NA: current manifest has one chain only; rerun multiple chains for formal R-hat"
"S3","rep20","kappa_mean",4000,297.584000000003,2745.48730494165,9.2259237893893,NA,"NA: current manifest has one chain only; rerun multiple chains for formal R-hat"
"S4A","rep01","beta0",4000,230.963,3056.1442872445,13.2321812898365,NA,"NA: current manifest has one chain only; rerun multiple chains for formal R-hat"
"S4A","rep01","beta1",4000,230.963,1271.76132178076,5.50634223568604,NA,"NA: current manifest has one chain only; rerun multiple chains for formal R-hat"
"S4A","rep01","beta2",4000,230.963,1682.12574077625,7.28309617027943,NA,"NA: current manifest has one chain only; rerun multiple chains for formal R-hat"
"S4A","rep01","r_mean",4000,230.963,2663.42391958267,11.5318207660217,NA,"NA: current manifest has one chain only; rerun multiple chains for formal R-hat"
"S4A","rep01","phi_mean",4000,230.963,4000,17.3187913215537,NA,"NA: current manifest has one chain only; rerun multiple chains for formal R-hat"
"S4A","rep01","loglik",4000,230.963,3227.77426863387,13.9752872478876,NA,"NA: current manifest has one chain only; rerun multiple chains for formal R-hat"
"S4A","rep01","gamma_common",4000,230.963,NA,NA,NA,"NA: current manifest has one chain only; rerun multiple chains for formal R-hat"
"S4A","rep01","lambda_mean",4000,230.963,3613.17118309325,15.6439394322608,NA,"NA: current manifest has one chain only; rerun multiple chains for formal R-hat"
"S4A","rep01","kappa_mean",4000,230.963,3812.71396995992,16.5078994036271,NA,"NA: current manifest has one chain only; rerun multiple chains for formal R-hat"
"S4A","rep02","beta0",4000,227.535,3129.92781021704,13.7558081623357,NA,"NA: current manifest has one chain only; rerun multiple chains for formal R-hat"
"S4A","rep02","beta1",4000,227.535,1320.99214099682,5.80566568218875,NA,"NA: current manifest has one chain only; rerun multiple chains for formal R-hat"
"S4A","rep02","beta2",4000,227.535,1681.15466219103,7.38855412218351,NA,"NA: current manifest has one chain only; rerun multiple chains for formal R-hat"
"S4A","rep02","r_mean",4000,227.535,3130.60378405401,13.7587790188499,NA,"NA: current manifest has one chain only; rerun multiple chains for formal R-hat"
"S4A","rep02","phi_mean",4000,227.535,4000,17.5797130111851,NA,"NA: current manifest has one chain only; rerun multiple chains for formal R-hat"
"S4A","rep02","loglik",4000,227.535,3605.02141008984,15.8438104471393,NA,"NA: current manifest has one chain only; rerun multiple chains for formal R-hat"
"S4A","rep02","gamma_common",4000,227.535,NA,NA,NA,"NA: current manifest has one chain only; rerun multiple chains for formal R-hat"
"S4A","rep02","lambda_mean",4000,227.535,3826.85350499129,16.8187465883987,NA,"NA: current manifest has one chain only; rerun multiple chains for formal R-hat"
"S4A","rep02","kappa_mean",4000,227.535,3874.29347396457,17.0272418483511,NA,"NA: current manifest has one chain only; rerun multiple chains for formal R-hat"
"S4A","rep03","beta0",4000,228.408,3703.25858418492,16.213348850237,NA,"NA: current manifest has one chain only; rerun multiple chains for formal R-hat"
"S4A","rep03","beta1",4000,228.408,1346.86673037033,5.89675812743131,NA,"NA: current manifest has one chain only; rerun multiple chains for formal R-hat"
"S4A","rep03","beta2",4000,228.408,1462.2358329131,6.40185909825008,NA,"NA: current manifest has one chain only; rerun multiple chains for formal R-hat"
"S4A","rep03","r_mean",4000,228.408,2786.54002452958,12.1998354896921,NA,"NA: current manifest has one chain only; rerun multiple chains for formal R-hat"
"S4A","rep03","phi_mean",4000,228.408,3499.10189503084,15.3195242505991,NA,"NA: current manifest has one chain only; rerun multiple chains for formal R-hat"
"S4A","rep03","loglik",4000,228.408,3539.09172687626,15.4946049476212,NA,"NA: current manifest has one chain only; rerun multiple chains for formal R-hat"
"S4A","rep03","gamma_common",4000,228.408,NA,NA,NA,"NA: current manifest has one chain only; rerun multiple chains for formal R-hat"
"S4A","rep03","lambda_mean",4000,228.408,4000,17.5125214528388,NA,"NA: current manifest has one chain only; rerun multiple chains for formal R-hat"
"S4A","rep03","kappa_mean",4000,228.408,4000,17.5125214528388,NA,"NA: current manifest has one chain only; rerun multiple chains for formal R-hat"
"S4A","rep04","beta0",4000,225.272,3805.75576752176,16.8940470521048,NA,"NA: current manifest has one chain only; rerun multiple chains for formal R-hat"
"S4A","rep04","beta1",4000,225.272,1613.12090328271,7.16076966193183,NA,"NA: current manifest has one chain only; rerun multiple chains for formal R-hat"
"S4A","rep04","beta2",4000,225.272,1789.06816214649,7.94181328414754,NA,"NA: current manifest has one chain only; rerun multiple chains for formal R-hat"
"S4A","rep04","r_mean",4000,225.272,2882.3566505899,12.7950062617187,NA,"NA: current manifest has one chain only; rerun multiple chains for formal R-hat"
"S4A","rep04","phi_mean",4000,225.272,3937.49558053627,17.4788503699362,NA,"NA: current manifest has one chain only; rerun multiple chains for formal R-hat"
"S4A","rep04","loglik",4000,225.272,3543.2014626766,15.7285479894377,NA,"NA: current manifest has one chain only; rerun multiple chains for formal R-hat"
"S4A","rep04","gamma_common",4000,225.272,NA,NA,NA,"NA: current manifest has one chain only; rerun multiple chains for formal R-hat"
"S4A","rep04","lambda_mean",4000,225.272,4000,17.7563123690472,NA,"NA: current manifest has one chain only; rerun multiple chains for formal R-hat"
"S4A","rep04","kappa_mean",4000,225.272,3975.53093385574,17.6476922735881,NA,"NA: current manifest has one chain only; rerun multiple chains for formal R-hat"
"S4A","rep05","beta0",4000,228.663,3546.06175695129,15.5078073713338,NA,"NA: current manifest has one chain only; rerun multiple chains for formal R-hat"
"S4A","rep05","beta1",4000,228.663,1202.57587682943,5.25916250914851,NA,"NA: current manifest has one chain only; rerun multiple chains for formal R-hat"
"S4A","rep05","beta2",4000,228.663,1872.03414439784,8.18686951714023,NA,"NA: current manifest has one chain only; rerun multiple chains for formal R-hat"
"S4A","rep05","r_mean",4000,228.663,2581.15085117958,11.2880127138172,NA,"NA: current manifest has one chain only; rerun multiple chains for formal R-hat"
"S4A","rep05","phi_mean",4000,228.663,3987.70426871372,17.439219588275,NA,"NA: current manifest has one chain only; rerun multiple chains for formal R-hat"
"S4A","rep05","loglik",4000,228.663,3223.95481092577,14.0991538242994,NA,"NA: current manifest has one chain only; rerun multiple chains for formal R-hat"
"S4A","rep05","gamma_common",4000,228.663,NA,NA,NA,"NA: current manifest has one chain only; rerun multiple chains for formal R-hat"
"S4A","rep05","lambda_mean",4000,228.663,4000,17.492991870132,NA,"NA: current manifest has one chain only; rerun multiple chains for formal R-hat"
"S4A","rep05","kappa_mean",4000,228.663,3675.59109174012,16.0742712714349,NA,"NA: current manifest has one chain only; rerun multiple chains for formal R-hat"
"S4A","rep06","beta0",4000,227.536,3339.14498908737,14.6752381561044,NA,"NA: current manifest has one chain only; rerun multiple chains for formal R-hat"
"S4A","rep06","beta1",4000,227.536,1585.79388941404,6.96941973759778,NA,"NA: current manifest has one chain only; rerun multiple chains for formal R-hat"
"S4A","rep06","beta2",4000,227.536,1560.40487137089,6.85783731528589,NA,"NA: current manifest has one chain only; rerun multiple chains for formal R-hat"
"S4A","rep06","r_mean",4000,227.536,3071.44245391354,13.4987098916811,NA,"NA: current manifest has one chain only; rerun multiple chains for formal R-hat"
"S4A","rep06","phi_mean",4000,227.536,4000,17.5796357499473,NA,"NA: current manifest has one chain only; rerun multiple chains for formal R-hat"
"S4A","rep06","loglik",4000,227.536,3518.41042192335,15.4630934090577,NA,"NA: current manifest has one chain only; rerun multiple chains for formal R-hat"
"S4A","rep06","gamma_common",4000,227.536,NA,NA,NA,"NA: current manifest has one chain only; rerun multiple chains for formal R-hat"
"S4A","rep06","lambda_mean",4000,227.536,3930.27764720312,17.2732123584977,NA,"NA: current manifest has one chain only; rerun multiple chains for formal R-hat"
"S4A","rep06","kappa_mean",4000,227.536,3522.56388488985,15.4813475005707,NA,"NA: current manifest has one chain only; rerun multiple chains for formal R-hat"
"S4A","rep07","beta0",4000,234.775,3508.53574259883,14.9442476524282,NA,"NA: current manifest has one chain only; rerun multiple chains for formal R-hat"
"S4A","rep07","beta1",4000,234.775,1300.8323174307,5.54076165448067,NA,"NA: current manifest has one chain only; rerun multiple chains for formal R-hat"
"S4A","rep07","beta2",4000,234.775,1830.67059526915,7.79755338204302,NA,"NA: current manifest has one chain only; rerun multiple chains for formal R-hat"
"S4A","rep07","r_mean",4000,234.775,2780.3854327555,11.8427661921223,NA,"NA: current manifest has one chain only; rerun multiple chains for formal R-hat"
"S4A","rep07","phi_mean",4000,234.775,3601.01985633669,15.3381742363399,NA,"NA: current manifest has one chain only; rerun multiple chains for formal R-hat"
"S4A","rep07","loglik",4000,234.775,3601.78744248397,15.3414436906995,NA,"NA: current manifest has one chain only; rerun multiple chains for formal R-hat"
"S4A","rep07","gamma_common",4000,234.775,NA,NA,NA,"NA: current manifest has one chain only; rerun multiple chains for formal R-hat"
"S4A","rep07","lambda_mean",4000,234.775,4000,17.0375891811309,NA,"NA: current manifest has one chain only; rerun multiple chains for formal R-hat"
"S4A","rep07","kappa_mean",4000,234.775,3861.89133960702,16.4493295265979,NA,"NA: current manifest has one chain only; rerun multiple chains for formal R-hat"
"S4A","rep08","beta0",4000,234.529,3487.57703561058,14.8705577374678,NA,"NA: current manifest has one chain only; rerun multiple chains for formal R-hat"
"S4A","rep08","beta1",4000,234.529,1247.67913417181,5.31993542023295,NA,"NA: current manifest has one chain only; rerun multiple chains for formal R-hat"
"S4A","rep08","beta2",4000,234.529,1711.11454644542,7.29596146508711,NA,"NA: current manifest has one chain only; rerun multiple chains for formal R-hat"
"S4A","rep08","r_mean",4000,234.529,2672.58779957838,11.3955536397562,NA,"NA: current manifest has one chain only; rerun multiple chains for formal R-hat"
"S4A","rep08","phi_mean",4000,234.529,4000,17.0554600923553,NA,"NA: current manifest has one chain only; rerun multiple chains for formal R-hat"
"S4A","rep08","loglik",4000,234.529,3845.68425500278,16.3974785847498,NA,"NA: current manifest has one chain only; rerun multiple chains for formal R-hat"
"S4A","rep08","gamma_common",4000,234.529,NA,NA,NA,"NA: current manifest has one chain only; rerun multiple chains for formal R-hat"
"S4A","rep08","lambda_mean",4000,234.529,4000,17.0554600923553,NA,"NA: current manifest has one chain only; rerun multiple chains for formal R-hat"
"S4A","rep08","kappa_mean",4000,234.529,4000,17.0554600923553,NA,"NA: current manifest has one chain only; rerun multiple chains for formal R-hat"
"S4A","rep09","beta0",4000,235.339,3318.56911749758,14.1012289399444,NA,"NA: current manifest has one chain only; rerun multiple chains for formal R-hat"
"S4A","rep09","beta1",4000,235.339,1550.1164163159,6.58673834900253,NA,"NA: current manifest has one chain only; rerun multiple chains for formal R-hat"
"S4A","rep09","beta2",4000,235.339,1387.19030986583,5.89443445355777,NA,"NA: current manifest has one chain only; rerun multiple chains for formal R-hat"
"S4A","rep09","r_mean",4000,235.339,2754.82629223925,11.7057788646984,NA,"NA: current manifest has one chain only; rerun multiple chains for formal R-hat"
"S4A","rep09","phi_mean",4000,235.339,4000,16.9967578684366,NA,"NA: current manifest has one chain only; rerun multiple chains for formal R-hat"
"S4A","rep09","loglik",4000,235.339,3218.57215152394,13.6763228853864,NA,"NA: current manifest has one chain only; rerun multiple chains for formal R-hat"
"S4A","rep09","gamma_common",4000,235.339,NA,NA,NA,"NA: current manifest has one chain only; rerun multiple chains for formal R-hat"
"S4A","rep09","lambda_mean",4000,235.339,3579.57543553696,15.2102942374063,NA,"NA: current manifest has one chain only; rerun multiple chains for formal R-hat"
"S4A","rep09","kappa_mean",4000,235.339,3414.71811126393,14.5097842315295,NA,"NA: current manifest has one chain only; rerun multiple chains for formal R-hat"
"S4A","rep10","beta0",4000,238.802,3222.39182451261,13.493990102732,NA,"NA: current manifest has one chain only; rerun multiple chains for formal R-hat"
"S4A","rep10","beta1",4000,238.802,1208.08537845831,5.05894162719872,NA,"NA: current manifest has one chain only; rerun multiple chains for formal R-hat"
"S4A","rep10","beta2",4000,238.802,1643.89256214528,6.88391454906272,NA,"NA: current manifest has one chain only; rerun multiple chains for formal R-hat"
"S4A","rep10","r_mean",4000,238.802,2817.48946549815,11.7984332857269,NA,"NA: current manifest has one chain only; rerun multiple chains for formal R-hat"
"S4A","rep10","phi_mean",4000,238.802,4000,16.7502784733796,NA,"NA: current manifest has one chain only; rerun multiple chains for formal R-hat"
"S4A","rep10","loglik",4000,238.802,3508.05022866027,14.6902045571656,NA,"NA: current manifest has one chain only; rerun multiple chains for formal R-hat"
"S4A","rep10","gamma_common",4000,238.802,NA,NA,NA,"NA: current manifest has one chain only; rerun multiple chains for formal R-hat"
"S4A","rep10","lambda_mean",4000,238.802,3443.61130650602,14.4203620845136,NA,"NA: current manifest has one chain only; rerun multiple chains for formal R-hat"
"S4A","rep10","kappa_mean",4000,238.802,3762.80742595341,15.7570180566051,NA,"NA: current manifest has one chain only; rerun multiple chains for formal R-hat"
"S4B","rep01","beta0",1000,34.6590000000142,976.644178308742,28.1786600394801,NA,"NA: current manifest has one chain only; rerun multiple chains for formal R-hat"
"S4B","rep01","beta1",1000,34.6590000000142,338.678039976568,9.77171989891312,NA,"NA: current manifest has one chain only; rerun multiple chains for formal R-hat"
"S4B","rep01","beta2",1000,34.6590000000142,400.575399542473,11.5576156133272,NA,"NA: current manifest has one chain only; rerun multiple chains for formal R-hat"
"S4B","rep01","r_mean",1000,34.6590000000142,764.506005612129,22.057936051583,NA,"NA: current manifest has one chain only; rerun multiple chains for formal R-hat"
"S4B","rep01","phi_mean",1000,34.6590000000142,1000,28.8525346951611,NA,"NA: current manifest has one chain only; rerun multiple chains for formal R-hat"
"S4B","rep01","loglik",1000,34.6590000000142,805.04008058906,23.2274468561912,NA,"NA: current manifest has one chain only; rerun multiple chains for formal R-hat"
"S4B","rep01","gamma_common",1000,34.6590000000142,NA,NA,NA,"NA: current manifest has one chain only; rerun multiple chains for formal R-hat"
"S4B","rep01","lambda_mean",1000,34.6590000000142,1000,28.8525346951611,NA,"NA: current manifest has one chain only; rerun multiple chains for formal R-hat"
"S4B","rep01","kappa_mean",1000,34.6590000000142,950.11390883652,27.4131945190609,NA,"NA: current manifest has one chain only; rerun multiple chains for formal R-hat"
"S4B","rep02","beta0",4000,230.723999999987,4000,17.3367313326755,NA,"NA: current manifest has one chain only; rerun multiple chains for formal R-hat"
"S4B","rep02","beta1",4000,230.723999999987,1652.3946388867,7.16178047748302,NA,"NA: current manifest has one chain only; rerun multiple chains for formal R-hat"
"S4B","rep02","beta2",4000,230.723999999987,1978.15817116366,8.57369918675027,NA,"NA: current manifest has one chain only; rerun multiple chains for formal R-hat"
"S4B","rep02","r_mean",4000,230.723999999987,2804.63759654871,12.1558121242214,NA,"NA: current manifest has one chain only; rerun multiple chains for formal R-hat"
"S4B","rep02","phi_mean",4000,230.723999999987,4000,17.3367313326755,NA,"NA: current manifest has one chain only; rerun multiple chains for formal R-hat"
"S4B","rep02","loglik",4000,230.723999999987,3358.22096097209,14.5551436390331,NA,"NA: current manifest has one chain only; rerun multiple chains for formal R-hat"
"S4B","rep02","gamma_common",4000,230.723999999987,NA,NA,NA,"NA: current manifest has one chain only; rerun multiple chains for formal R-hat"
"S4B","rep02","lambda_mean",4000,230.723999999987,3921.9035045335,16.9982468426939,NA,"NA: current manifest has one chain only; rerun multiple chains for formal R-hat"
"S4B","rep02","kappa_mean",4000,230.723999999987,4000,17.3367313326755,NA,"NA: current manifest has one chain only; rerun multiple chains for formal R-hat"
"S4B","rep03","beta0",4000,230.049999999988,3319.66344380201,14.4301823247215,NA,"NA: current manifest has one chain only; rerun multiple chains for formal R-hat"
"S4B","rep03","beta1",4000,230.049999999988,1340.40527299536,5.82658236468343,NA,"NA: current manifest has one chain only; rerun multiple chains for formal R-hat"
"S4B","rep03","beta2",4000,230.049999999988,1640.03925109777,7.12905564485048,NA,"NA: current manifest has one chain only; rerun multiple chains for formal R-hat"
"S4B","rep03","r_mean",4000,230.049999999988,2601.85399736143,11.3099499993982,NA,"NA: current manifest has one chain only; rerun multiple chains for formal R-hat"
"S4B","rep03","phi_mean",4000,230.049999999988,3724.93906708367,16.1918672770435,NA,"NA: current manifest has one chain only; rerun multiple chains for formal R-hat"
"S4B","rep03","loglik",4000,230.049999999988,3511.51884754774,15.2641549556528,NA,"NA: current manifest has one chain only; rerun multiple chains for formal R-hat"
"S4B","rep03","gamma_common",4000,230.049999999988,NA,NA,NA,"NA: current manifest has one chain only; rerun multiple chains for formal R-hat"
"S4B","rep03","lambda_mean",4000,230.049999999988,3780.60546125482,16.4338424744839,NA,"NA: current manifest has one chain only; rerun multiple chains for formal R-hat"
"S4B","rep03","kappa_mean",4000,230.049999999988,3883.99369148923,16.8832588197758,NA,"NA: current manifest has one chain only; rerun multiple chains for formal R-hat"
"S4B","rep04","beta0",4000,232.253999999986,3539.53312109494,15.23992319226,NA,"NA: current manifest has one chain only; rerun multiple chains for formal R-hat"
"S4B","rep04","beta1",4000,232.253999999986,1418.32528841366,6.10678519385563,NA,"NA: current manifest has one chain only; rerun multiple chains for formal R-hat"
"S4B","rep04","beta2",4000,232.253999999986,1463.55938546592,6.30154652004275,NA,"NA: current manifest has one chain only; rerun multiple chains for formal R-hat"
"S4B","rep04","r_mean",4000,232.253999999986,2830.15318754762,12.1855950276326,NA,"NA: current manifest has one chain only; rerun multiple chains for formal R-hat"
"S4B","rep04","phi_mean",4000,232.253999999986,4000,17.2225236163865,NA,"NA: current manifest has one chain only; rerun multiple chains for formal R-hat"
"S4B","rep04","loglik",4000,232.253999999986,3658.11381296223,15.750487883793,NA,"NA: current manifest has one chain only; rerun multiple chains for formal R-hat"
"S4B","rep04","gamma_common",4000,232.253999999986,NA,NA,NA,"NA: current manifest has one chain only; rerun multiple chains for formal R-hat"
"S4B","rep04","lambda_mean",4000,232.253999999986,4000,17.2225236163865,NA,"NA: current manifest has one chain only; rerun multiple chains for formal R-hat"
"S4B","rep04","kappa_mean",4000,232.253999999986,3873.05830922578,16.6759595495708,NA,"NA: current manifest has one chain only; rerun multiple chains for formal R-hat"
"S4B","rep05","beta0",4000,228.680999999982,3526.82012171319,15.4224448979734,NA,"NA: current manifest has one chain only; rerun multiple chains for formal R-hat"
"S4B","rep05","beta1",4000,228.680999999982,1493.84084829348,6.53242223137733,NA,"NA: current manifest has one chain only; rerun multiple chains for formal R-hat"
"S4B","rep05","beta2",4000,228.680999999982,1964.77988171621,8.59179329159994,NA,"NA: current manifest has one chain only; rerun multiple chains for formal R-hat"
"S4B","rep05","r_mean",4000,228.680999999982,2834.21718434926,12.3937589233451,NA,"NA: current manifest has one chain only; rerun multiple chains for formal R-hat"
"S4B","rep05","phi_mean",4000,228.680999999982,3741.76819535562,16.3623921329534,NA,"NA: current manifest has one chain only; rerun multiple chains for formal R-hat"
"S4B","rep05","loglik",4000,228.680999999982,3632.91190478947,15.8863740528936,NA,"NA: current manifest has one chain only; rerun multiple chains for formal R-hat"
"S4B","rep05","gamma_common",4000,228.680999999982,NA,NA,NA,"NA: current manifest has one chain only; rerun multiple chains for formal R-hat"
"S4B","rep05","lambda_mean",4000,228.680999999982,3776.42330159302,16.5139355766037,NA,"NA: current manifest has one chain only; rerun multiple chains for formal R-hat"
"S4B","rep05","kappa_mean",4000,228.680999999982,3885.75005632581,16.992010951177,NA,"NA: current manifest has one chain only; rerun multiple chains for formal R-hat"
"S4B","rep06","beta0",4000,227.334000000003,3967.71181788805,17.4532266088135,NA,"NA: current manifest has one chain only; rerun multiple chains for formal R-hat"
"S4B","rep06","beta1",4000,227.334000000003,1700.29894109055,7.47929892180901,NA,"NA: current manifest has one chain only; rerun multiple chains for formal R-hat"
"S4B","rep06","beta2",4000,227.334000000003,1166.68715963185,5.13203990442184,NA,"NA: current manifest has one chain only; rerun multiple chains for formal R-hat"
"S4B","rep06","r_mean",4000,227.334000000003,2849.41307175561,12.5340383389883,NA,"NA: current manifest has one chain only; rerun multiple chains for formal R-hat"
"S4B","rep06","phi_mean",4000,227.334000000003,3963.45122674099,17.4344850604879,NA,"NA: current manifest has one chain only; rerun multiple chains for formal R-hat"
"S4B","rep06","loglik",4000,227.334000000003,3508.33149588678,15.4324979804461,NA,"NA: current manifest has one chain only; rerun multiple chains for formal R-hat"
"S4B","rep06","gamma_common",4000,227.334000000003,NA,NA,NA,"NA: current manifest has one chain only; rerun multiple chains for formal R-hat"
"S4B","rep06","lambda_mean",4000,227.334000000003,3729.03224335181,16.4033195358009,NA,"NA: current manifest has one chain only; rerun multiple chains for formal R-hat"
"S4B","rep06","kappa_mean",4000,227.334000000003,3902.37946187823,17.165841721336,NA,"NA: current manifest has one chain only; rerun multiple chains for formal R-hat"
"S4B","rep07","beta0",4000,229.141000000003,3666.41913209202,16.0007119288646,NA,"NA: current manifest has one chain only; rerun multiple chains for formal R-hat"
"S4B","rep07","beta1",4000,229.141000000003,1352.66750354069,5.90321026590906,NA,"NA: current manifest has one chain only; rerun multiple chains for formal R-hat"
"S4B","rep07","beta2",4000,229.141000000003,1895.75126879602,8.27329578205558,NA,"NA: current manifest has one chain only; rerun multiple chains for formal R-hat"
"S4B","rep07","r_mean",4000,229.141000000003,2888.51462955379,12.6058393284212,NA,"NA: current manifest has one chain only; rerun multiple chains for formal R-hat"
"S4B","rep07","phi_mean",4000,229.141000000003,4000,17.4565005826105,NA,"NA: current manifest has one chain only; rerun multiple chains for formal R-hat"
"S4B","rep07","loglik",4000,229.141000000003,3723.20037792399,16.2485123916014,NA,"NA: current manifest has one chain only; rerun multiple chains for formal R-hat"
"S4B","rep07","gamma_common",4000,229.141000000003,NA,NA,NA,"NA: current manifest has one chain only; rerun multiple chains for formal R-hat"
"S4B","rep07","lambda_mean",4000,229.141000000003,3790.99417393037,16.5443730014721,NA,"NA: current manifest has one chain only; rerun multiple chains for formal R-hat"
"S4B","rep07","kappa_mean",4000,229.141000000003,4000,17.4565005826105,NA,"NA: current manifest has one chain only; rerun multiple chains for formal R-hat"
"S4B","rep08","beta0",4000,228.765000000014,3771.23071736383,16.4851735071519,NA,"NA: current manifest has one chain only; rerun multiple chains for formal R-hat"
"S4B","rep08","beta1",4000,228.765000000014,1456.7423005855,6.36785478803755,NA,"NA: current manifest has one chain only; rerun multiple chains for formal R-hat"
"S4B","rep08","beta2",4000,228.765000000014,1925.94201746995,8.41886659877968,NA,"NA: current manifest has one chain only; rerun multiple chains for formal R-hat"
"S4B","rep08","r_mean",4000,228.765000000014,2460.97256703643,10.7576446005127,NA,"NA: current manifest has one chain only; rerun multiple chains for formal R-hat"
"S4B","rep08","phi_mean",4000,228.765000000014,4000,17.485192227831,NA,"NA: current manifest has one chain only; rerun multiple chains for formal R-hat"
"S4B","rep08","loglik",4000,228.765000000014,3772.71817445575,16.4916756254476,NA,"NA: current manifest has one chain only; rerun multiple chains for formal R-hat"
"S4B","rep08","gamma_common",4000,228.765000000014,NA,NA,NA,"NA: current manifest has one chain only; rerun multiple chains for formal R-hat"
"S4B","rep08","lambda_mean",4000,228.765000000014,4000,17.485192227831,NA,"NA: current manifest has one chain only; rerun multiple chains for formal R-hat"
"S4B","rep08","kappa_mean",4000,228.765000000014,4000,17.485192227831,NA,"NA: current manifest has one chain only; rerun multiple chains for formal R-hat"
"S4B","rep09","beta0",4000,229.402000000002,3530.01517800851,15.3879006199095,NA,"NA: current manifest has one chain only; rerun multiple chains for formal R-hat"
"S4B","rep09","beta1",4000,229.402000000002,1635.78556610206,7.13065084917328,NA,"NA: current manifest has one chain only; rerun multiple chains for formal R-hat"
"S4B","rep09","beta2",4000,229.402000000002,1676.17780492717,7.3067270770401,NA,"NA: current manifest has one chain only; rerun multiple chains for formal R-hat"
"S4B","rep09","r_mean",4000,229.402000000002,2716.62164341603,11.8421881387957,NA,"NA: current manifest has one chain only; rerun multiple chains for formal R-hat"
"S4B","rep09","phi_mean",4000,229.402000000002,3941.62778093251,17.1821857740232,NA,"NA: current manifest has one chain only; rerun multiple chains for formal R-hat"
"S4B","rep09","loglik",4000,229.402000000002,3169.50010794656,13.8163577821751,NA,"NA: current manifest has one chain only; rerun multiple chains for formal R-hat"
"S4B","rep09","gamma_common",4000,229.402000000002,NA,NA,NA,"NA: current manifest has one chain only; rerun multiple chains for formal R-hat"
"S4B","rep09","lambda_mean",4000,229.402000000002,3653.46700631047,15.9260468797588,NA,"NA: current manifest has one chain only; rerun multiple chains for formal R-hat"
"S4B","rep09","kappa_mean",4000,229.402000000002,4000,17.4366396108141,NA,"NA: current manifest has one chain only; rerun multiple chains for formal R-hat"
"S4B","rep10","beta0",4000,235.526000000013,3373.04034388595,14.3213078126652,NA,"NA: current manifest has one chain only; rerun multiple chains for formal R-hat"
"S4B","rep10","beta1",4000,235.526000000013,1173.27384484602,4.9815045678437,NA,"NA: current manifest has one chain only; rerun multiple chains for formal R-hat"
"S4B","rep10","beta2",4000,235.526000000013,1395.995783537,5.92714088269205,NA,"NA: current manifest has one chain only; rerun multiple chains for formal R-hat"
"S4B","rep10","r_mean",4000,235.526000000013,2607.09356450099,11.0692389141787,NA,"NA: current manifest has one chain only; rerun multiple chains for formal R-hat"
"S4B","rep10","phi_mean",4000,235.526000000013,3914.41513130528,16.619885410974,NA,"NA: current manifest has one chain only; rerun multiple chains for formal R-hat"
"S4B","rep10","loglik",4000,235.526000000013,3622.61506546194,15.3809560959798,NA,"NA: current manifest has one chain only; rerun multiple chains for formal R-hat"
"S4B","rep10","gamma_common",4000,235.526000000013,NA,NA,NA,"NA: current manifest has one chain only; rerun multiple chains for formal R-hat"
"S4B","rep10","lambda_mean",4000,235.526000000013,3977.76404002248,16.8888532052609,NA,"NA: current manifest has one chain only; rerun multiple chains for formal R-hat"
"S4B","rep10","kappa_mean",4000,235.526000000013,3858.44214372958,16.3822344188301,NA,"NA: current manifest has one chain only; rerun multiple chains for formal R-hat"
"S4C","rep01","beta0",1000,33.3600000000151,856.359163519607,25.6702387146049,NA,"NA: current manifest has one chain only; rerun multiple chains for formal R-hat"
"S4C","rep01","beta1",1000,33.3600000000151,318.974131486492,9.56157468484253,NA,"NA: current manifest has one chain only; rerun multiple chains for formal R-hat"
"S4C","rep01","beta2",1000,33.3600000000151,516.72378572734,15.4893221141219,NA,"NA: current manifest has one chain only; rerun multiple chains for formal R-hat"
"S4C","rep01","r_mean",1000,33.3600000000151,629.209008697296,18.8611813158576,NA,"NA: current manifest has one chain only; rerun multiple chains for formal R-hat"
"S4C","rep01","phi_mean",1000,33.3600000000151,1000,29.9760191846387,NA,"NA: current manifest has one chain only; rerun multiple chains for formal R-hat"
"S4C","rep01","loglik",1000,33.3600000000151,975.232988430138,29.2336027706743,NA,"NA: current manifest has one chain only; rerun multiple chains for formal R-hat"
"S4C","rep01","gamma_common",1000,33.3600000000151,NA,NA,NA,"NA: current manifest has one chain only; rerun multiple chains for formal R-hat"
"S4C","rep01","lambda_mean",1000,33.3600000000151,452.079470016883,13.5515428662074,NA,"NA: current manifest has one chain only; rerun multiple chains for formal R-hat"
"S4C","rep01","kappa_mean",1000,33.3600000000151,833.432687025677,24.9829942153867,NA,"NA: current manifest has one chain only; rerun multiple chains for formal R-hat"
"S4C","rep02","beta0",4000,213.755999999994,3143.91610271204,14.707966572691,NA,"NA: current manifest has one chain only; rerun multiple chains for formal R-hat"
"S4C","rep02","beta1",4000,213.755999999994,1722.30424673286,8.05733755652663,NA,"NA: current manifest has one chain only; rerun multiple chains for formal R-hat"
"S4C","rep02","beta2",4000,213.755999999994,1761.98371465507,8.2429672835154,NA,"NA: current manifest has one chain only; rerun multiple chains for formal R-hat"
"S4C","rep02","r_mean",4000,213.755999999994,2600.99190101765,12.1680416035935,NA,"NA: current manifest has one chain only; rerun multiple chains for formal R-hat"
"S4C","rep02","phi_mean",4000,213.755999999994,4000,18.71292501731,NA,"NA: current manifest has one chain only; rerun multiple chains for formal R-hat"
"S4C","rep02","loglik",4000,213.755999999994,3774.69968175194,17.658918026872,NA,"NA: current manifest has one chain only; rerun multiple chains for formal R-hat"
"S4C","rep02","gamma_common",4000,213.755999999994,NA,NA,NA,"NA: current manifest has one chain only; rerun multiple chains for formal R-hat"
"S4C","rep02","lambda_mean",4000,213.755999999994,409.981038528229,1.91798610812441,NA,"NA: current manifest has one chain only; rerun multiple chains for formal R-hat"
"S4C","rep02","kappa_mean",4000,213.755999999994,3107.5445408763,14.5378119953423,NA,"NA: current manifest has one chain only; rerun multiple chains for formal R-hat"
"S4C","rep03","beta0",4000,212.426000000007,3132.09142894092,14.744388299647,NA,"NA: current manifest has one chain only; rerun multiple chains for formal R-hat"
"S4C","rep03","beta1",4000,212.426000000007,1773.82834500368,8.35033538739903,NA,"NA: current manifest has one chain only; rerun multiple chains for formal R-hat"
"S4C","rep03","beta2",4000,212.426000000007,1439.55375380475,6.7767305028796,NA,"NA: current manifest has one chain only; rerun multiple chains for formal R-hat"
"S4C","rep03","r_mean",4000,212.426000000007,2560.06373452033,12.0515555276673,NA,"NA: current manifest has one chain only; rerun multiple chains for formal R-hat"
"S4C","rep03","phi_mean",4000,212.426000000007,3879.71847207693,18.2638588123714,NA,"NA: current manifest has one chain only; rerun multiple chains for formal R-hat"
"S4C","rep03","loglik",4000,212.426000000007,4000,18.8300867125487,NA,"NA: current manifest has one chain only; rerun multiple chains for formal R-hat"
"S4C","rep03","gamma_common",4000,212.426000000007,NA,NA,NA,"NA: current manifest has one chain only; rerun multiple chains for formal R-hat"
"S4C","rep03","lambda_mean",4000,212.426000000007,606.058009654506,2.85303121865726,NA,"NA: current manifest has one chain only; rerun multiple chains for formal R-hat"
"S4C","rep03","kappa_mean",4000,212.426000000007,3155.50851436032,14.8546247368977,NA,"NA: current manifest has one chain only; rerun multiple chains for formal R-hat"
"S4C","rep04","beta0",4000,215.245000000024,3640.62737349743,16.913876621975,NA,"NA: current manifest has one chain only; rerun multiple chains for formal R-hat"
"S4C","rep04","beta1",4000,215.245000000024,1632.247275994,7.58320646702046,NA,"NA: current manifest has one chain only; rerun multiple chains for formal R-hat"
"S4C","rep04","beta2",4000,215.245000000024,1590.50564488598,7.38928033118448,NA,"NA: current manifest has one chain only; rerun multiple chains for formal R-hat"
"S4C","rep04","r_mean",4000,215.245000000024,2936.84125275057,13.6441787393446,NA,"NA: current manifest has one chain only; rerun multiple chains for formal R-hat"
"S4C","rep04","phi_mean",4000,215.245000000024,4000,18.5834746451697,NA,"NA: current manifest has one chain only; rerun multiple chains for formal R-hat"
"S4C","rep04","loglik",4000,215.245000000024,3919.40340855837,18.209033466784,NA,"NA: current manifest has one chain only; rerun multiple chains for formal R-hat"
"S4C","rep04","gamma_common",4000,215.245000000024,NA,NA,NA,"NA: current manifest has one chain only; rerun multiple chains for formal R-hat"
"S4C","rep04","lambda_mean",4000,215.245000000024,1818.74649040453,8.44965732260599,NA,"NA: current manifest has one chain only; rerun multiple chains for formal R-hat"
"S4C","rep04","kappa_mean",4000,215.245000000024,3743.4211165561,17.3914428514283,NA,"NA: current manifest has one chain only; rerun multiple chains for formal R-hat"
"S4C","rep05","beta0",4000,212.46100000001,3219.86859485098,15.1551042066583,NA,"NA: current manifest has one chain only; rerun multiple chains for formal R-hat"
"S4C","rep05","beta1",4000,212.46100000001,1382.60554719948,6.50757337675816,NA,"NA: current manifest has one chain only; rerun multiple chains for formal R-hat"
"S4C","rep05","beta2",4000,212.46100000001,1885.2402213403,8.87334720885344,NA,"NA: current manifest has one chain only; rerun multiple chains for formal R-hat"
"S4C","rep05","r_mean",4000,212.46100000001,2939.9654937791,13.8376713551144,NA,"NA: current manifest has one chain only; rerun multiple chains for formal R-hat"
"S4C","rep05","phi_mean",4000,212.46100000001,3925.40604554409,18.4758899070601,NA,"NA: current manifest has one chain only; rerun multiple chains for formal R-hat"
"S4C","rep05","loglik",4000,212.46100000001,4000,18.8269847171942,NA,"NA: current manifest has one chain only; rerun multiple chains for formal R-hat"
"S4C","rep05","gamma_common",4000,212.46100000001,NA,NA,NA,"NA: current manifest has one chain only; rerun multiple chains for formal R-hat"
"S4C","rep05","lambda_mean",4000,212.46100000001,541.206060217973,2.54731955614417,NA,"NA: current manifest has one chain only; rerun multiple chains for formal R-hat"
"S4C","rep05","kappa_mean",4000,212.46100000001,3241.3132718877,15.2560388583671,NA,"NA: current manifest has one chain only; rerun multiple chains for formal R-hat"
"S4C","rep06","beta0",4000,213.555999999982,3535.46162378351,16.5551968747486,NA,"NA: current manifest has one chain only; rerun multiple chains for formal R-hat"
"S4C","rep06","beta1",4000,213.555999999982,1728.12532184251,8.09214127368304,NA,"NA: current manifest has one chain only; rerun multiple chains for formal R-hat"
"S4C","rep06","beta2",4000,213.555999999982,1960.14805066395,9.17861380932454,NA,"NA: current manifest has one chain only; rerun multiple chains for formal R-hat"
"S4C","rep06","r_mean",4000,213.555999999982,2872.85815619063,13.4524815794961,NA,"NA: current manifest has one chain only; rerun multiple chains for formal R-hat"
"S4C","rep06","phi_mean",4000,213.555999999982,3868.31794879415,18.1138340706628,NA,"NA: current manifest has one chain only; rerun multiple chains for formal R-hat"
"S4C","rep06","loglik",4000,213.555999999982,3854.53416289238,18.0492899421824,NA,"NA: current manifest has one chain only; rerun multiple chains for formal R-hat"
"S4C","rep06","gamma_common",4000,213.555999999982,NA,NA,NA,"NA: current manifest has one chain only; rerun multiple chains for formal R-hat"
"S4C","rep06","lambda_mean",4000,213.555999999982,567.309266761487,2.65648947705302,NA,"NA: current manifest has one chain only; rerun multiple chains for formal R-hat"
"S4C","rep06","kappa_mean",4000,213.555999999982,3559.3874554204,16.667232273599,NA,"NA: current manifest has one chain only; rerun multiple chains for formal R-hat"
"S4C","rep07","beta0",4000,215.767999999982,3407.37365953209,15.7918396589502,NA,"NA: current manifest has one chain only; rerun multiple chains for formal R-hat"
"S4C","rep07","beta1",4000,215.767999999982,1546.63045289507,7.16802516079865,NA,"NA: current manifest has one chain only; rerun multiple chains for formal R-hat"
"S4C","rep07","beta2",4000,215.767999999982,1804.98524841894,8.36539824449913,NA,"NA: current manifest has one chain only; rerun multiple chains for formal R-hat"
"S4C","rep07","r_mean",4000,215.767999999982,2489.71573978553,11.5388553436364,NA,"NA: current manifest has one chain only; rerun multiple chains for formal R-hat"
"S4C","rep07","phi_mean",4000,215.767999999982,4000,18.5384301657351,NA,"NA: current manifest has one chain only; rerun multiple chains for formal R-hat"
"S4C","rep07","loglik",4000,215.767999999982,3817.21308769699,17.6912845635002,NA,"NA: current manifest has one chain only; rerun multiple chains for formal R-hat"
"S4C","rep07","gamma_common",4000,215.767999999982,NA,NA,NA,"NA: current manifest has one chain only; rerun multiple chains for formal R-hat"
"S4C","rep07","lambda_mean",4000,215.767999999982,864.10046534018,4.00476653322204,NA,"NA: current manifest has one chain only; rerun multiple chains for formal R-hat"
"S4C","rep07","kappa_mean",4000,215.767999999982,3071.32319827964,14.2343776569273,NA,"NA: current manifest has one chain only; rerun multiple chains for formal R-hat"
"S4C","rep08","beta0",4000,214.478999999992,3462.83087717326,16.1453143532625,NA,"NA: current manifest has one chain only; rerun multiple chains for formal R-hat"
"S4C","rep08","beta1",4000,214.478999999992,1531.31751892843,7.13970840468523,NA,"NA: current manifest has one chain only; rerun multiple chains for formal R-hat"
"S4C","rep08","beta2",4000,214.478999999992,2145.2230771453,10.0020192053552,NA,"NA: current manifest has one chain only; rerun multiple chains for formal R-hat"
"S4C","rep08","r_mean",4000,214.478999999992,2840.46253446391,13.2435461488725,NA,"NA: current manifest has one chain only; rerun multiple chains for formal R-hat"
"S4C","rep08","phi_mean",4000,214.478999999992,3887.3390053534,18.1245669988835,NA,"NA: current manifest has one chain only; rerun multiple chains for formal R-hat"
"S4C","rep08","loglik",4000,214.478999999992,4000,18.6498445069221,NA,"NA: current manifest has one chain only; rerun multiple chains for formal R-hat"
"S4C","rep08","gamma_common",4000,214.478999999992,NA,NA,NA,"NA: current manifest has one chain only; rerun multiple chains for formal R-hat"
"S4C","rep08","lambda_mean",4000,214.478999999992,1199.53768106113,5.59279780799602,NA,"NA: current manifest has one chain only; rerun multiple chains for formal R-hat"
"S4C","rep08","kappa_mean",4000,214.478999999992,3377.03542623758,15.7452963984246,NA,"NA: current manifest has one chain only; rerun multiple chains for formal R-hat"
"S4C","rep09","beta0",4000,212.312000000005,3671.00116513004,17.2905966932154,NA,"NA: current manifest has one chain only; rerun multiple chains for formal R-hat"
"S4C","rep09","beta1",4000,212.312000000005,1668.8224066342,7.86023591051922,NA,"NA: current manifest has one chain only; rerun multiple chains for formal R-hat"
"S4C","rep09","beta2",4000,212.312000000005,1708.97254090276,8.04934502478765,NA,"NA: current manifest has one chain only; rerun multiple chains for formal R-hat"
"S4C","rep09","r_mean",4000,212.312000000005,2806.17281103456,13.217212456359,NA,"NA: current manifest has one chain only; rerun multiple chains for formal R-hat"
"S4C","rep09","phi_mean",4000,212.312000000005,3883.21006238134,18.2901110741797,NA,"NA: current manifest has one chain only; rerun multiple chains for formal R-hat"
"S4C","rep09","loglik",4000,212.312000000005,3972.16188335801,18.7090785417589,NA,"NA: current manifest has one chain only; rerun multiple chains for formal R-hat"
"S4C","rep09","gamma_common",4000,212.312000000005,NA,NA,NA,"NA: current manifest has one chain only; rerun multiple chains for formal R-hat"
"S4C","rep09","lambda_mean",4000,212.312000000005,483.155765354281,2.27568750402365,NA,"NA: current manifest has one chain only; rerun multiple chains for formal R-hat"
"S4C","rep09","kappa_mean",4000,212.312000000005,3746.01642233246,17.6439222574907,NA,"NA: current manifest has one chain only; rerun multiple chains for formal R-hat"
"S4C","rep10","beta0",4000,214.005000000005,3746.67404117084,17.5074135705743,NA,"NA: current manifest has one chain only; rerun multiple chains for formal R-hat"
"S4C","rep10","beta1",4000,214.005000000005,1438.58085084531,6.72218336415167,NA,"NA: current manifest has one chain only; rerun multiple chains for formal R-hat"
"S4C","rep10","beta2",4000,214.005000000005,1748.34712309609,8.16965548980655,NA,"NA: current manifest has one chain only; rerun multiple chains for formal R-hat"
"S4C","rep10","r_mean",4000,214.005000000005,2519.06708534513,11.771066495386,NA,"NA: current manifest has one chain only; rerun multiple chains for formal R-hat"
"S4C","rep10","phi_mean",4000,214.005000000005,3818.97494972796,17.8452603898408,NA,"NA: current manifest has one chain only; rerun multiple chains for formal R-hat"
"S4C","rep10","loglik",4000,214.005000000005,4000,18.6911520758857,NA,"NA: current manifest has one chain only; rerun multiple chains for formal R-hat"
"S4C","rep10","gamma_common",4000,214.005000000005,NA,NA,NA,"NA: current manifest has one chain only; rerun multiple chains for formal R-hat"
"S4C","rep10","lambda_mean",4000,214.005000000005,705.472649601419,3.29652414476953,NA,"NA: current manifest has one chain only; rerun multiple chains for formal R-hat"
"S4C","rep10","kappa_mean",4000,214.005000000005,3722.39000054083,17.3939393964662,NA,"NA: current manifest has one chain only; rerun multiple chains for formal R-hat"
"S4D","rep01","beta0",4000,116.819000000134,3574.35180117825,30.5973497562395,NA,"NA: current manifest has one chain only; rerun multiple chains for formal R-hat"
"S4D","rep01","beta1",4000,116.819000000134,1373.22999066349,11.7551938525575,NA,"NA: current manifest has one chain only; rerun multiple chains for formal R-hat"
"S4D","rep01","beta2",4000,116.819000000134,1697.56556317847,14.5315878682108,NA,"NA: current manifest has one chain only; rerun multiple chains for formal R-hat"
"S4D","rep01","r_mean",4000,116.819000000134,2286.59710907586,19.5738459417837,NA,"NA: current manifest has one chain only; rerun multiple chains for formal R-hat"
"S4D","rep01","phi_mean",4000,116.819000000134,4000,34.2410053158768,NA,"NA: current manifest has one chain only; rerun multiple chains for formal R-hat"
"S4D","rep01","loglik",4000,116.819000000134,4000,34.2410053158768,NA,"NA: current manifest has one chain only; rerun multiple chains for formal R-hat"
"S4D","rep01","gamma_common",4000,116.819000000134,NA,NA,NA,"NA: current manifest has one chain only; rerun multiple chains for formal R-hat"
"S4D","rep01","lambda_mean",4000,116.819000000134,3337.38629800814,28.5688654928077,NA,"NA: current manifest has one chain only; rerun multiple chains for formal R-hat"
"S4D","rep01","kappa_mean",4000,116.819000000134,3426.65322514735,29.3330128244842,NA,"NA: current manifest has one chain only; rerun multiple chains for formal R-hat"
"S4D","rep02","beta0",4000,116.674999999814,3191.50893448398,27.3538370215477,NA,"NA: current manifest has one chain only; rerun multiple chains for formal R-hat"
"S4D","rep02","beta1",4000,116.674999999814,1422.31194199896,12.1903744761194,NA,"NA: current manifest has one chain only; rerun multiple chains for formal R-hat"
"S4D","rep02","beta2",4000,116.674999999814,1804.42843280892,15.4654247509047,NA,"NA: current manifest has one chain only; rerun multiple chains for formal R-hat"
"S4D","rep02","r_mean",4000,116.674999999814,2826.85532934421,24.2284579331367,NA,"NA: current manifest has one chain only; rerun multiple chains for formal R-hat"
"S4D","rep02","phi_mean",4000,116.674999999814,4000,34.2832654810918,NA,"NA: current manifest has one chain only; rerun multiple chains for formal R-hat"
"S4D","rep02","loglik",4000,116.674999999814,3539.57822926789,30.337075031271,NA,"NA: current manifest has one chain only; rerun multiple chains for formal R-hat"
"S4D","rep02","gamma_common",4000,116.674999999814,NA,NA,NA,"NA: current manifest has one chain only; rerun multiple chains for formal R-hat"
"S4D","rep02","lambda_mean",4000,116.674999999814,3123.40790473829,26.7701556009709,NA,"NA: current manifest has one chain only; rerun multiple chains for formal R-hat"
"S4D","rep02","kappa_mean",4000,116.674999999814,3061.46666927413,26.2392686460597,NA,"NA: current manifest has one chain only; rerun multiple chains for formal R-hat"
"S4D","rep03","beta0",4000,116.680999999866,3300.74138074391,28.2885935220619,NA,"NA: current manifest has one chain only; rerun multiple chains for formal R-hat"
"S4D","rep03","beta1",4000,116.680999999866,1450.40163203595,12.4304868147995,NA,"NA: current manifest has one chain only; rerun multiple chains for formal R-hat"
"S4D","rep03","beta2",4000,116.680999999866,1766.48931939551,15.1394770305151,NA,"NA: current manifest has one chain only; rerun multiple chains for formal R-hat"
"S4D","rep03","r_mean",4000,116.680999999866,2884.12521556905,24.7180364889945,NA,"NA: current manifest has one chain only; rerun multiple chains for formal R-hat"
"S4D","rep03","phi_mean",4000,116.680999999866,3427.51256857678,29.3750702220646,NA,"NA: current manifest has one chain only; rerun multiple chains for formal R-hat"
"S4D","rep03","loglik",4000,116.680999999866,3859.85581961455,33.080414288693,NA,"NA: current manifest has one chain only; rerun multiple chains for formal R-hat"
"S4D","rep03","gamma_common",4000,116.680999999866,NA,NA,NA,"NA: current manifest has one chain only; rerun multiple chains for formal R-hat"
"S4D","rep03","lambda_mean",4000,116.680999999866,2514.08440366007,21.5466477289615,NA,"NA: current manifest has one chain only; rerun multiple chains for formal R-hat"
"S4D","rep03","kappa_mean",4000,116.680999999866,3301.50539114855,28.2951413782222,NA,"NA: current manifest has one chain only; rerun multiple chains for formal R-hat"
"S4D","rep04","beta0",4000,118.546999999788,2550.51195294726,21.514774333824,NA,"NA: current manifest has one chain only; rerun multiple chains for formal R-hat"
"S4D","rep04","beta1",4000,118.546999999788,1445.15918985977,12.1906011106342,NA,"NA: current manifest has one chain only; rerun multiple chains for formal R-hat"
"S4D","rep04","beta2",4000,118.546999999788,1798.0896603363,15.167736512434,NA,"NA: current manifest has one chain only; rerun multiple chains for formal R-hat"
"S4D","rep04","r_mean",4000,118.546999999788,2547.10690450473,21.4860511401325,NA,"NA: current manifest has one chain only; rerun multiple chains for formal R-hat"
"S4D","rep04","phi_mean",4000,118.546999999788,4000,33.741891401783,NA,"NA: current manifest has one chain only; rerun multiple chains for formal R-hat"
"S4D","rep04","loglik",4000,118.546999999788,4000,33.741891401783,NA,"NA: current manifest has one chain only; rerun multiple chains for formal R-hat"
"S4D","rep04","gamma_common",4000,118.546999999788,NA,NA,NA,"NA: current manifest has one chain only; rerun multiple chains for formal R-hat"
"S4D","rep04","lambda_mean",4000,118.546999999788,3128.10588703632,26.3870522834144,NA,"NA: current manifest has one chain only; rerun multiple chains for formal R-hat"
"S4D","rep04","kappa_mean",4000,118.546999999788,3473.38914947458,29.2996798694256,NA,"NA: current manifest has one chain only; rerun multiple chains for formal R-hat"
"S4D","rep05","beta0",4000,119.768999999855,3335.10154714897,27.8461166675268,NA,"NA: current manifest has one chain only; rerun multiple chains for formal R-hat"
"S4D","rep05","beta1",4000,119.768999999855,1516.76908498755,12.6641208074659,NA,"NA: current manifest has one chain only; rerun multiple chains for formal R-hat"
"S4D","rep05","beta2",4000,119.768999999855,1799.12954333776,15.0216628955735,NA,"NA: current manifest has one chain only; rerun multiple chains for formal R-hat"
"S4D","rep05","r_mean",4000,119.768999999855,2278.51459360398,19.0242432817068,NA,"NA: current manifest has one chain only; rerun multiple chains for formal R-hat"
"S4D","rep05","phi_mean",4000,119.768999999855,3933.47833414284,32.8422073670784,NA,"NA: current manifest has one chain only; rerun multiple chains for formal R-hat"
"S4D","rep05","loglik",4000,119.768999999855,3868.4601953857,32.2993445331462,NA,"NA: current manifest has one chain only; rerun multiple chains for formal R-hat"
"S4D","rep05","gamma_common",4000,119.768999999855,NA,NA,NA,"NA: current manifest has one chain only; rerun multiple chains for formal R-hat"
"S4D","rep05","lambda_mean",4000,119.768999999855,3395.28628609827,28.348623484394,NA,"NA: current manifest has one chain only; rerun multiple chains for formal R-hat"
"S4D","rep05","kappa_mean",4000,119.768999999855,3253.97776459506,27.168781275614,NA,"NA: current manifest has one chain only; rerun multiple chains for formal R-hat"
"S4D","rep06","beta0",4000,117.304000000004,3182.31030609931,27.1287450223284,NA,"NA: current manifest has one chain only; rerun multiple chains for formal R-hat"
"S4D","rep06","beta1",4000,117.304000000004,1027.39847814221,8.75842663627992,NA,"NA: current manifest has one chain only; rerun multiple chains for formal R-hat"
"S4D","rep06","beta2",4000,117.304000000004,1667.63301498599,14.2163354615864,NA,"NA: current manifest has one chain only; rerun multiple chains for formal R-hat"
"S4D","rep06","r_mean",4000,117.304000000004,2682.92334792814,22.8715418734915,NA,"NA: current manifest has one chain only; rerun multiple chains for formal R-hat"
"S4D","rep06","phi_mean",4000,117.304000000004,3806.86723900507,32.4530044926426,NA,"NA: current manifest has one chain only; rerun multiple chains for formal R-hat"
"S4D","rep06","loglik",4000,117.304000000004,3835.08675024585,32.6935718325524,NA,"NA: current manifest has one chain only; rerun multiple chains for formal R-hat"
"S4D","rep06","gamma_common",4000,117.304000000004,NA,NA,NA,"NA: current manifest has one chain only; rerun multiple chains for formal R-hat"
"S4D","rep06","lambda_mean",4000,117.304000000004,3385.43072523321,28.8603178513358,NA,"NA: current manifest has one chain only; rerun multiple chains for formal R-hat"
"S4D","rep06","kappa_mean",4000,117.304000000004,3269.58030227031,27.8727093898776,NA,"NA: current manifest has one chain only; rerun multiple chains for formal R-hat"
"S4D","rep07","beta0",4000,119.229999999981,3857.8663699218,32.3565073381062,NA,"NA: current manifest has one chain only; rerun multiple chains for formal R-hat"
"S4D","rep07","beta1",4000,119.229999999981,1467.47148065683,12.3079047274768,NA,"NA: current manifest has one chain only; rerun multiple chains for formal R-hat"
"S4D","rep07","beta2",4000,119.229999999981,1619.16916435948,13.5802160895726,NA,"NA: current manifest has one chain only; rerun multiple chains for formal R-hat"
"S4D","rep07","r_mean",4000,119.229999999981,2601.31884793341,21.8176536772105,NA,"NA: current manifest has one chain only; rerun multiple chains for formal R-hat"
"S4D","rep07","phi_mean",4000,119.229999999981,3808.0429235988,31.9386305761922,NA,"NA: current manifest has one chain only; rerun multiple chains for formal R-hat"
"S4D","rep07","loglik",4000,119.229999999981,3603.48710811878,30.2229900873886,NA,"NA: current manifest has one chain only; rerun multiple chains for formal R-hat"
"S4D","rep07","gamma_common",4000,119.229999999981,NA,NA,NA,"NA: current manifest has one chain only; rerun multiple chains for formal R-hat"
"S4D","rep07","lambda_mean",4000,119.229999999981,3957.82166265626,33.194847460009,NA,"NA: current manifest has one chain only; rerun multiple chains for formal R-hat"
"S4D","rep07","kappa_mean",4000,119.229999999981,3558.65442044435,29.84697157129,NA,"NA: current manifest has one chain only; rerun multiple chains for formal R-hat"
"S4D","rep08","beta0",4000,119.296000000089,3411.9095143374,28.600368112383,NA,"NA: current manifest has one chain only; rerun multiple chains for formal R-hat"
"S4D","rep08","beta1",4000,119.296000000089,1591.2606584895,13.3387595433904,NA,"NA: current manifest has one chain only; rerun multiple chains for formal R-hat"
"S4D","rep08","beta2",4000,119.296000000089,1485.15516874076,12.4493291371014,NA,"NA: current manifest has one chain only; rerun multiple chains for formal R-hat"
"S4D","rep08","r_mean",4000,119.296000000089,2730.17215935055,22.8856974194315,NA,"NA: current manifest has one chain only; rerun multiple chains for formal R-hat"
"S4D","rep08","phi_mean",4000,119.296000000089,3855.21982933215,32.3164215843721,NA,"NA: current manifest has one chain only; rerun multiple chains for formal R-hat"
"S4D","rep08","loglik",4000,119.296000000089,4000,33.5300429184298,NA,"NA: current manifest has one chain only; rerun multiple chains for formal R-hat"
"S4D","rep08","gamma_common",4000,119.296000000089,NA,NA,NA,"NA: current manifest has one chain only; rerun multiple chains for formal R-hat"
"S4D","rep08","lambda_mean",4000,119.296000000089,3474.58046482587,29.1257080272873,NA,"NA: current manifest has one chain only; rerun multiple chains for formal R-hat"
"S4D","rep08","kappa_mean",4000,119.296000000089,3339.6790226044,27.9948952404263,NA,"NA: current manifest has one chain only; rerun multiple chains for formal R-hat"
"S4D","rep09","beta0",4000,118.06100000022,3505.868414038,29.695398260488,NA,"NA: current manifest has one chain only; rerun multiple chains for formal R-hat"
"S4D","rep09","beta1",4000,118.06100000022,1564.81660987419,13.2543059085665,NA,"NA: current manifest has one chain only; rerun multiple chains for formal R-hat"
"S4D","rep09","beta2",4000,118.06100000022,1548.06839573205,13.1124452251732,NA,"NA: current manifest has one chain only; rerun multiple chains for formal R-hat"
"S4D","rep09","r_mean",4000,118.06100000022,2719.12425032005,23.0315197255232,NA,"NA: current manifest has one chain only; rerun multiple chains for formal R-hat"
"S4D","rep09","phi_mean",4000,118.06100000022,3938.84991404284,33.3628371268709,NA,"NA: current manifest has one chain only; rerun multiple chains for formal R-hat"
"S4D","rep09","loglik",4000,118.06100000022,4000,33.8807904387779,NA,"NA: current manifest has one chain only; rerun multiple chains for formal R-hat"
"S4D","rep09","gamma_common",4000,118.06100000022,NA,NA,NA,"NA: current manifest has one chain only; rerun multiple chains for formal R-hat"
"S4D","rep09","lambda_mean",4000,118.06100000022,3542.12337968494,30.0024849838503,NA,"NA: current manifest has one chain only; rerun multiple chains for formal R-hat"
"S4D","rep09","kappa_mean",4000,118.06100000022,3701.89895154341,31.3558156506934,NA,"NA: current manifest has one chain only; rerun multiple chains for formal R-hat"
"S4D","rep10","beta0",4000,118.021999999881,3528.26090823217,29.8949425381347,NA,"NA: current manifest has one chain only; rerun multiple chains for formal R-hat"
"S4D","rep10","beta1",4000,118.021999999881,1286.90390770438,10.9039323829937,NA,"NA: current manifest has one chain only; rerun multiple chains for formal R-hat"
"S4D","rep10","beta2",4000,118.021999999881,1832.11659326596,15.52351759221,NA,"NA: current manifest has one chain only; rerun multiple chains for formal R-hat"
"S4D","rep10","r_mean",4000,118.021999999881,2962.03167302724,25.0972841760878,NA,"NA: current manifest has one chain only; rerun multiple chains for formal R-hat"
"S4D","rep10","phi_mean",4000,118.021999999881,3938.14582026038,33.3678959877341,NA,"NA: current manifest has one chain only; rerun multiple chains for formal R-hat"
"S4D","rep10","loglik",4000,118.021999999881,3782.47915693131,32.0489328848446,NA,"NA: current manifest has one chain only; rerun multiple chains for formal R-hat"
"S4D","rep10","gamma_common",4000,118.021999999881,NA,NA,NA,"NA: current manifest has one chain only; rerun multiple chains for formal R-hat"
"S4D","rep10","lambda_mean",4000,118.021999999881,3010.33356871797,25.5065459721154,NA,"NA: current manifest has one chain only; rerun multiple chains for formal R-hat"
"S4D","rep10","kappa_mean",4000,118.021999999881,3454.57806792691,29.2706280856993,NA,"NA: current manifest has one chain only; rerun multiple chains for formal R-hat"
"S4E","rep01","beta0",1000,34.9300000000221,917.679449330617,26.271956751504,NA,"NA: current manifest has one chain only; rerun multiple chains for formal R-hat"
"S4E","rep01","beta1",1000,34.9300000000221,301.907498956128,8.64321497154127,NA,"NA: current manifest has one chain only; rerun multiple chains for formal R-hat"
"S4E","rep01","beta2",1000,34.9300000000221,231.776904209053,6.63546819951061,NA,"NA: current manifest has one chain only; rerun multiple chains for formal R-hat"
"S4E","rep01","r_mean",1000,34.9300000000221,624.103498282528,17.8672630484435,NA,"NA: current manifest has one chain only; rerun multiple chains for formal R-hat"
"S4E","rep01","phi_mean",1000,34.9300000000221,913.260606470426,26.1454510870269,NA,"NA: current manifest has one chain only; rerun multiple chains for formal R-hat"
"S4E","rep01","loglik",1000,34.9300000000221,682.066696235347,19.5266732389039,NA,"NA: current manifest has one chain only; rerun multiple chains for formal R-hat"
"S4E","rep01","gamma_common",1000,34.9300000000221,NA,NA,NA,"NA: current manifest has one chain only; rerun multiple chains for formal R-hat"
"S4E","rep01","lambda_mean",1000,34.9300000000221,550.932339046562,15.7724689105701,NA,"NA: current manifest has one chain only; rerun multiple chains for formal R-hat"
"S4E","rep01","kappa_mean",1000,34.9300000000221,943.712546179964,27.0172501053354,NA,"NA: current manifest has one chain only; rerun multiple chains for formal R-hat"
"S4E","rep02","beta0",4000,228.198999999993,3550.3293559298,15.5580408149462,NA,"NA: current manifest has one chain only; rerun multiple chains for formal R-hat"
"S4E","rep02","beta1",4000,228.198999999993,1623.5728878718,7.11472393775542,NA,"NA: current manifest has one chain only; rerun multiple chains for formal R-hat"
"S4E","rep02","beta2",4000,228.198999999993,914.68562016491,4.00828058039227,NA,"NA: current manifest has one chain only; rerun multiple chains for formal R-hat"
"S4E","rep02","r_mean",4000,228.198999999993,2374.28297514526,10.4044407519109,NA,"NA: current manifest has one chain only; rerun multiple chains for formal R-hat"
"S4E","rep02","phi_mean",4000,228.198999999993,4000,17.5285605984256,NA,"NA: current manifest has one chain only; rerun multiple chains for formal R-hat"
"S4E","rep02","loglik",4000,228.198999999993,3494.43237688865,15.3130924188483,NA,"NA: current manifest has one chain only; rerun multiple chains for formal R-hat"
"S4E","rep02","gamma_common",4000,228.198999999993,NA,NA,NA,"NA: current manifest has one chain only; rerun multiple chains for formal R-hat"
"S4E","rep02","lambda_mean",4000,228.198999999993,685.06418242526,3.00204725886301,NA,"NA: current manifest has one chain only; rerun multiple chains for formal R-hat"
"S4E","rep02","kappa_mean",4000,228.198999999993,3603.07365258923,15.7891737150002,NA,"NA: current manifest has one chain only; rerun multiple chains for formal R-hat"
"S4E","rep03","beta0",4000,228.804999999993,3691.96392517061,16.1358533474825,NA,"NA: current manifest has one chain only; rerun multiple chains for formal R-hat"
"S4E","rep03","beta1",4000,228.804999999993,1581.00000363237,6.90981404965985,NA,"NA: current manifest has one chain only; rerun multiple chains for formal R-hat"
"S4E","rep03","beta2",4000,228.804999999993,510.36019720217,2.23054652303134,NA,"NA: current manifest has one chain only; rerun multiple chains for formal R-hat"
"S4E","rep03","r_mean",4000,228.804999999993,2694.21416196144,11.7751542228602,NA,"NA: current manifest has one chain only; rerun multiple chains for formal R-hat"
"S4E","rep03","phi_mean",4000,228.804999999993,4000,17.4821354428449,NA,"NA: current manifest has one chain only; rerun multiple chains for formal R-hat"
"S4E","rep03","loglik",4000,228.804999999993,3914.71993134399,17.10941601514,NA,"NA: current manifest has one chain only; rerun multiple chains for formal R-hat"
"S4E","rep03","gamma_common",4000,228.804999999993,NA,NA,NA,"NA: current manifest has one chain only; rerun multiple chains for formal R-hat"
"S4E","rep03","lambda_mean",4000,228.804999999993,1104.74070545207,4.82830666048426,NA,"NA: current manifest has one chain only; rerun multiple chains for formal R-hat"
"S4E","rep03","kappa_mean",4000,228.804999999993,3711.19772129127,16.2199153046978,NA,"NA: current manifest has one chain only; rerun multiple chains for formal R-hat"
"S4E","rep04","beta0",4000,224.285000000003,3612.15508875068,16.1052013676823,NA,"NA: current manifest has one chain only; rerun multiple chains for formal R-hat"
"S4E","rep04","beta1",4000,224.285000000003,1542.86258047525,6.87902704360624,NA,"NA: current manifest has one chain only; rerun multiple chains for formal R-hat"
"S4E","rep04","beta2",4000,224.285000000003,1357.52928179905,6.05269760259952,NA,"NA: current manifest has one chain only; rerun multiple chains for formal R-hat"
"S4E","rep04","r_mean",4000,224.285000000003,2550.94352145598,11.3736697570321,NA,"NA: current manifest has one chain only; rerun multiple chains for formal R-hat"
"S4E","rep04","phi_mean",4000,224.285000000003,4000,17.8344517020752,NA,"NA: current manifest has one chain only; rerun multiple chains for formal R-hat"
"S4E","rep04","loglik",4000,224.285000000003,3916.01239470824,17.459983479538,NA,"NA: current manifest has one chain only; rerun multiple chains for formal R-hat"
"S4E","rep04","gamma_common",4000,224.285000000003,NA,NA,NA,"NA: current manifest has one chain only; rerun multiple chains for formal R-hat"
"S4E","rep04","lambda_mean",4000,224.285000000003,3151.46855352651,14.0511784271194,NA,"NA: current manifest has one chain only; rerun multiple chains for formal R-hat"
"S4E","rep04","kappa_mean",4000,224.285000000003,3710.39892395974,16.543232601198,NA,"NA: current manifest has one chain only; rerun multiple chains for formal R-hat"
"S4E","rep05","beta0",4000,223.673999999999,3677.09002215764,16.4395058082641,NA,"NA: current manifest has one chain only; rerun multiple chains for formal R-hat"
"S4E","rep05","beta1",4000,223.673999999999,1604.48099854786,7.17330131596816,NA,"NA: current manifest has one chain only; rerun multiple chains for formal R-hat"
"S4E","rep05","beta2",4000,223.673999999999,997.066471658012,4.45767711785016,NA,"NA: current manifest has one chain only; rerun multiple chains for formal R-hat"
"S4E","rep05","r_mean",4000,223.673999999999,2598.84651805982,11.6189030377238,NA,"NA: current manifest has one chain only; rerun multiple chains for formal R-hat"
"S4E","rep05","phi_mean",4000,223.673999999999,4000,17.8831692552555,NA,"NA: current manifest has one chain only; rerun multiple chains for formal R-hat"
"S4E","rep05","loglik",4000,223.673999999999,4000,17.8831692552555,NA,"NA: current manifest has one chain only; rerun multiple chains for formal R-hat"
"S4E","rep05","gamma_common",4000,223.673999999999,NA,NA,NA,"NA: current manifest has one chain only; rerun multiple chains for formal R-hat"
"S4E","rep05","lambda_mean",4000,223.673999999999,1092.08388594265,4.88248024331237,NA,"NA: current manifest has one chain only; rerun multiple chains for formal R-hat"
"S4E","rep05","kappa_mean",4000,223.673999999999,3704.73396301772,16.5630961265848,NA,"NA: current manifest has one chain only; rerun multiple chains for formal R-hat"
"S4E","rep06","beta0",4000,223.567999999999,3824.41659552642,17.1062790539184,NA,"NA: current manifest has one chain only; rerun multiple chains for formal R-hat"
"S4E","rep06","beta1",4000,223.567999999999,1703.13198206172,7.6179595562054,NA,"NA: current manifest has one chain only; rerun multiple chains for formal R-hat"
"S4E","rep06","beta2",4000,223.567999999999,1053.85111170278,4.71378333081111,NA,"NA: current manifest has one chain only; rerun multiple chains for formal R-hat"
"S4E","rep06","r_mean",4000,223.567999999999,2275.59405951619,10.1785320775612,NA,"NA: current manifest has one chain only; rerun multiple chains for formal R-hat"
"S4E","rep06","phi_mean",4000,223.567999999999,4000,17.8916481786303,NA,"NA: current manifest has one chain only; rerun multiple chains for formal R-hat"
"S4E","rep06","loglik",4000,223.567999999999,3804.61020948326,17.0176868312248,NA,"NA: current manifest has one chain only; rerun multiple chains for formal R-hat"
"S4E","rep06","gamma_common",4000,223.567999999999,NA,NA,NA,"NA: current manifest has one chain only; rerun multiple chains for formal R-hat"
"S4E","rep06","lambda_mean",4000,223.567999999999,1284.89044077788,5.74720192862075,NA,"NA: current manifest has one chain only; rerun multiple chains for formal R-hat"
"S4E","rep06","kappa_mean",4000,223.567999999999,3625.98727337417,16.2187221488504,NA,"NA: current manifest has one chain only; rerun multiple chains for formal R-hat"
"S4E","rep07","beta0",4000,224.654999999999,3612.42148901133,16.079862406852,NA,"NA: current manifest has one chain only; rerun multiple chains for formal R-hat"
"S4E","rep07","beta1",4000,224.654999999999,1324.1976323013,5.89436083016762,NA,"NA: current manifest has one chain only; rerun multiple chains for formal R-hat"
"S4E","rep07","beta2",4000,224.654999999999,829.10789592093,3.69058287561343,NA,"NA: current manifest has one chain only; rerun multiple chains for formal R-hat"
"S4E","rep07","r_mean",4000,224.654999999999,2858.7493377762,12.7250643777179,NA,"NA: current manifest has one chain only; rerun multiple chains for formal R-hat"
"S4E","rep07","phi_mean",4000,224.654999999999,3450.36855789627,15.3585211007825,NA,"NA: current manifest has one chain only; rerun multiple chains for formal R-hat"
"S4E","rep07","loglik",4000,224.654999999999,3743.94455813213,16.6653070625276,NA,"NA: current manifest has one chain only; rerun multiple chains for formal R-hat"
"S4E","rep07","gamma_common",4000,224.654999999999,NA,NA,NA,"NA: current manifest has one chain only; rerun multiple chains for formal R-hat"
"S4E","rep07","lambda_mean",4000,224.654999999999,1655.1302597319,7.36743121556124,NA,"NA: current manifest has one chain only; rerun multiple chains for formal R-hat"
"S4E","rep07","kappa_mean",4000,224.654999999999,3745.9332741756,16.674159374043,NA,"NA: current manifest has one chain only; rerun multiple chains for formal R-hat"
"S4E","rep08","beta0",4000,226.119999999995,3859.3066734986,17.0675158035498,NA,"NA: current manifest has one chain only; rerun multiple chains for formal R-hat"
"S4E","rep08","beta1",4000,226.119999999995,1572.34218713219,6.95357415147807,NA,"NA: current manifest has one chain only; rerun multiple chains for formal R-hat"
"S4E","rep08","beta2",4000,226.119999999995,1113.2028606108,4.92306235897232,NA,"NA: current manifest has one chain only; rerun multiple chains for formal R-hat"
"S4E","rep08","r_mean",4000,226.119999999995,2579.45008951867,11.4074389241054,NA,"NA: current manifest has one chain only; rerun multiple chains for formal R-hat"
"S4E","rep08","phi_mean",4000,226.119999999995,4000,17.6897222713607,NA,"NA: current manifest has one chain only; rerun multiple chains for formal R-hat"
"S4E","rep08","loglik",4000,226.119999999995,3664.62663676085,16.2065568581325,NA,"NA: current manifest has one chain only; rerun multiple chains for formal R-hat"
"S4E","rep08","gamma_common",4000,226.119999999995,NA,NA,NA,"NA: current manifest has one chain only; rerun multiple chains for formal R-hat"
"S4E","rep08","lambda_mean",4000,226.119999999995,2715.88933790595,12.0108320268265,NA,"NA: current manifest has one chain only; rerun multiple chains for formal R-hat"
"S4E","rep08","kappa_mean",4000,226.119999999995,3708.87791069343,16.4022550446378,NA,"NA: current manifest has one chain only; rerun multiple chains for formal R-hat"
"S4E","rep09","beta0",4000,226.989000000001,3374.33852118997,14.8656477679093,NA,"NA: current manifest has one chain only; rerun multiple chains for formal R-hat"
"S4E","rep09","beta1",4000,226.989000000001,1514.99596298349,6.67431445128829,NA,"NA: current manifest has one chain only; rerun multiple chains for formal R-hat"
"S4E","rep09","beta2",4000,226.989000000001,896.126473775838,3.94788502427797,NA,"NA: current manifest has one chain only; rerun multiple chains for formal R-hat"
"S4E","rep09","r_mean",4000,226.989000000001,2357.31635389619,10.3851567868759,NA,"NA: current manifest has one chain only; rerun multiple chains for formal R-hat"
"S4E","rep09","phi_mean",4000,226.989000000001,4000,17.6219993039309,NA,"NA: current manifest has one chain only; rerun multiple chains for formal R-hat"
"S4E","rep09","loglik",4000,226.989000000001,4000,17.6219993039309,NA,"NA: current manifest has one chain only; rerun multiple chains for formal R-hat"
"S4E","rep09","gamma_common",4000,226.989000000001,NA,NA,NA,"NA: current manifest has one chain only; rerun multiple chains for formal R-hat"
"S4E","rep09","lambda_mean",4000,226.989000000001,1084.12696044187,4.77612113556985,NA,"NA: current manifest has one chain only; rerun multiple chains for formal R-hat"
"S4E","rep09","kappa_mean",4000,226.989000000001,3344.57547541962,14.7345266749472,NA,"NA: current manifest has one chain only; rerun multiple chains for formal R-hat"
"S4E","rep10","beta0",4000,229.281000000017,3606.11838309781,15.7279424945702,NA,"NA: current manifest has one chain only; rerun multiple chains for formal R-hat"
"S4E","rep10","beta1",4000,229.281000000017,1498.84112382311,6.53713619455164,NA,"NA: current manifest has one chain only; rerun multiple chains for formal R-hat"
"S4E","rep10","beta2",4000,229.281000000017,783.565056034884,3.41748795597902,NA,"NA: current manifest has one chain only; rerun multiple chains for formal R-hat"
"S4E","rep10","r_mean",4000,229.281000000017,2800.52644582206,12.2143851685131,NA,"NA: current manifest has one chain only; rerun multiple chains for formal R-hat"
"S4E","rep10","phi_mean",4000,229.281000000017,4000,17.4458415655885,NA,"NA: current manifest has one chain only; rerun multiple chains for formal R-hat"
"S4E","rep10","loglik",4000,229.281000000017,3849.34417628067,16.7887621577033,NA,"NA: current manifest has one chain only; rerun multiple chains for formal R-hat"
"S4E","rep10","gamma_common",4000,229.281000000017,NA,NA,NA,"NA: current manifest has one chain only; rerun multiple chains for formal R-hat"
"S4E","rep10","lambda_mean",4000,229.281000000017,1376.79227151277,6.00482495938464,NA,"NA: current manifest has one chain only; rerun multiple chains for formal R-hat"
"S4E","rep10","kappa_mean",4000,229.281000000017,3702.39656363092,16.1478559655211,NA,"NA: current manifest has one chain only; rerun multiple chains for formal R-hat"
